date,coverage_points,coverage_percent,mean_precip,max_precip,min_precip,mean_anomaly,max_anomaly,centroid_lat,centroid_lon,month,year,day_of_year,saison
1996-11-08,451,80.53571428571429,1.3566937,8.068958,0.11291899,6.681279,12.353011,14.443736,-13.836197,11,1996,313,Saison_seche
2012-09-28,438,78.21428571428571,22.287453,44.270004,7.061185,3.7487552,7.659171,14.587329,-13.922375,9,2012,272,Saison_des_pluies
2000-10-16,389,69.46428571428571,11.518818,30.677008,1.1293337,5.7408657,16.12916,14.69955,-13.945694,10,2000,290,Saison_des_pluies
2018-06-27,381,68.03571428571429,19.868975,37.518517,1.5909121,4.613699,9.727994,14.840879,-13.7162075,6,2018,178,Saison_des_pluies
2022-10-24,375,66.96428571428571,13.571094,56.44857,0.94794214,5.5208907,11.530819,14.176333,-13.992333,10,2022,297,Saison_des_pluies
2022-05-27,365,65.17857142857143,12.065409,37.519184,0.3244153,8.462981,21.097702,14.242808,-13.709247,5,2022,147,Saison_des_pluies
2022-06-15,358,63.92857142857142,19.80416,46.85489,0.51116234,4.78463,10.029917,14.400838,-13.4685755,6,2022,166,Saison_des_pluies
1985-06-27,342,61.07142857142858,18.741089,49.886375,1.7486516,3.1827857,5.897697,14.3340645,-13.98538,6,1985,178,Saison_des_pluies
1992-06-08,338,60.357142857142854,14.660673,42.378296,0.38204148,4.1375017,10.676261,14.331361,-14.076923,6,1992,160,Saison_des_pluies
2021-08-18,332,59.285714285714285,35.61098,79.540535,13.088484,3.296439,5.9463525,14.6920185,-13.356928,8,2021,230,Saison_des_pluies
2022-07-24,331,59.10714285714286,23.131388,49.026886,8.245116,3.0070117,5.954682,14.939199,-13.814577,7,2022,205,Saison_des_pluies
2002-10-10,326,58.214285714285715,13.880491,32.91363,2.1813276,5.358932,14.829535,14.976994,-14.095859,10,2002,283,Saison_des_pluies
2010-07-20,324,57.85714285714286,21.89506,48.518852,5.096909,2.729395,4.567628,14.662808,-13.766975,7,2010,201,Saison_des_pluies
1995-06-23,323,57.67857142857142,16.874369,34.521706,2.1058855,4.916383,10.483073,14.803793,-14.354102,6,1995,174,Saison_des_pluies
2005-05-24,322,57.49999999999999,2.2759058,13.062183,0.0110809775,4.8767056,14.913387,14.792702,-14.048137,5,2005,144,Saison_des_pluies
1984-09-30,322,57.49999999999999,28.019907,66.69143,8.665277,5.3985643,8.8545885,14.530279,-13.312112,9,1984,274,Saison_des_pluies
1981-08-01,319,56.96428571428571,51.089993,129.42462,10.472952,5.742169,11.963218,14.469828,-13.783307,8,1981,213,Saison_des_pluies
2003-07-07,319,56.96428571428571,27.001448,56.311543,8.271099,3.4781191,6.528886,13.976097,-13.693182,7,2003,188,Saison_des_pluies
1999-10-09,317,56.607142857142854,15.668975,61.330322,2.7069602,4.8789473,10.857384,14.719637,-14.623423,10,1999,282,Saison_des_pluies
2021-09-19,315,56.25,26.496367,93.10952,7.7614856,3.100424,7.6958623,14.548809,-13.125793,9,2021,262,Saison_des_pluies
2019-08-29,308,55.00000000000001,37.975464,101.74882,12.096396,3.7657392,9.227556,14.769481,-13.523539,8,2019,241,Saison_des_pluies
2009-07-05,306,54.64285714285714,18.275524,38.50325,3.4096625,2.807734,5.13094,14.674836,-14.119281,7,2009,186,Saison_des_pluies
2005-09-27,305,54.46428571428571,27.008293,76.16307,8.103146,4.2375193,8.218591,14.645492,-13.839754,9,2005,270,Saison_des_pluies
2011-08-17,301,53.75,35.758255,70.66228,12.374177,3.6451273,6.7918153,14.899917,-13.631644,8,2011,229,Saison_des_pluies
2018-07-19,297,53.035714285714285,28.475067,80.501114,7.5383234,3.4054723,6.8097467,14.457492,-14.164562,7,2018,200,Saison_des_pluies
2006-06-14,292,52.142857142857146,11.224156,24.526428,0.85850424,4.4532213,14.062131,14.789384,-14.036815,6,2006,165,Saison_des_pluies
2003-10-21,289,51.60714285714286,6.999756,22.920393,0.93239045,4.55604,9.843859,15.048011,-13.38019,10,2003,294,Saison_des_pluies
1997-06-09,287,51.24999999999999,9.27773,38.632065,0.4791096,5.8865066,20.677254,15.110191,-14.451655,6,1997,160,Saison_des_pluies
2003-05-22,285,50.89285714285714,4.1003885,17.84243,0.03059823,4.483519,15.091242,14.196053,-13.7995615,5,2003,142,Saison_des_pluies
1994-10-22,285,50.89285714285714,12.915218,50.453575,1.0162282,4.6927257,10.395581,14.194298,-13.221491,10,1994,295,Saison_des_pluies
1998-09-11,283,50.535714285714285,32.327007,75.89815,10.961411,4.1045914,11.61328,14.867049,-13.607332,9,1998,254,Saison_des_pluies
1998-09-07,282,50.357142857142854,36.37332,67.44163,11.1552,3.8665926,7.53208,14.393617,-13.562057,9,1998,250,Saison_des_pluies
1999-07-07,275,49.107142857142854,22.230906,41.458603,6.258294,4.1728296,8.60855,14.976818,-14.519546,7,1999,188,Saison_des_pluies
1991-09-01,275,49.107142857142854,34.069233,62.01671,12.88259,2.8867028,4.827294,14.160455,-13.750455,9,1991,244,Saison_des_pluies
1996-06-04,274,48.92857142857142,18.20032,45.81689,0.5412258,4.4991856,8.819293,13.749087,-13.530109,6,1996,156,Saison_des_pluies
2021-09-16,273,48.75,25.536894,41.406593,11.889269,3.126027,5.3580337,14.86218,-14.667125,9,2021,259,Saison_des_pluies
2002-07-07,269,48.035714285714285,26.193222,50.70227,3.2452257,4.1058807,9.39593,14.526487,-14.276487,7,2002,188,Saison_des_pluies
2002-10-11,269,48.035714285714285,12.8173275,51.24341,1.9734511,3.1050887,6.6218657,14.4744425,-14.782992,10,2002,284,Saison_des_pluies
1986-09-13,268,47.85714285714286,28.581156,61.05845,10.743197,3.5116985,6.2840967,14.870336,-13.596082,9,1986,256,Saison_des_pluies
2023-07-03,267,47.67857142857143,16.093147,33.705288,3.9648087,3.2070599,7.1151485,15.235487,-13.73455,7,2023,184,Saison_des_pluies
2004-10-24,266,47.5,6.207751,17.6635,0.5487088,4.2256346,12.124624,14.74812,-13.277256,10,2004,298,Saison_des_pluies
2009-06-25,266,47.5,19.788952,37.963497,2.5090206,3.7769244,7.394492,14.384398,-12.881579,6,2009,176,Saison_des_pluies
2005-06-05,264,47.14285714285714,13.021153,36.430725,0.07122814,4.2014265,7.5251985,14.456439,-12.985795,6,2005,156,Saison_des_pluies
2008-07-20,260,46.42857142857143,26.761387,61.390038,9.157502,3.336492,5.206788,14.486539,-12.990385,7,2008,202,Saison_des_pluies
1989-06-13,259,46.25,11.958869,28.3643,1.0521221,5.222461,15.296375,15.010135,-14.002413,6,1989,164,Saison_des_pluies
2019-10-13,259,46.25,12.429482,32.73674,2.528121,3.0159967,5.5914783,13.949325,-14.097973,10,2019,286,Saison_des_pluies
2009-06-15,258,46.07142857142857,19.853895,49.653984,1.366264,6.2837653,17.89247,14.630814,-13.067829,6,2009,166,Saison_des_pluies
2014-05-21,258,46.07142857142857,8.674114,28.967836,0.03135149,6.2312965,12.825089,13.667636,-14.453488,5,2014,141,Saison_des_pluies
2005-06-28,258,46.07142857142857,14.648217,31.740156,4.467119,3.7625885,10.332042,15.055233,-14.718023,6,2005,179,Saison_des_pluies
2003-10-19,256,45.714285714285715,7.830328,30.208105,1.2397966,2.8590488,6.756822,14.28125,-13.411133,10,2003,292,Saison_des_pluies
1993-10-27,255,45.535714285714285,10.789317,52.565025,1.0533786,4.564995,9.138534,13.6965685,-13.945588,10,1993,300,Saison_des_pluies
1988-06-12,255,45.535714285714285,17.175999,50.552364,0.90326196,3.4494336,7.0575223,14.155392,-12.962255,6,1988,164,Saison_des_pluies
1999-10-19,254,45.357142857142854,5.3858304,14.733232,0.82625884,3.4204776,8.323706,15.320867,-14.041339,10,1999,292,Saison_des_pluies
2023-08-15,253,45.17857142857143,28.907812,69.47627,13.9149475,2.965727,5.325834,15.009387,-14.006423,8,2023,227,Saison_des_pluies
1997-10-31,252,45.0,3.7183847,14.93966,0.26848507,4.2440376,12.207721,14.717262,-13.865079,10,1997,304,Saison_des_pluies
2016-09-12,251,44.82142857142858,28.715643,62.37953,9.200656,3.2609324,6.4382834,14.846115,-14.125996,9,2016,256,Saison_des_pluies
1995-07-20,250,44.642857142857146,30.680212,75.29943,8.936795,4.978028,12.016003,15.272,-14.206,7,1995,201,Saison_des_pluies
1984-06-20,250,44.642857142857146,16.503965,42.171104,2.4364765,3.1833174,7.515404,14.088,-14.672,6,1984,172,Saison_des_pluies
2011-06-02,248,44.285714285714285,5.2992415,15.426452,0.41366798,5.3027844,25.285658,14.857862,-14.9838705,6,2011,153,Saison_des_pluies
1989-10-09,246,43.92857142857143,10.617489,25.317749,2.080542,3.4708962,7.123342,14.715447,-13.417683,10,1989,282,Saison_des_pluies
2018-09-06,245,43.75,35.47071,86.331795,11.556202,3.1210961,5.7980566,14.051531,-14.481122,9,2018,249,Saison_des_pluies
2023-07-11,243,43.392857142857146,17.558979,43.4536,4.9840727,2.7265012,4.869567,14.98714,-13.801954,7,2023,192,Saison_des_pluies
2005-10-24,241,43.03571428571429,13.536245,80.75924,0.74433607,4.4316034,10.163086,13.77749,-14.217323,10,2005,297,Saison_des_pluies
2015-10-23,241,43.03571428571429,9.641245,45.79308,0.61561507,4.623309,9.97574,14.496369,-14.508818,10,2015,296,Saison_des_pluies
2005-07-15,241,43.03571428571429,22.851719,55.864117,5.009181,2.9254744,6.048077,14.52749,-14.383299,7,2005,196,Saison_des_pluies
2002-08-10,240,42.857142857142854,28.06048,57.83956,10.729513,2.8772643,5.265186,14.694792,-14.364583,8,2002,222,Saison_des_pluies
2019-10-09,238,42.5,11.439589,20.594027,2.8437355,6.2378926,13.208189,15.421219,-13.22374,10,2019,282,Saison_des_pluies
1985-07-27,238,42.5,30.098764,62.447678,9.895366,3.5195076,6.8617134,14.7720585,-13.25105,7,1985,208,Saison_des_pluies
1997-06-08,236,42.142857142857146,13.293137,39.15893,0.7543852,3.8385007,8.547063,14.606992,-13.698093,6,1997,159,Saison_des_pluies
2021-08-08,235,41.964285714285715,41.24546,79.03445,17.104473,3.692189,6.4153285,14.115425,-13.242022,8,2021,220,Saison_des_pluies
2020-09-01,235,41.964285714285715,27.275732,64.19623,11.685775,2.9153388,5.693927,14.992022,-13.154787,9,2020,245,Saison_des_pluies
2006-06-02,234,41.785714285714285,12.828496,21.871513,0.9243464,4.6088147,14.37364,14.034188,-13.080129,6,2006,153,Saison_des_pluies
1986-07-10,234,41.785714285714285,24.272408,57.70492,8.211003,4.1650095,9.967926,14.958333,-14.82265,7,1986,191,Saison_des_pluies
2022-09-21,234,41.785714285714285,23.35193,47.479942,9.966016,3.427892,8.172653,15.215812,-13.655983,9,2022,264,Saison_des_pluies
1999-10-18,233,41.60714285714286,10.938889,48.043766,0.9383235,3.7309103,8.377312,14.613197,-14.657188,10,1999,291,Saison_des_pluies
1998-06-17,233,41.60714285714286,15.475609,34.524776,1.0048492,2.9893992,4.979936,13.958691,-13.967275,6,1998,168,Saison_des_pluies
1989-06-17,232,41.42857142857143,31.170843,85.59304,1.5482538,7.0709424,15.04425,14.314655,-14.074353,6,1989,168,Saison_des_pluies
2009-10-25,231,41.25,8.125922,19.748224,0.760411,4.049225,8.263426,14.008117,-13.421536,10,2009,298,Saison_des_pluies
1991-06-03,226,40.35714285714286,13.572784,31.078657,1.0000137,5.9327846,28.022453,14.54646,-12.637168,6,1991,154,Saison_des_pluies
1988-06-24,225,40.17857142857143,12.178135,25.903736,2.1092541,3.3245125,7.4696393,15.129444,-14.080556,6,1988,176,Saison_des_pluies
2004-07-31,225,40.17857142857143,40.313534,105.58898,13.936571,3.3773556,6.722406,13.759444,-13.319445,7,2004,213,Saison_des_pluies
1999-08-29,225,40.17857142857143,33.389553,68.40405,12.782764,3.3511937,5.949246,14.816112,-14.720555,8,1999,241,Saison_des_pluies
1987-09-17,224,40.0,45.42879,102.44486,10.298192,4.5798025,10.012664,13.666295,-13.098214,9,1987,260,Saison_des_pluies
1987-07-20,224,40.0,21.29913,40.798824,9.59749,3.1391628,5.719284,15.098214,-13.236608,7,1987,201,Saison_des_pluies
2017-07-29,224,40.0,26.779097,57.01066,11.53017,2.7121806,5.3680644,14.53125,-14.407366,7,2017,210,Saison_des_pluies
2010-08-18,223,39.82142857142857,32.700188,77.8258,15.174908,3.3984118,6.9298725,14.989349,-13.188901,8,2010,230,Saison_des_pluies
1997-05-10,220,39.285714285714285,8.5522375,57.477097,0.0056468123,7.664789,21.096458,13.801136,-13.225,5,1997,130,Saison_des_pluies
2011-06-01,220,39.285714285714285,6.1455398,16.449638,0.21597932,4.444371,13.915178,14.522727,-14.685227,6,2011,152,Saison_des_pluies
2017-06-27,220,39.285714285714285,19.460459,43.823135,3.9690351,5.5564466,9.347012,15.392045,-14.564773,6,2017,178,Saison_des_pluies
2020-07-30,219,39.107142857142854,32.533974,68.71237,10.409598,3.7669828,7.9946923,14.854452,-14.549658,7,2020,212,Saison_des_pluies
2022-06-09,218,38.92857142857143,8.542667,19.32464,0.30016872,5.2509584,13.902822,15.08945,-14.641055,6,2022,160,Saison_des_pluies
2014-06-02,218,38.92857142857143,16.321873,36.11966,2.0054896,5.0741844,13.062351,13.4942665,-14.071101,6,2014,153,Saison_des_pluies
1996-06-15,218,38.92857142857143,6.48332,24.903542,0.58569616,3.754777,8.4779005,15.604358,-14.184633,6,1996,167,Saison_des_pluies
1996-07-18,216,38.57142857142858,19.860996,35.75001,6.880061,3.0147197,4.956423,15.296296,-13.59838,7,1996,200,Saison_des_pluies
1994-10-24,215,38.392857142857146,7.5619674,31.076353,0.99220985,3.5985363,6.4631114,14.5180235,-14.547093,10,1994,297,Saison_des_pluies
1999-08-25,214,38.21428571428571,29.49289,61.694897,13.506453,2.942149,6.1909103,15.057243,-12.897196,8,1999,237,Saison_des_pluies
2007-08-02,213,38.035714285714285,34.910248,62.262028,13.567757,5.2066774,10.600347,15.587441,-14.339788,8,2007,214,Saison_des_pluies
2010-07-13,213,38.035714285714285,25.697222,48.96038,6.18821,4.983805,8.935208,15.5803995,-13.671948,7,2010,194,Saison_des_pluies
2002-08-13,213,38.035714285714285,26.962233,56.724167,10.636043,3.0373552,5.5376434,15.156691,-13.385564,8,2002,225,Saison_des_pluies
1994-08-12,212,37.857142857142854,26.817434,56.21211,12.603668,3.3944328,5.5077424,15.5271225,-13.87382,8,1994,224,Saison_des_pluies
2005-07-06,212,37.857142857142854,26.274595,46.45107,8.297496,2.9465458,4.681926,13.525944,-14.211085,7,2005,187,Saison_des_pluies
2020-09-06,211,37.67857142857143,35.5568,56.510033,10.849963,4.3015194,7.953553,14.968602,-14.886848,9,2020,250,Saison_des_pluies
2013-07-21,211,37.67857142857143,19.93558,53.89398,7.534895,3.1821249,5.830475,15.615521,-14.113152,7,2013,202,Saison_des_pluies
2000-10-18,210,37.5,8.244093,23.619759,1.170729,4.460952,8.919782,15.015476,-14.341666,10,2000,292,Saison_des_pluies
1981-10-15,210,37.5,13.115453,30.330772,1.8022778,3.55899,7.313591,14.035714,-14.366667,10,1981,288,Saison_des_pluies
2009-09-08,210,37.5,27.358099,57.791245,13.122982,3.5249743,6.3417215,15.078571,-13.082143,9,2009,251,Saison_des_pluies
2021-08-30,209,37.32142857142857,30.268358,63.14658,13.757354,2.3743145,3.331964,14.129785,-14.4491625,8,2021,242,Saison_des_pluies
2006-06-03,208,37.142857142857146,13.020323,28.772942,1.2908533,5.228033,11.051264,13.924279,-14.801682,6,2006,154,Saison_des_pluies
1997-06-18,208,37.142857142857146,9.722,24.123325,1.4969816,4.62932,10.626711,15.31851,-14.335337,6,1997,169,Saison_des_pluies
1988-07-28,208,37.142857142857146,32.832077,66.21385,12.807626,3.8247592,7.978065,14.680288,-14.460337,7,1988,210,Saison_des_pluies
2012-08-18,207,36.964285714285715,31.176178,53.567314,14.135831,3.764437,7.38653,15.547706,-13.952294,8,2012,231,Saison_des_pluies
1988-09-21,206,36.78571428571429,28.417171,69.99508,11.185058,4.52524,14.060601,15.441748,-13.288835,9,1988,265,Saison_des_pluies
2020-09-09,206,36.78571428571429,32.176167,54.400345,11.645613,4.437285,9.81574,15.0873785,-14.058252,9,2020,253,Saison_des_pluies
2000-10-14,206,36.78571428571429,14.967616,54.904613,1.9507633,4.229179,9.388509,14.150485,-13.932039,10,2000,288,Saison_des_pluies
2020-06-15,206,36.78571428571429,16.253658,40.404713,1.1133902,4.6629252,7.3686914,15.165049,-12.720874,6,2020,167,Saison_des_pluies
1999-10-27,206,36.78571428571429,6.8927083,26.405664,0.5673873,3.3705516,7.2095203,14.196602,-13.665049,10,1999,300,Saison_des_pluies
1987-09-30,206,36.78571428571429,15.987921,31.554642,5.2825146,3.1051114,6.181593,15.127427,-14.419903,9,1987,273,Saison_des_pluies
1981-08-31,206,36.78571428571429,34.939713,81.26645,11.748717,2.962623,5.871769,14.23665,-13.451456,8,1981,243,Saison_des_pluies
2002-10-09,205,36.607142857142854,10.417589,23.800165,1.7116342,5.496772,14.54331,15.607926,-14.368902,10,2002,282,Saison_des_pluies
2021-06-26,205,36.607142857142854,16.52828,33.989017,3.33797,4.5278654,9.120937,14.920122,-15.161586,6,2021,177,Saison_des_pluies
2018-09-18,205,36.607142857142854,25.125805,45.556873,9.140563,3.4694166,5.7878675,15.277439,-14.168902,9,2018,261,Saison_des_pluies
1981-07-30,205,36.607142857142854,27.060354,57.180325,12.105063,3.080978,5.466739,14.775,-14.582317,7,1981,211,Saison_des_pluies
2019-10-25,204,36.42857142857142,6.448668,14.817036,1.1559312,6.679866,14.642497,15.015931,-13.221814,10,2019,298,Saison_des_pluies
2005-09-26,204,36.42857142857142,36.37932,79.86,9.705179,4.306049,8.36392,13.625,-12.932598,9,2005,269,Saison_des_pluies
2016-07-21,204,36.42857142857142,24.419746,68.08245,7.933411,3.2947626,5.777882,15.132353,-14.886029,7,2016,203,Saison_des_pluies
2022-10-08,203,36.25,15.728732,44.31986,2.7521544,3.7060676,6.9464464,14.325739,-14.920567,10,2022,281,Saison_des_pluies
2003-06-28,202,36.07142857142857,14.940241,36.05644,1.3844638,3.4187555,10.802878,14.941832,-13.983911,6,2003,179,Saison_des_pluies
2016-08-20,202,36.07142857142857,42.340584,93.80754,13.578748,2.9613206,4.720871,13.747525,-13.970297,8,2016,233,Saison_des_pluies
1984-10-04,201,35.892857142857146,29.03182,114.91692,5.343456,5.3733816,14.042882,13.896144,-12.6324625,10,1984,278,Saison_des_pluies
2010-09-11,201,35.892857142857146,34.803463,74.779976,15.286421,3.0090601,6.1807475,13.561567,-14.633706,9,2010,254,Saison_des_pluies
2020-09-21,201,35.892857142857146,28.163778,56.406216,10.794738,3.4272287,5.9059243,14.341418,-12.452114,9,2020,265,Saison_des_pluies
2016-09-28,200,35.714285714285715,22.342485,47.68537,7.540619,3.988896,7.672991,14.92,-14.7675,9,2016,272,Saison_des_pluies
2012-09-29,200,35.714285714285715,28.281094,58.91077,7.811525,4.0499387,6.9008527,13.74625,-13.095,9,2012,273,Saison_des_pluies
2003-10-22,199,35.535714285714285,5.0070205,17.870491,0.9962576,3.9157422,8.409416,15.231784,-13.956658,10,2003,295,Saison_des_pluies
1988-08-27,199,35.535714285714285,38.658413,72.3784,14.170737,3.9925673,8.291209,14.716708,-14.797111,8,1988,240,Saison_des_pluies
2019-10-07,199,35.535714285714285,17.779196,30.399225,3.2269385,3.6577446,8.052408,13.763191,-12.941583,10,2019,280,Saison_des_pluies
1999-07-01,199,35.535714285714285,18.85669,39.966095,5.949917,3.6094947,7.83152,15.037061,-13.106155,7,1999,182,Saison_des_pluies
1999-10-08,199,35.535714285714285,22.33608,64.98665,2.6201103,3.7112803,7.703049,13.295855,-13.80716,10,1999,281,Saison_des_pluies
1997-05-31,199,35.535714285714285,9.290675,25.545202,0.64715993,3.2833877,6.234497,14.143845,-13.158919,5,1997,151,Saison_des_pluies
2023-09-04,199,35.535714285714285,29.454897,48.210533,8.995562,2.644539,4.23448,14.172739,-12.913945,9,2023,247,Saison_des_pluies
1998-10-31,197,35.17857142857143,4.2169776,18.224024,0.5949445,5.44634,15.950825,14.788706,-14.644035,10,1998,304,Saison_des_pluies
1983-06-17,196,35.0,21.84956,47.5696,2.7576315,4.4407043,10.860152,13.83801,-13.011479,6,1983,168,Saison_des_pluies
2015-10-13,196,35.0,19.831057,53.42309,4.3763847,3.7867818,7.2073693,13.118623,-13.760204,10,2015,286,Saison_des_pluies
2020-06-08,196,35.0,8.820247,23.253817,0.39116508,3.1178296,7.154055,15.047194,-12.875,6,2020,160,Saison_des_pluies
1985-07-24,196,35.0,21.497429,47.282593,7.942969,2.8597612,4.8580084,15.132653,-12.936225,7,1985,205,Saison_des_pluies
2010-09-19,195,34.82142857142857,22.66348,58.971786,9.548886,2.7006142,4.8282943,14.973718,-14.551923,9,2010,262,Saison_des_pluies
2020-10-04,194,34.64285714285714,10.52597,21.329618,4.594966,3.1251743,6.908014,15.256443,-13.405928,10,2020,278,Saison_des_pluies
2020-07-17,194,34.64285714285714,31.25752,76.34829,10.419542,3.3746576,6.444784,13.859536,-13.902061,7,2020,199,Saison_des_pluies
1999-06-06,194,34.64285714285714,12.941056,26.255625,0.8150127,3.0059745,5.799538,13.814433,-13.824742,6,1999,157,Saison_des_pluies
2009-10-17,193,34.464285714285715,7.7954297,23.40087,1.7045145,4.4631486,9.424987,14.957902,-12.618524,10,2009,290,Saison_des_pluies
2021-10-30,193,34.464285714285715,6.668286,31.10869,0.3770712,3.8291008,7.588361,13.89702,-13.773964,10,2021,303,Saison_des_pluies
1989-08-24,193,34.464285714285715,36.244316,84.86627,13.93965,3.9657621,6.7740974,15.254534,-14.9501295,8,1989,236,Saison_des_pluies
2005-09-03,193,34.464285714285715,36.164963,59.04921,19.736126,2.7299585,4.4369445,13.482513,-14.051166,9,2005,246,Saison_des_pluies
2019-10-08,192,34.285714285714285,14.26682,42.537888,2.915737,3.559932,7.272014,14.425781,-13.438802,10,2019,281,Saison_des_pluies
2010-10-17,191,34.10714285714286,8.930434,39.752605,1.2908183,5.505137,13.190875,15.467932,-14.563481,10,2010,290,Saison_des_pluies
2006-09-02,191,34.10714285714286,26.821276,73.27029,11.535269,3.231805,6.7562037,15.549084,-14.487565,9,2006,245,Saison_des_pluies
2000-10-13,189,33.75,9.566157,26.47039,2.0567393,3.2305346,10.707635,14.549603,-14.140873,10,2000,287,Saison_des_pluies
1983-06-19,189,33.75,17.173042,38.064526,1.6986853,5.0843506,8.965149,15.032408,-12.916005,6,1983,170,Saison_des_pluies
1999-08-14,189,33.75,28.061726,69.60001,12.207554,2.9564738,5.484037,15.058863,-14.175264,8,1999,226,Saison_des_pluies
1985-07-19,188,33.57142857142857,19.319887,34.72104,9.442132,3.4107664,6.8554196,15.68218,-14.264627,7,1985,200,Saison_des_pluies
2022-10-09,188,33.57142857142857,12.983367,24.916014,2.4545329,3.219532,6.684769,14.0970745,-14.238032,10,2022,282,Saison_des_pluies
2017-06-28,188,33.57142857142857,15.031904,37.165905,2.740329,2.9099464,6.1907372,14.853724,-14.0970745,6,2017,179,Saison_des_pluies
1994-07-21,188,33.57142857142857,25.489206,51.11,9.920209,3.0946844,5.657279,14.4029255,-13.136968,7,1994,202,Saison_des_pluies
2020-09-19,188,33.57142857142857,26.699053,49.541195,11.609977,3.1741254,5.4718328,14.517287,-14.985373,9,2020,263,Saison_des_pluies
2002-09-08,188,33.57142857142857,24.146048,45.362743,11.016487,2.7705467,4.5102906,14.80984,-12.654255,9,2002,251,Saison_des_pluies
1993-09-22,187,33.39285714285714,26.051617,47.445972,10.353999,3.6699023,7.2517247,15.162434,-14.940508,9,1993,265,Saison_des_pluies
2009-10-18,186,33.214285714285715,6.381866,15.67481,1.1188836,4.0632424,10.662298,15.232527,-13.803763,10,2009,291,Saison_des_pluies
1984-09-20,186,33.214285714285715,25.893568,46.555065,11.2702675,3.4902718,8.090178,14.81586,-13.950269,9,1984,264,Saison_des_pluies
2002-07-06,185,33.035714285714285,24.232042,61.456757,4.0554013,4.719647,11.34164,15.064189,-14.610135,7,2002,187,Saison_des_pluies
2010-10-15,185,33.035714285714285,9.840829,27.669172,1.6371647,3.227033,5.8708982,14.396622,-12.979054,10,2010,288,Saison_des_pluies
2021-10-25,183,32.67857142857143,11.149857,29.39672,0.79014623,4.4308224,8.609644,13.650956,-13.854508,10,2021,298,Saison_des_pluies
1985-10-31,182,32.5,4.8274517,15.3146925,0.54900515,4.4707837,9.215302,14.267858,-14.010989,10,1985,304,Saison_des_pluies
2004-06-10,182,32.5,11.180604,22.097013,1.855667,3.4540691,7.1362686,14.751373,-13.322803,6,2004,162,Saison_des_pluies
1981-07-05,182,32.5,20.613466,40.48142,6.072301,2.774348,4.748575,14.273352,-14.28022,7,1981,186,Saison_des_pluies
1991-10-09,181,32.32142857142858,11.513477,28.40994,2.8970683,3.6814868,11.220324,14.655387,-14.256215,10,1991,282,Saison_des_pluies
2023-05-31,181,32.32142857142858,11.266039,21.835302,2.4941494,2.8710432,4.6907635,13.438536,-13.031077,5,2023,151,Saison_des_pluies
1999-07-12,180,32.142857142857146,21.380054,47.242462,7.580642,4.327249,10.2075405,15.616667,-14.555555,7,1999,193,Saison_des_pluies
2012-05-19,180,32.142857142857146,9.211922,20.423733,0.43251437,4.7156305,10.133553,13.133333,-13.379167,5,2012,140,Saison_des_pluies
2021-08-15,180,32.142857142857146,25.789513,40.333237,13.945896,3.1320856,5.3397784,15.576389,-14.845834,8,2021,227,Saison_des_pluies
1989-10-26,179,31.96428571428571,9.560653,36.701225,0.8893249,3.8802319,8.691151,13.995111,-15.261871,10,1989,299,Saison_des_pluies
2004-11-07,179,31.96428571428571,1.2376603,6.004444,0.14774133,3.7847383,7.3455353,14.532822,-13.909916,11,2004,312,Saison_seche
2012-08-01,178,31.785714285714285,30.33637,50.303444,12.508376,4.0619893,7.084473,15.426967,-12.738764,8,2012,214,Saison_des_pluies
2021-08-02,177,31.607142857142854,29.45397,54.328472,11.885593,4.3510337,8.864437,15.591102,-14.627825,8,2021,214,Saison_des_pluies
1998-05-16,176,31.428571428571427,1.9642174,8.98679,0.016662097,8.28903,21.11661,15.058239,-12.778409,5,1998,136,Saison_des_pluies
1985-09-20,176,31.428571428571427,30.122435,54.69735,11.021329,4.0409336,10.287627,14.700284,-15.193182,9,1985,263,Saison_des_pluies
1981-06-22,176,31.428571428571427,21.003822,50.937984,4.4676976,3.4938118,6.7090487,13.650568,-14.596591,6,1981,173,Saison_des_pluies
1987-08-06,176,31.428571428571427,33.329353,79.93212,10.163626,3.4541771,6.5592995,14.747159,-15.1875,8,1987,218,Saison_des_pluies
2022-06-23,176,31.428571428571427,16.420273,27.642412,4.2284207,2.6818724,4.6400723,13.74858,-14.752841,6,2022,174,Saison_des_pluies
2000-06-21,176,31.428571428571427,16.357832,26.3436,2.9832034,2.672857,4.185206,13.761364,-14.082386,6,2000,173,Saison_des_pluies
2023-09-07,175,31.25,21.406284,42.157005,12.338879,2.5002337,3.5147948,15.226429,-13.849286,9,2023,250,Saison_des_pluies
1986-05-07,174,31.071428571428573,4.4402876,23.785471,0.01247279,7.813777,25.120504,14.2672415,-12.308908,5,1986,127,Saison_des_pluies
2002-10-31,174,31.071428571428573,3.3669927,12.876276,0.27146223,4.1900487,11.36163,14.833333,-12.698276,10,2002,304,Saison_des_pluies
1988-05-27,174,31.071428571428573,12.587584,37.71784,1.3424644,4.5348983,10.005182,13.567529,-13.106322,5,1988,148,Saison_des_pluies
2010-05-25,174,31.071428571428573,6.7910852,20.897682,0.077763714,3.1582649,9.8896,13.6005745,-13.7327585,5,2010,145,Saison_des_pluies
2004-09-16,174,31.071428571428573,30.247463,56.380665,11.369092,3.2472405,6.1889377,14.166667,-15.097701,9,2004,260,Saison_des_pluies
2010-10-21,174,31.071428571428573,5.5461564,15.178328,1.2234946,3.359716,5.0981073,14.817529,-12.958333,10,2010,294,Saison_des_pluies
2001-10-11,173,30.892857142857146,11.071942,30.839205,1.8561169,3.113656,6.2844834,14.492052,-14.1799135,10,2001,284,Saison_des_pluies
2005-08-01,172,30.714285714285715,21.299166,50.182053,10.095403,2.7107768,5.181121,15.422965,-14.25,8,2005,213,Saison_des_pluies
1991-06-04,171,30.53571428571429,6.821112,33.496883,0.509912,6.94541,22.061697,15.392544,-13.486111,6,1991,155,Saison_des_pluies
2016-10-25,171,30.53571428571429,3.7371411,12.461588,0.5844321,4.6497974,14.76899,15.372076,-13.987573,10,2016,299,Saison_des_pluies
2012-05-22,170,30.357142857142854,5.5401216,19.58737,0.22813942,5.39357,10.312842,13.9779415,-13.633823,5,2012,143,Saison_des_pluies
1989-08-16,170,30.357142857142854,48.59398,105.375175,19.423914,3.300763,6.53918,13.251471,-13.875,8,1989,228,Saison_des_pluies
2022-09-25,170,30.357142857142854,23.015976,50.541412,9.168203,3.0760067,6.0384097,14.660295,-13.605883,9,2022,268,Saison_des_pluies
2001-06-07,170,30.357142857142854,17.456072,29.33169,4.104886,2.8711438,5.4377093,13.138235,-13.630882,6,2001,158,Saison_des_pluies
2016-07-27,170,30.357142857142854,23.902605,61.453453,10.27706,2.8114054,5.179946,15.347059,-14.092647,7,2016,209,Saison_des_pluies
2003-08-08,169,30.178571428571427,42.03039,73.102264,11.440537,4.942531,9.74984,14.89571,-12.314349,8,2003,220,Saison_des_pluies
2017-09-24,169,30.178571428571427,23.377642,44.024433,8.641313,3.5226672,7.1808987,15.253698,-12.904586,9,2017,267,Saison_des_pluies
2020-09-05,169,30.178571428571427,36.5481,83.642784,10.614813,3.2260103,6.182834,13.9637575,-14.651628,9,2020,249,Saison_des_pluies
2008-08-23,169,30.178571428571427,39.71493,67.95966,13.3934555,3.1646063,5.4521675,14.16642,-12.2551775,8,2008,236,Saison_des_pluies
2010-08-16,168,30.0,26.723183,50.054386,12.314391,2.9575098,6.6237364,15.284226,-13.482142,8,2010,228,Saison_des_pluies
1989-08-11,168,30.0,28.686796,54.909534,13.012055,3.3440385,6.2416344,15.190476,-14.345238,8,1989,223,Saison_des_pluies
2005-07-03,168,30.0,22.936106,43.26264,8.503985,3.156223,5.8987575,14.183036,-13.659226,7,2005,184,Saison_des_pluies
2000-07-08,168,30.0,19.067635,42.661156,3.29569,2.595216,4.9177613,14.754464,-13.895833,7,2000,190,Saison_des_pluies
2001-06-14,167,29.82142857142857,15.21649,49.013103,0.52657557,5.341532,17.437706,14.357036,-15.627994,6,2001,165,Saison_des_pluies
1995-11-09,167,29.82142857142857,0.98909444,5.635168,0.117048174,5.156391,11.041948,14.40494,-14.541167,11,1995,313,Saison_seche
2004-07-06,167,29.82142857142857,15.914534,27.756641,7.574252,3.3351755,7.095709,15.491767,-14.523204,7,2004,188,Saison_des_pluies
1982-06-13,167,29.82142857142857,20.626143,38.535202,1.1739334,3.462648,6.3202186,13.633982,-12.816617,6,1982,164,Saison_des_pluies
2008-10-15,167,29.82142857142857,14.721525,32.262836,6.0085115,3.2750745,5.26206,13.163922,-13.6384735,10,2008,289,Saison_des_pluies
2009-09-25,167,29.82142857142857,28.266008,50.204395,12.572812,2.784353,4.40722,13.328593,-13.542665,9,2009,268,Saison_des_pluies
1992-05-19,166,29.642857142857142,3.0014813,10.938113,0.041495666,3.77669,18.09842,14.599398,-13.021085,5,1992,140,Saison_des_pluies
2015-07-09,166,29.642857142857142,27.975126,85.69566,5.3601384,3.5423386,7.011603,14.201807,-15.021085,7,2015,190,Saison_des_pluies
2013-08-29,166,29.642857142857142,50.943172,79.87529,20.070017,3.784086,6.568293,13.36747,-13.477409,8,2013,241,Saison_des_pluies
2005-07-20,166,29.642857142857142,23.548443,43.509678,9.999128,3.6097229,6.1303053,15.259036,-14.885542,7,2005,201,Saison_des_pluies
2014-09-19,166,29.642857142857142,23.146263,41.952236,10.913333,3.1153543,6.029098,15.114458,-13.325301,9,2014,262,Saison_des_pluies
1982-07-28,166,29.642857142857142,31.702898,73.311615,9.384712,2.809153,5.2712045,13.819277,-13.489458,7,1982,209,Saison_des_pluies
2003-06-09,165,29.464285714285715,18.627708,47.98437,3.9682162,4.5050693,10.751108,13.879545,-14.746212,6,2003,160,Saison_des_pluies
2003-10-24,165,29.464285714285715,8.090969,32.302406,0.74819446,3.307569,8.159971,14.318939,-14.617424,10,2003,297,Saison_des_pluies
1983-06-20,165,29.464285714285715,18.613113,38.53073,3.0530567,3.4967678,6.435612,13.77197,-14.758333,6,1983,171,Saison_des_pluies
1999-10-17,165,29.464285714285715,7.314442,34.03762,1.2348248,3.2737422,6.2617273,14.908334,-13.926516,10,1999,290,Saison_des_pluies
1984-06-09,164,29.28571428571429,10.662074,22.743261,1.2873231,3.980733,9.482431,14.789634,-14.339939,6,1984,161,Saison_des_pluies
2022-07-22,164,29.28571428571429,33.37668,81.95135,11.97172,3.7858434,7.0360727,14.396341,-15.370427,7,2022,203,Saison_des_pluies
2010-10-29,164,29.28571428571429,6.517362,26.466698,0.4247962,3.2664118,5.1976247,13.879573,-14.155488,10,2010,302,Saison_des_pluies
1986-05-16,163,29.107142857142858,1.244487,9.944382,0.016732244,8.874271,37.60842,14.945552,-14.46549,5,1986,136,Saison_des_pluies
2008-06-01,163,29.107142857142858,7.9041696,17.760805,0.99553514,4.964025,10.595806,14.706288,-13.753835,6,2008,153,Saison_des_pluies
1988-09-07,163,29.107142857142858,25.10668,47.812626,13.142642,3.1406925,6.7447863,15.082055,-13.18635,9,1988,251,Saison_des_pluies
1988-09-16,163,29.107142857142858,23.134312,42.565567,10.352413,3.2470324,6.1157913,15.30138,-13.410276,9,1988,260,Saison_des_pluies
1992-09-17,163,29.107142857142858,26.685606,47.411007,11.100742,2.7998245,5.1617823,14.141871,-13.008435,9,1992,261,Saison_des_pluies
2001-09-07,163,29.107142857142858,21.866684,37.156876,8.430031,2.571218,4.6755977,15.316718,-14.437883,9,2001,250,Saison_des_pluies
2002-10-25,162,28.92857142857143,10.184103,31.183977,1.7222297,3.6599069,7.440494,13.552469,-13.364198,10,2002,298,Saison_des_pluies
2013-09-26,162,28.92857142857143,16.348694,24.538294,7.225351,2.8502731,4.359076,15.467592,-13.3132715,9,2013,269,Saison_des_pluies
1989-06-30,161,28.749999999999996,28.949682,94.334366,8.799604,4.0456853,9.813737,13.881211,-14.651398,6,1989,181,Saison_des_pluies
2010-09-02,161,28.749999999999996,26.655401,48.5821,13.336697,3.6462166,7.5796676,15.615684,-13.034938,9,2010,245,Saison_des_pluies
1985-08-01,161,28.749999999999996,33.255398,70.04974,11.747324,4.105799,7.488105,15.13587,-12.696428,8,1985,213,Saison_des_pluies
2008-07-21,161,28.749999999999996,26.09887,49.565353,6.8930187,3.4488616,6.7783246,14.951087,-14.746118,7,2008,203,Saison_des_pluies
2002-06-13,161,28.749999999999996,18.271612,46.793705,1.3070794,3.2183664,6.4545407,13.843945,-13.006988,6,2002,164,Saison_des_pluies
2015-09-27,161,28.749999999999996,20.086523,37.47131,7.7388563,3.0078645,5.128118,14.648292,-15.291149,9,2015,270,Saison_des_pluies
1987-06-09,160,28.57142857142857,26.11021,82.725975,0.32029176,4.827865,14.37974,13.403125,-14.384375,6,1987,160,Saison_des_pluies
2002-10-26,160,28.57142857142857,5.4817643,14.909401,0.6196287,3.1806364,6.7436886,14.520312,-14.317187,10,2002,299,Saison_des_pluies
2008-06-28,159,28.392857142857142,23.39647,51.119328,3.0264187,4.6425495,9.358005,14.579403,-15.46305,6,2008,180,Saison_des_pluies
2021-07-29,159,28.392857142857142,26.260353,58.248554,11.229742,3.3679974,6.0539193,15.195755,-12.986635,7,2021,210,Saison_des_pluies
2013-09-06,158,28.214285714285715,33.693405,58.60125,13.849735,3.0600505,6.3126197,13.906646,-12.797468,9,2013,249,Saison_des_pluies
2001-09-29,158,28.214285714285715,13.682158,31.323263,5.39607,2.8392227,5.50758,15.655064,-14.818038,9,2001,272,Saison_des_pluies
1992-08-30,157,28.035714285714285,28.861713,59.38318,11.521768,2.7205176,4.831447,14.698249,-12.832006,8,1992,243,Saison_des_pluies
2015-05-04,156,27.857142857142858,1.0452673,5.6134114,0.006270026,6.3205166,15.110662,14.6875,-13.280449,5,2015,124,Saison_des_pluies
2007-11-12,156,27.857142857142858,1.340007,7.696461,0.09238906,4.7626333,12.25216,13.591346,-13.729167,11,2007,316,Saison_seche
2014-09-22,156,27.857142857142858,22.212446,38.822956,8.299775,3.3888574,7.7247686,15.291667,-13.408654,9,2014,265,Saison_des_pluies
2021-06-11,156,27.857142857142858,10.563935,24.687222,1.8225236,3.1278796,5.7376575,14.588141,-13.948718,6,2021,162,Saison_des_pluies
2020-06-11,155,27.67857142857143,31.469273,59.83029,6.66491,5.5842094,9.7213745,13.187903,-14.660484,6,2020,163,Saison_des_pluies
1990-06-30,155,27.67857142857143,19.678745,46.00623,5.6608973,4.001533,7.7912064,15.094355,-13.204032,6,1990,181,Saison_des_pluies
2020-07-14,155,27.67857142857143,23.13504,66.5382,6.896909,3.2889204,6.202857,15.05242,-15.247581,7,2020,196,Saison_des_pluies
2007-07-31,154,27.500000000000004,30.30996,60.392784,11.902609,3.5661907,8.06989,14.762987,-15.275974,7,2007,212,Saison_des_pluies
1983-08-21,154,27.500000000000004,31.820946,55.453457,12.627732,2.8312607,5.1886826,14.527597,-13.214286,8,1983,233,Saison_des_pluies
1991-10-08,153,27.32142857142857,15.204995,34.34344,3.372706,4.1034975,9.99385,14.4648695,-15.340686,10,1991,281,Saison_des_pluies
1983-07-09,153,27.32142857142857,19.450642,32.493793,8.085721,3.694467,6.721002,15.283497,-12.525327,7,1983,190,Saison_des_pluies
2018-09-29,152,27.142857142857142,21.093277,50.848785,8.083661,3.9061286,8.057582,14.985197,-14.207237,9,2018,272,Saison_des_pluies
1992-05-31,152,27.142857142857142,7.614346,20.845676,0.39271775,2.836008,7.697311,14.315789,-13.541119,5,1992,152,Saison_des_pluies
2009-08-28,152,27.142857142857142,35.16348,132.5725,13.579284,3.632455,6.360124,14.981908,-15.565789,8,2009,240,Saison_des_pluies
2008-08-27,152,27.142857142857142,30.598331,74.48001,12.284013,2.6369717,4.4407187,14.638158,-12.939145,8,2008,240,Saison_des_pluies
2013-09-05,152,27.142857142857142,28.16058,47.51154,12.536591,2.7011952,3.8795388,14.458881,-14.509869,9,2013,248,Saison_des_pluies
2002-06-06,151,26.96428571428571,7.422145,14.001695,1.0064683,4.2935195,9.201108,15.346854,-12.845199,6,2002,157,Saison_des_pluies
2023-06-14,151,26.96428571428571,14.0760765,26.394724,0.46000206,2.69187,7.0745273,14.16639,-13.227649,6,2023,165,Saison_des_pluies
2020-08-26,151,26.96428571428571,35.510777,90.23691,14.2352295,3.481816,6.591358,15.004139,-15.575331,8,2020,239,Saison_des_pluies
2021-09-10,151,26.96428571428571,33.255024,67.57949,19.605534,2.8587003,6.3115034,13.471026,-13.760761,9,2021,253,Saison_des_pluies
2004-07-12,151,26.96428571428571,21.836908,47.068607,7.6579814,2.5973656,3.6235485,14.3899,-13.490894,7,2004,194,Saison_des_pluies
2012-06-03,150,26.785714285714285,11.024219,25.061827,0.84095573,5.0157576,17.748594,14.333333,-13.391666,6,2012,155,Saison_des_pluies
2010-07-08,150,26.785714285714285,15.357798,30.615984,5.0757723,2.6637719,6.2041016,15.363334,-12.766666,7,2010,189,Saison_des_pluies
2017-09-05,150,26.785714285714285,22.260918,40.688133,10.70689,3.1106405,4.3274627,15.901667,-14.4383335,9,2017,248,Saison_des_pluies
2023-06-01,149,26.607142857142858,4.3441586,17.841967,0.16149923,5.942704,22.1319,15.161913,-14.725671,6,2023,152,Saison_des_pluies
1986-09-28,149,26.607142857142858,17.0058,32.85333,8.2133255,3.3017888,6.9989386,15.423657,-14.569631,9,1986,271,Saison_des_pluies
2017-08-26,149,26.607142857142858,29.802994,51.026905,14.580401,2.942004,4.3158116,14.796141,-14.958893,8,2017,238,Saison_des_pluies
2001-06-08,148,26.42857142857143,12.468287,28.798332,1.6999621,3.4072523,7.136083,14.209459,-14.092905,6,2001,159,Saison_des_pluies
2020-10-13,148,26.42857142857143,9.094416,26.713947,2.0045805,2.9993818,5.82283,14.689189,-14.442568,10,2020,287,Saison_des_pluies
2002-10-07,148,26.42857142857143,13.071601,27.92656,2.8497078,2.8768125,5.45244,14.288852,-13.305743,10,2002,280,Saison_des_pluies
1985-07-18,148,26.42857142857143,24.260475,41.085175,10.545096,2.904904,5.2726073,14.114865,-12.961148,7,1985,199,Saison_des_pluies
2001-07-04,148,26.42857142857143,20.053074,44.676044,4.913986,2.845179,5.0899425,14.412162,-13.760135,7,2001,185,Saison_des_pluies
2018-10-08,148,26.42857142857143,13.938915,39.874672,3.6233993,2.7600286,4.416596,14.14527,-15.537162,10,2018,281,Saison_des_pluies
2003-07-25,148,26.42857142857143,30.310741,61.886044,11.31932,2.7738602,4.2397947,13.9543915,-13.869932,7,2003,206,Saison_des_pluies
2004-10-23,147,26.25,8.467918,25.509144,1.3352879,5.0447993,15.334292,14.558674,-13.885204,10,2004,297,Saison_des_pluies
1988-09-17,147,26.25,26.082243,49.504364,10.048838,3.2749639,6.755213,14.892007,-14.461735,9,1988,261,Saison_des_pluies
2017-05-30,147,26.25,11.486903,29.035599,1.4599228,3.4697518,6.0350533,13.854591,-12.303572,5,2017,150,Saison_des_pluies
2021-08-04,147,26.25,26.216103,50.596817,11.455823,3.1117659,5.083699,15.272959,-12.340986,8,2021,216,Saison_des_pluies
2014-09-15,147,26.25,21.019316,39.965813,10.802731,2.816875,4.211554,15.29847,-12.820579,9,2014,258,Saison_des_pluies
2017-05-14,146,26.071428571428573,4.310116,16.223888,0.004839824,4.3660207,18.937855,14.119863,-12.506849,5,2017,134,Saison_des_pluies
1992-07-10,146,26.071428571428573,17.916159,42.0196,7.1936793,3.0435245,7.2331414,15.035959,-13.376713,7,1992,192,Saison_des_pluies
2008-06-13,146,26.071428571428573,13.013988,25.12923,1.8659282,3.4013734,7.0884614,14.65411,-12.087329,6,2008,165,Saison_des_pluies
2017-08-23,146,26.071428571428573,48.153275,98.15205,20.62312,3.3426602,5.6780763,13.417809,-14.686644,8,2017,235,Saison_des_pluies
1998-07-20,146,26.071428571428573,26.933195,57.263832,10.787945,3.0948877,5.594608,14.200342,-14.405822,7,1998,201,Saison_des_pluies
2010-09-07,146,26.071428571428573,23.217005,45.790165,11.25099,3.0960143,5.0519896,15.691781,-14.5239725,9,2010,250,Saison_des_pluies
2011-07-17,145,25.892857142857146,25.68995,54.47196,6.8306236,4.7898383,9.600207,15.680172,-15.052587,7,2011,198,Saison_des_pluies
1992-10-27,145,25.892857142857146,10.456679,22.892515,0.86013114,4.131053,8.995852,13.462931,-13.050862,10,1992,301,Saison_des_pluies
1996-10-08,145,25.892857142857146,7.2427893,20.239355,2.3770013,3.6011264,7.977734,15.731896,-14.049138,10,1996,282,Saison_des_pluies
1997-06-06,145,25.892857142857146,7.526421,32.983643,0.6472282,2.9715939,5.6068463,14.8715515,-13.766379,6,1997,157,Saison_des_pluies
2006-09-11,145,25.892857142857146,35.5639,56.110218,18.964745,3.0544724,4.950005,13.223276,-13.61638,9,2006,254,Saison_des_pluies
1993-06-29,145,25.892857142857146,19.681433,40.434685,4.8777003,2.9257388,4.8313913,14.237069,-12.950862,6,1993,180,Saison_des_pluies
1991-08-08,145,25.892857142857146,30.406061,71.40863,11.575164,2.530506,3.6494074,14.266379,-13.197413,8,1991,220,Saison_des_pluies
1994-10-30,144,25.71428571428571,4.568201,13.453443,0.512002,4.7144327,13.543161,14.409722,-13.425347,10,1994,303,Saison_des_pluies
2019-09-16,144,25.71428571428571,28.059715,47.30898,17.958,2.5382156,4.308298,13.322917,-13.784722,9,2019,259,Saison_des_pluies
1998-09-29,143,25.535714285714285,13.616721,26.660973,5.4242983,2.9726348,6.551531,15.637238,-13.432693,9,1998,272,Saison_des_pluies
2006-10-14,143,25.535714285714285,12.508847,32.40923,2.829723,3.4172146,6.0162168,14.236888,-15.551574,10,2006,287,Saison_des_pluies
1985-09-02,143,25.535714285714285,28.551395,59.179,13.594904,2.8870487,5.7862406,14.707168,-13.960665,9,1985,245,Saison_des_pluies
2000-04-18,142,25.357142857142854,0.27446926,5.0727468,0.0047549657,4.4022365,11.6833515,14.205986,-13.68838,4,2000,109,Saison_seche
2013-08-12,142,25.357142857142854,25.489988,48.48026,11.534654,3.3882835,5.400799,15.781691,-13.355634,8,2013,224,Saison_des_pluies
2008-07-01,142,25.357142857142854,16.708857,37.406853,3.1836398,2.7363248,4.6567497,14.535212,-14.971831,7,2008,183,Saison_des_pluies
1997-08-23,142,25.357142857142854,33.189507,68.764565,14.817243,2.8249109,4.516281,14.554578,-15.211267,8,1997,235,Saison_des_pluies
2001-07-10,142,25.357142857142854,20.312677,36.65974,10.826012,2.5489597,3.8731213,14.232394,-13.808099,7,2001,191,Saison_des_pluies
2009-05-08,141,25.178571428571427,2.0461082,10.986312,0.0048458553,5.4304004,20.953981,14.440603,-12.633865,5,2009,128,Saison_des_pluies
1986-08-01,141,25.178571428571427,33.355244,64.86578,10.242068,4.58786,13.135829,15.36968,-13.995567,8,1986,213,Saison_des_pluies
2012-09-22,141,25.178571428571427,22.02492,50.206085,7.848025,3.808073,7.218472,16.018618,-14.2703905,9,2012,266,Saison_des_pluies
2001-07-03,141,25.178571428571427,19.320124,43.61567,5.9248457,2.817816,4.7220964,14.4211,-14.499113,7,2001,184,Saison_des_pluies
2010-07-09,140,25.0,24.35884,42.808178,5.0757723,5.5381293,13.418407,15.571428,-15.289286,7,2010,190,Saison_des_pluies
1994-10-23,140,25.0,3.9092875,17.861546,0.99576765,4.3094487,12.433031,15.814285,-13.803572,10,1994,296,Saison_des_pluies
2009-06-19,140,25.0,18.109713,32.04472,2.639344,3.4087248,7.229781,14.016071,-14.321428,6,2009,170,Saison_des_pluies
1996-09-28,140,25.0,21.728302,33.298496,11.113736,3.2510083,6.3033442,14.146428,-14.823215,9,1996,272,Saison_des_pluies
1981-07-04,140,25.0,21.56649,35.797394,4.8683953,3.2259092,5.6402283,14.283929,-15.153571,7,1981,185,Saison_des_pluies
2005-07-13,140,25.0,20.758686,46.381016,5.183308,3.0426168,5.615333,14.798214,-15.532143,7,2005,194,Saison_des_pluies
2020-07-11,140,25.0,23.210394,48.904163,6.7529507,2.6123252,3.6263669,14.071428,-13.076786,7,2020,193,Saison_des_pluies
1996-08-04,139,24.821428571428573,55.762703,136.91498,21.644287,3.9891038,7.7734785,13.096223,-12.914568,8,1996,217,Saison_des_pluies
1996-08-24,139,24.821428571428573,36.4572,60.80254,15.316009,2.7754807,5.6996117,13.864208,-14.45054,8,1996,237,Saison_des_pluies
1989-07-16,138,24.642857142857146,25.397472,49.08526,12.138524,3.395116,8.694863,14.139493,-14.603261,7,1989,197,Saison_des_pluies
2007-08-30,138,24.642857142857146,28.941092,59.096645,11.687107,3.9936492,6.1265035,15.842391,-13.300725,8,2007,242,Saison_des_pluies
2023-08-24,138,24.642857142857146,36.35615,83.859764,15.047092,2.865333,5.069451,14.452899,-15.458333,8,2023,236,Saison_des_pluies
2014-07-17,138,24.642857142857146,20.773653,43.099922,7.868992,2.5361466,3.6221201,14.300725,-13.240942,7,2014,198,Saison_des_pluies
2010-07-16,138,24.642857142857146,23.319262,38.088932,13.558656,2.6513631,3.6216383,13.788043,-13.826087,7,2010,197,Saison_des_pluies
2005-06-06,137,24.46428571428571,11.286859,22.073704,0.54650885,8.781453,14.559316,15.614051,-12.654197,6,2005,157,Saison_des_pluies
2015-10-14,137,24.46428571428571,15.602008,45.624012,1.6572403,3.3214197,7.1798487,13.431569,-13.557482,10,2015,287,Saison_des_pluies
2011-09-23,137,24.46428571428571,17.412277,27.965464,8.159148,2.7452009,4.7679443,15.506387,-12.573905,9,2011,266,Saison_des_pluies
2016-07-19,137,24.46428571428571,23.21582,54.77113,7.9827337,2.6832044,4.518459,14.349453,-12.47719,7,2016,201,Saison_des_pluies
2012-10-21,136,24.285714285714285,6.122626,15.198958,0.89866865,4.23114,8.263124,15.119485,-15.1341915,10,2012,295,Saison_des_pluies
2000-09-19,136,24.285714285714285,28.227528,52.884945,16.863401,2.8395026,4.9823065,13.7904415,-14.599265,9,2000,263,Saison_des_pluies
1989-07-07,136,24.285714285714285,24.04238,45.26862,8.061587,2.8851461,4.7863126,13.711397,-14.518382,7,1989,188,Saison_des_pluies
2007-10-11,136,24.285714285714285,11.647865,28.47785,2.529168,2.6547682,4.738967,14.045956,-14.080882,10,2007,284,Saison_des_pluies
2004-07-24,136,24.285714285714285,21.853256,49.05554,8.491397,2.5660565,4.571263,14.8658085,-14.498161,7,2004,206,Saison_des_pluies
1987-09-23,136,24.285714285714285,21.924017,38.91679,9.96706,2.570048,4.0197754,14.485294,-13.044118,9,1987,266,Saison_des_pluies
1985-06-29,135,24.107142857142858,33.316517,71.747444,5.577417,4.0127325,8.047232,13.178703,-12.958333,6,1985,180,Saison_des_pluies
1981-11-05,135,24.107142857142858,1.6591504,10.083347,0.27321455,3.0795326,7.703721,14.071297,-13.415741,11,1981,309,Saison_seche
2003-08-09,135,24.107142857142858,29.124794,48.241467,13.023862,3.819958,7.1676607,15.469444,-13.100926,8,2003,221,Saison_des_pluies
2021-08-16,135,24.107142857142858,37.168354,67.99209,14.396411,3.6645467,6.324277,14.700926,-12.365741,8,2021,228,Saison_des_pluies
1993-08-16,135,24.107142857142858,32.96224,72.34339,13.863953,3.2557635,6.152385,14.813889,-14.671296,8,1993,228,Saison_des_pluies
1989-08-15,135,24.107142857142858,22.915615,40.252213,13.84565,2.7506099,4.7320313,15.523149,-14.423148,8,1989,227,Saison_des_pluies
2002-08-28,135,24.107142857142858,27.962252,47.90221,13.781393,2.5236928,3.3856244,14.780556,-12.786111,8,2002,240,Saison_des_pluies
1989-06-16,134,23.92857142857143,24.296719,59.92992,2.0638595,4.964698,10.399046,14.014925,-13.186567,6,1989,167,Saison_des_pluies
2009-06-23,134,23.92857142857143,8.5531645,23.279448,1.3487239,3.767127,9.064893,15.537313,-15.182836,6,2009,174,Saison_des_pluies
1989-07-12,134,23.92857142857143,19.371727,34.737686,7.5987463,3.8910449,8.30792,15.447762,-14.352612,7,1989,193,Saison_des_pluies
2011-09-30,134,23.92857142857143,14.043309,24.998014,7.3145256,3.4689586,5.3564086,15.641791,-13.279851,9,2011,273,Saison_des_pluies
1987-09-27,134,23.92857142857143,16.101898,34.96128,6.4841304,2.7315965,5.328336,15.345149,-13.748135,9,1987,270,Saison_des_pluies
2003-09-22,134,23.92857142857143,23.629944,47.695644,10.858279,2.9000275,4.617971,14.828359,-15.304105,9,2003,265,Saison_des_pluies
2012-10-11,133,23.75,6.706062,16.463196,2.0103645,3.971386,10.541439,15.856203,-14.100564,10,2012,285,Saison_des_pluies
2005-10-23,133,23.75,4.9757657,27.350212,0.90138865,3.0050826,6.333929,15.175752,-14.279136,10,2005,296,Saison_des_pluies
1994-08-14,133,23.75,41.834187,90.52529,17.407703,3.1229432,6.271283,13.546053,-14.241541,8,1994,226,Saison_des_pluies
2001-08-25,133,23.75,28.395988,56.624653,13.622492,3.2330537,5.7037935,15.480263,-15.008459,8,2001,237,Saison_des_pluies
2017-08-03,133,23.75,44.34952,77.88374,17.579466,3.293636,5.3459077,13.162594,-14.00094,8,2017,215,Saison_des_pluies
2000-06-13,133,23.75,18.588839,33.504833,4.90457,3.0676455,4.935609,13.671992,-12.519737,6,2000,165,Saison_des_pluies
1999-08-21,133,23.75,23.405876,43.870556,14.206886,2.7308662,4.283085,15.668233,-14.094925,8,1999,233,Saison_des_pluies
1981-05-07,132,23.57142857142857,15.72195,42.402428,0.045849405,14.376739,37.78791,13.035985,-12.941288,5,1981,127,Saison_des_pluies
2022-08-24,132,23.57142857142857,38.013798,63.030228,14.876016,2.9566817,5.108345,14.045455,-12.176136,8,2022,236,Saison_des_pluies
1987-07-15,132,23.57142857142857,25.77926,43.384483,5.3477063,2.6890702,4.1523924,13.524621,-13.600379,7,1987,196,Saison_des_pluies
1993-10-28,131,23.392857142857142,6.5883117,16.898401,0.6954987,3.965976,8.437524,14.050572,-14.636451,10,1993,301,Saison_des_pluies
1994-09-30,131,23.392857142857142,15.92158,36.129223,6.5513716,3.1882539,8.409742,15.041031,-13.796756,9,1994,273,Saison_des_pluies
1993-09-26,131,23.392857142857142,26.49239,64.68071,11.497525,3.0187442,5.875958,13.613549,-13.678435,9,1993,269,Saison_des_pluies
2012-08-12,131,23.392857142857142,24.825788,44.13133,11.731938,3.237779,4.9631553,15.766221,-15.176527,8,2012,225,Saison_des_pluies
1986-06-08,130,23.214285714285715,16.942518,39.436752,0.15705414,3.2961078,8.575207,13.507692,-14.192307,6,1986,159,Saison_des_pluies
2022-08-03,130,23.214285714285715,36.31504,89.736916,17.019032,3.0955577,6.8912416,13.753846,-14.257692,8,2022,215,Saison_des_pluies
1994-09-25,130,23.214285714285715,37.31872,75.49316,16.603483,3.7768507,6.420154,13.153846,-14.394231,9,1994,268,Saison_des_pluies
1981-07-29,130,23.214285714285715,28.42716,52.17712,8.954311,3.5932536,6.0826707,15.1365385,-12.036538,7,1981,210,Saison_des_pluies
2010-09-01,130,23.214285714285715,24.628878,56.642998,11.582759,2.909806,5.766269,15.615385,-14.0346155,9,2010,244,Saison_des_pluies
2022-07-30,130,23.214285714285715,25.009022,44.764282,11.220284,3.2640536,5.6811547,15.315385,-13.123077,7,2022,211,Saison_des_pluies
1981-08-27,130,23.214285714285715,26.452168,72.0811,12.721332,2.858559,5.151014,15.403846,-13.576923,8,1981,239,Saison_des_pluies
2012-09-18,130,23.214285714285715,20.671665,46.480953,8.355639,2.7265222,5.0387883,15.1134615,-12.707692,9,2012,262,Saison_des_pluies
2009-05-16,129,23.035714285714285,4.3740783,15.84318,0.042823516,5.731115,19.008663,14.074613,-12.836241,5,2009,136,Saison_des_pluies
1987-08-03,129,23.035714285714285,29.863205,58.102207,12.44265,3.3926244,6.9217563,15.051356,-12.559109,8,1987,215,Saison_des_pluies
2001-07-19,129,23.035714285714285,19.536625,40.176273,6.5172634,2.704402,5.1827974,15.053294,-14.417636,7,2001,200,Saison_des_pluies
2002-06-17,128,22.857142857142858,6.036988,14.761651,0.9013974,3.6017036,11.7156,15.574219,-14.470703,6,2002,168,Saison_des_pluies
1981-09-10,128,22.857142857142858,24.761274,49.04729,10.38899,3.5475378,10.692411,15.183594,-13.5859375,9,1981,253,Saison_des_pluies
1996-06-30,128,22.857142857142858,14.55655,26.224026,4.9589753,4.653185,9.230887,15.875,-14.605469,6,1996,182,Saison_des_pluies
2010-09-08,128,22.857142857142858,30.07281,53.61241,13.6625395,4.390238,8.35789,15.853516,-14.908203,9,2010,251,Saison_des_pluies
2009-07-30,128,22.857142857142858,26.414171,53.501957,11.419049,3.2975206,6.5991445,15.292969,-12.78125,7,2009,211,Saison_des_pluies
2015-10-21,128,22.857142857142858,9.538082,31.699976,1.1811938,3.2931683,6.321427,14.248047,-14.796875,10,2015,294,Saison_des_pluies
2007-07-04,128,22.857142857142858,24.34769,39.689083,12.255261,3.1484604,5.4376836,13.876953,-13.0546875,7,2007,185,Saison_des_pluies
1990-08-07,128,22.857142857142858,28.921907,80.982735,11.921792,2.7168694,4.995829,14.673828,-15.439453,8,1990,219,Saison_des_pluies
2015-09-22,128,22.857142857142858,24.545357,58.257988,8.138993,2.657454,4.8378,14.511719,-13.9453125,9,2015,265,Saison_des_pluies
1991-10-07,127,22.678571428571427,17.84486,76.58924,4.0062647,3.4129007,7.618224,14.018701,-14.4399605,10,1991,280,Saison_des_pluies
1984-06-27,127,22.678571428571427,16.38394,33.22885,5.448195,2.9979198,6.6107545,14.394685,-15.241141,6,1984,179,Saison_des_pluies
2013-08-09,127,22.678571428571427,44.33552,75.77544,21.361353,3.0873277,5.869795,13.321851,-12.825788,8,2013,221,Saison_des_pluies
1986-09-25,127,22.678571428571427,17.376242,32.30381,9.698585,2.9515705,4.924157,15.658464,-14.589567,9,1986,268,Saison_des_pluies
2020-07-27,127,22.678571428571427,30.997948,82.2019,18.54029,2.6885386,4.7621846,13.715551,-14.506889,7,2020,209,Saison_des_pluies
1995-07-21,126,22.5,27.783178,69.510666,11.830816,3.1117609,6.1093965,14.003968,-12.373015,7,1995,202,Saison_des_pluies
1992-05-26,126,22.5,5.874607,22.765005,0.45635137,2.9272983,4.6615086,14.291667,-12.559524,5,1992,147,Saison_des_pluies
2015-08-17,126,22.5,33.66707,88.33496,14.461539,2.6592422,4.34167,14.236111,-14.827381,8,2015,229,Saison_des_pluies
1996-08-11,126,22.5,29.660463,63.341434,10.415267,2.7674425,3.9901876,14.765873,-12.31746,8,1996,224,Saison_des_pluies
2003-09-17,126,22.5,22.473026,38.32495,11.04465,2.6280339,3.9027557,14.853174,-14.426587,9,2003,260,Saison_des_pluies
2022-05-28,125,22.321428571428573,3.2191262,10.919834,0.19758482,3.2400775,9.424588,14.225,-15.169,5,2022,148,Saison_des_pluies
2015-08-09,125,22.321428571428573,32.798874,71.50835,11.519191,4.3314214,8.9068575,15.343,-15.199,8,2015,221,Saison_des_pluies
2009-11-02,125,22.321428571428573,3.7658632,20.671108,0.25124767,3.5586603,8.48278,14.215,-13.175,11,2009,306,Saison_seche
2017-06-26,125,22.321428571428573,9.7582655,26.251606,2.4223058,3.3522086,7.5174184,15.827,-13.917,6,2017,177,Saison_des_pluies
1984-06-19,125,22.321428571428573,11.832035,24.848396,1.399861,2.963085,6.4953766,14.573,-15.015,6,1984,171,Saison_des_pluies
1984-06-26,125,22.321428571428573,15.489277,35.358932,4.7233787,2.9113657,6.0746174,14.673,-13.665,6,1984,178,Saison_des_pluies
2015-09-01,125,22.321428571428573,38.395176,73.49162,19.181433,3.2454045,6.0591464,13.899,-13.617,9,2015,244,Saison_des_pluies
2011-09-02,125,22.321428571428573,25.096977,45.337997,11.916699,2.9137864,4.952927,15.363,-15.151,9,2011,245,Saison_des_pluies
1985-08-11,125,22.321428571428573,36.56494,68.935295,18.234562,2.6680613,4.632413,13.583,-14.155,8,1985,223,Saison_des_pluies
2014-08-18,125,22.321428571428573,27.620846,101.20062,12.129006,2.9830341,4.550357,15.519,-12.905,8,2014,230,Saison_des_pluies
2011-05-15,124,22.142857142857142,1.7690848,9.492029,0.00793968,6.5975785,31.031496,15.1088705,-12.522178,5,2011,135,Saison_des_pluies
2022-09-02,124,22.142857142857142,37.783375,68.260666,14.210571,3.2654183,5.6559258,13.957662,-14.808468,9,2022,245,Saison_des_pluies
2007-08-29,124,22.142857142857142,21.558071,31.78324,11.799049,2.9387364,4.8027987,15.959678,-13.278226,8,2007,241,Saison_des_pluies
2014-07-01,124,22.142857142857142,13.253947,24.84214,5.323719,2.6106222,3.8730311,15.298388,-13.36492,7,2014,182,Saison_des_pluies
1987-10-12,123,21.964285714285715,18.079803,33.184223,1.6931041,4.2154946,7.684638,13.622968,-12.570122,10,1987,285,Saison_des_pluies
1991-10-10,123,21.964285714285715,8.380099,25.194857,2.2017574,2.8602414,5.1610208,14.875,-13.011179,10,1991,283,Saison_des_pluies
2013-09-28,123,21.964285714285715,14.928463,21.904884,7.073258,2.993998,4.710131,15.515244,-12.324187,9,2013,271,Saison_des_pluies
2016-07-23,123,21.964285714285715,24.681803,44.34155,12.862745,2.942175,4.6531634,14.539634,-12.403456,7,2016,205,Saison_des_pluies
2000-10-01,123,21.964285714285715,15.616429,31.783659,5.641578,2.6199803,4.1559296,14.427846,-14.147358,10,2000,275,Saison_des_pluies
1988-10-31,122,21.785714285714285,2.9081821,6.1891255,0.2354626,8.635714,17.405565,15.903688,-14.875,10,1988,305,Saison_des_pluies
1986-10-22,122,21.785714285714285,3.7922723,23.100088,1.0751835,4.5847893,9.930152,16.104507,-13.688524,10,1986,295,Saison_des_pluies
2012-07-23,122,21.785714285714285,24.886845,61.933823,9.606357,2.9842205,5.4939904,14.836065,-13.4754095,7,2012,205,Saison_des_pluies
2013-10-07,122,21.785714285714285,14.813265,38.830368,3.8479989,2.9436498,5.4230423,14.018442,-15.430327,10,2013,280,Saison_des_pluies
1997-05-26,121,21.607142857142858,2.4497387,10.834101,0.1277451,3.903749,15.098592,14.916323,-13.705579,5,1997,146,Saison_des_pluies
1986-09-26,121,21.607142857142858,15.866688,27.661545,9.085084,3.207505,5.6491613,15.825413,-12.641529,9,1986,269,Saison_des_pluies
2000-10-12,120,21.428571428571427,12.994559,30.926939,2.2142086,3.8217587,9.606581,14.13125,-12.397917,10,2000,286,Saison_des_pluies
2017-07-15,120,21.428571428571427,35.48842,76.67176,14.232401,3.6476223,7.7816195,13.233334,-12.81875,7,2017,196,Saison_des_pluies
1985-09-19,120,21.428571428571427,24.120401,39.88098,10.749087,3.2775095,7.5014715,14.991667,-13.358334,9,1985,262,Saison_des_pluies
2010-06-24,120,21.428571428571427,8.082038,37.65738,1.0594074,3.4634273,6.588538,15.635417,-15.152083,6,2010,175,Saison_des_pluies
1985-09-09,120,21.428571428571427,38.799374,70.10229,15.147406,3.6753643,6.5858936,13.608334,-13.2625,9,1985,252,Saison_des_pluies
2018-10-16,120,21.428571428571427,4.961566,10.96137,1.3195827,2.8724449,5.633065,15.377084,-13.847917,10,2018,289,Saison_des_pluies
2020-07-25,120,21.428571428571427,20.591545,41.200165,11.18283,2.7808225,5.0057817,15.464583,-12.366667,7,2020,207,Saison_des_pluies
1997-09-26,120,21.428571428571427,20.919878,39.897778,9.069865,2.7349734,4.845954,14.325,-12.760417,9,1997,269,Saison_des_pluies
2012-08-25,120,21.428571428571427,24.881071,46.900257,11.924129,2.7907333,4.204678,15.502084,-12.23125,8,2012,238,Saison_des_pluies
2007-06-14,119,21.25,10.047803,23.672964,0.9996984,4.640415,9.256597,14.858193,-15.013656,6,2007,165,Saison_des_pluies
1989-10-25,119,21.25,5.5850534,33.569653,0.67014205,3.3400292,7.5352006,15.070378,-13.814075,10,1989,298,Saison_des_pluies
1996-09-30,119,21.25,15.062904,26.106422,6.046068,3.1072407,6.706339,14.988445,-12.879202,9,1996,274,Saison_des_pluies
2014-08-11,119,21.25,29.50096,96.14127,11.449551,3.0901587,4.555845,15.40021,-14.79937,8,2014,223,Saison_des_pluies
1986-09-04,119,21.25,28.06801,46.843536,13.011367,2.7284305,4.3902297,14.509454,-14.820378,9,1986,247,Saison_des_pluies
2005-05-12,118,21.071428571428573,1.1893586,6.448888,0.0068699433,6.232544,17.173862,14.974576,-12.32839,5,2005,132,Saison_des_pluies
2005-06-16,118,21.071428571428573,8.598556,19.893557,0.70848227,4.3999896,13.167455,15.154661,-15.120763,6,2005,167,Saison_des_pluies
1986-08-03,118,21.071428571428573,52.688637,87.420906,10.242068,4.785366,10.824811,13.669492,-15.377119,8,1986,215,Saison_des_pluies
1992-07-16,118,21.071428571428573,32.78307,61.204063,12.345536,3.760596,8.586765,13.644068,-14.972458,7,1992,198,Saison_des_pluies
2010-09-06,118,21.071428571428573,35.14023,86.8048,14.280429,3.363644,7.671568,14.177966,-14.400424,9,2010,249,Saison_des_pluies
2001-08-24,118,21.071428571428573,32.478207,73.27955,12.969517,3.5879028,6.4794827,15.309322,-12.101695,8,2001,236,Saison_des_pluies
2023-07-20,118,21.071428571428573,15.237798,32.869934,5.722757,2.7458582,5.018978,15.942797,-13.184322,7,2023,201,Saison_des_pluies
2006-07-03,118,21.071428571428573,20.521866,46.20508,5.179117,2.4537685,3.9472003,13.834745,-14.690678,7,2006,184,Saison_des_pluies
2017-07-21,118,21.071428571428573,30.298214,44.173603,17.46435,2.5484185,3.6296864,12.957627,-13.478813,7,2017,202,Saison_des_pluies
2012-05-17,117,20.892857142857142,8.682519,26.485157,0.26906255,4.305365,10.559072,13.462606,-12.293803,5,2012,138,Saison_des_pluies
2011-07-02,117,20.892857142857142,14.329659,29.763699,5.015547,3.0619779,7.165448,15.1720085,-15.357906,7,2011,183,Saison_des_pluies
2004-06-27,117,20.892857142857142,15.976736,27.664375,7.561905,2.625523,5.536591,14.169871,-15.135684,6,2004,179,Saison_des_pluies
2001-07-26,117,20.892857142857142,21.938623,38.78564,8.4130745,2.7365308,5.113661,15.0886755,-12.69765,7,2001,207,Saison_des_pluies
1999-10-05,117,20.892857142857142,13.864435,30.3355,5.1426935,3.0072386,4.59843,14.590812,-15.770299,10,1999,278,Saison_des_pluies
1986-04-27,116,20.714285714285715,1.6198858,5.3128967,0.0123502305,5.407282,14.558628,13.1702585,-12.9375,4,1986,117,Saison_seche
1995-05-18,116,20.714285714285715,3.996902,10.708965,0.18351214,4.0575724,12.835004,13.978448,-12.359914,5,1995,138,Saison_des_pluies
1993-10-29,116,20.714285714285715,4.7410574,17.377369,0.58115196,3.9123635,10.714636,14.6077585,-15.756466,10,1993,302,Saison_des_pluies
1983-07-02,116,20.714285714285715,22.888908,38.66279,10.750801,2.9355648,6.00797,13.747845,-14.002155,7,1983,183,Saison_des_pluies
1996-07-23,116,20.714285714285715,25.469484,43.85402,8.814818,3.2466993,5.3862844,14.75862,-12.096983,7,1996,205,Saison_des_pluies
2004-10-09,116,20.714285714285715,14.43934,32.913914,2.4361663,2.8944252,4.7829533,13.905172,-14.797414,10,2004,283,Saison_des_pluies
2022-08-18,115,20.535714285714285,31.259415,57.923336,15.776944,4.3308945,7.294005,16.151087,-14.45326,8,2022,230,Saison_des_pluies
2012-07-21,115,20.535714285714285,21.616575,45.265625,6.953744,3.808838,7.250922,16.088043,-14.533695,7,2012,203,Saison_des_pluies
1995-08-16,115,20.535714285714285,37.76108,87.49406,16.952791,3.2754738,6.206807,14.303261,-13.446739,8,1995,228,Saison_des_pluies
1996-10-16,115,20.535714285714285,9.504741,22.713247,4.1721087,3.180185,5.9293323,14.03587,-14.672826,10,1996,290,Saison_des_pluies
2003-08-18,115,20.535714285714285,32.99589,69.10646,16.70981,3.130795,5.83377,14.861957,-15.651087,8,2003,230,Saison_des_pluies
1981-07-08,115,20.535714285714285,22.25929,52.36614,5.7375765,3.1679401,5.8316016,14.742392,-11.922826,7,1981,189,Saison_des_pluies
2009-08-07,115,20.535714285714285,25.750511,41.7429,11.984411,2.889967,5.7161155,14.968478,-13.811956,8,2009,219,Saison_des_pluies
2015-07-25,115,20.535714285714285,35.464016,57.58105,20.049824,3.22751,4.529564,13.179348,-12.451087,7,2015,206,Saison_des_pluies
2012-09-20,115,20.535714285714285,24.279823,39.161816,9.713086,2.8259325,4.5053797,14.305435,-12.242392,9,2012,264,Saison_des_pluies
1988-11-05,114,20.357142857142858,1.4653654,5.9672923,0.3293465,3.4429495,5.884034,14.287281,-14.782895,11,1988,310,Saison_seche
2007-07-05,114,20.357142857142858,17.264732,37.93176,6.5787315,3.1493201,5.8234944,15.339912,-12.570175,7,2007,186,Saison_des_pluies
1987-08-22,114,20.357142857142858,26.484344,50.156883,12.1575985,3.0534158,5.760425,15.734649,-12.800439,8,1987,234,Saison_des_pluies
2016-08-16,114,20.357142857142858,28.773739,56.677223,16.309572,2.7793953,5.286234,14.77193,-15.092105,8,2016,229,Saison_des_pluies
2023-06-19,114,20.357142857142858,12.10334,19.634235,4.558265,3.0180416,5.1483407,14.826755,-13.072369,6,2023,170,Saison_des_pluies
1997-06-12,114,20.357142857142858,17.829681,33.765953,1.0635428,2.913437,4.616702,13.315789,-13.776316,6,1997,163,Saison_des_pluies
2003-09-16,114,20.357142857142858,27.15985,57.727665,9.987268,2.9248326,4.4152718,14.182017,-12.741228,9,2003,259,Saison_des_pluies
2013-08-11,113,20.17857142857143,36.026752,100.79871,11.667652,4.007391,9.16696,14.961283,-13.797566,8,2013,223,Saison_des_pluies
1988-08-09,113,20.17857142857143,48.03838,111.55498,16.563452,3.4418402,6.2414746,13.383849,-14.244469,8,1988,222,Saison_des_pluies
2007-07-10,113,20.17857142857143,19.783752,34.38296,5.465596,2.856003,4.7623897,14.527655,-13.859513,7,2007,191,Saison_des_pluies
2017-06-24,113,20.17857142857143,21.606413,33.042473,10.049769,2.955526,4.4329376,13.32854,-12.350664,6,2017,175,Saison_des_pluies
2004-06-04,112,20.0,13.235221,33.055424,0.5110579,5.705655,25.74994,13.897322,-15.816964,6,2004,156,Saison_des_pluies
2014-10-29,112,20.0,9.47702,24.966785,0.8074405,5.5683856,11.225361,13.700892,-12.102678,10,2014,302,Saison_des_pluies
2023-07-08,112,20.0,17.103857,28.435354,6.299326,3.6574693,7.364775,15.741072,-14.678572,7,2023,189,Saison_des_pluies
1989-07-05,112,20.0,29.808,80.46235,5.3680973,3.4816444,7.2399554,13.819197,-15.294642,7,1989,186,Saison_des_pluies
1982-08-12,112,20.0,35.64103,69.77005,15.76315,3.2757657,5.9059525,14.223214,-14.982142,8,1982,224,Saison_des_pluies
1990-07-17,112,20.0,25.659212,39.17732,14.510314,3.075662,4.875704,13.863839,-13.450892,7,1990,198,Saison_des_pluies
1994-08-08,112,20.0,21.728806,34.598,12.038935,2.5916867,4.0084667,15.464286,-13.841517,8,1994,220,Saison_des_pluies
1983-06-13,111,19.82142857142857,4.397797,14.887071,1.0578736,5.561219,16.397722,15.793919,-15.273648,6,1983,164,Saison_des_pluies
2012-06-24,111,19.82142857142857,21.816504,32.00874,2.9636462,4.895125,9.076992,14.863739,-12.212838,6,2012,176,Saison_des_pluies
1987-10-13,111,19.82142857142857,6.367,17.87865,1.7504977,3.2171319,6.4552574,15.318694,-12.663288,10,1987,286,Saison_des_pluies
1994-07-11,111,19.82142857142857,22.253551,43.38898,8.459302,3.119243,5.713861,14.469595,-13.138514,7,1994,192,Saison_des_pluies
2005-05-19,111,19.82142857142857,4.643071,12.394789,0.23851348,3.0582633,5.3916173,13.76464,-12.4943695,5,2005,139,Saison_des_pluies
1982-08-10,111,19.82142857142857,37.086834,75.231964,16.68781,2.736047,4.714306,13.674549,-13.375,8,1982,222,Saison_des_pluies
2010-10-16,111,19.82142857142857,5.280213,19.377878,1.2097733,2.784678,4.4571247,15.442568,-14.469595,10,2010,289,Saison_des_pluies
2020-10-03,111,19.82142857142857,9.879393,24.16796,4.180864,2.8473036,4.404511,15.449325,-12.521397,10,2020,277,Saison_des_pluies
2008-06-27,110,19.642857142857142,20.547857,40.092907,6.9284997,5.7270145,10.598471,15.434091,-12.829545,6,2008,179,Saison_des_pluies
2008-10-21,110,19.642857142857142,8.276795,20.557219,1.1889582,4.084038,10.335148,14.306818,-14.797728,10,2008,295,Saison_des_pluies
1981-09-12,110,19.642857142857142,34.42623,81.41297,10.771604,4.4273977,9.128925,15.325,-15.415909,9,1981,255,Saison_des_pluies
2003-10-31,110,19.642857142857142,8.478717,21.728672,1.4668639,3.6312706,7.464814,13.006818,-14.154546,10,2003,304,Saison_des_pluies
1987-10-29,110,19.642857142857142,5.0992236,11.875248,1.4651842,3.312602,6.608735,13.843182,-14.004545,10,1987,302,Saison_des_pluies
1997-11-13,110,19.642857142857142,0.8592563,5.5140224,0.11291149,3.6373558,6.483303,13.670455,-13.820455,11,1997,317,Saison_seche
2007-09-08,110,19.642857142857142,31.293943,56.86829,13.718836,3.8237019,6.1569705,15.313637,-15.654546,9,2007,251,Saison_des_pluies
2019-06-30,110,19.642857142857142,22.739586,47.089077,10.076878,3.088461,6.0602994,13.793181,-14.559091,6,2019,181,Saison_des_pluies
1991-07-04,110,19.642857142857142,27.265919,53.53081,13.386348,2.949186,5.8546586,13.336364,-12.604546,7,1991,185,Saison_des_pluies
1985-08-27,110,19.642857142857142,29.990873,60.837315,14.797537,3.4694014,5.7786956,15.3,-14.659091,8,1985,239,Saison_des_pluies
2010-07-11,110,19.642857142857142,20.540865,45.64586,8.299057,2.6189353,3.9701505,14.418181,-13.579545,7,2010,192,Saison_des_pluies
1992-10-03,110,19.642857142857142,12.675822,21.919817,3.9845934,2.5651367,3.8071089,14.547728,-14.722727,10,1992,277,Saison_des_pluies
2002-06-05,109,19.464285714285715,5.658548,14.538505,0.11345829,3.4165235,8.2121935,15.18234,-13.595183,6,2002,156,Saison_des_pluies
1999-08-16,109,19.464285714285715,29.863256,79.29814,15.32919,2.8874094,6.8439164,14.700688,-15.409404,8,1999,228,Saison_des_pluies
2022-05-31,109,19.464285714285715,13.943309,25.7442,2.050639,3.4461155,6.6225157,13.441514,-12.225918,5,2022,151,Saison_des_pluies
2018-09-07,109,19.464285714285715,37.561787,79.316795,17.595,3.2350717,5.629917,13.737386,-15.813073,9,2018,250,Saison_des_pluies
1994-10-29,108,19.28571428571429,12.395725,29.182697,2.0834014,5.1293416,10.705608,13.097222,-12.37963,10,1994,302,Saison_des_pluies
1993-10-26,108,19.28571428571429,8.900114,27.854626,0.977275,3.2494335,7.4744167,13.636574,-12.759259,10,1993,299,Saison_des_pluies
2010-08-04,108,19.28571428571429,22.654524,45.841953,10.564005,3.0351498,5.8795943,15.715278,-13.694445,8,2010,216,Saison_des_pluies
1984-09-14,108,19.28571428571429,30.00421,54.597755,14.762496,2.8820603,5.652099,13.738426,-15.023149,9,1984,258,Saison_des_pluies
2022-09-03,108,19.28571428571429,34.14474,60.40269,14.348579,3.1438808,5.366411,14.363426,-15.717592,9,2022,246,Saison_des_pluies
2000-08-26,108,19.28571428571429,26.497755,46.627403,12.879982,3.1795397,5.2977333,15.599537,-12.206018,8,2000,239,Saison_des_pluies
2017-06-22,108,19.28571428571429,16.596931,29.267178,1.7505503,2.976946,4.699892,14.386574,-13.381945,6,2017,173,Saison_des_pluies
1981-07-24,107,19.107142857142854,24.51907,43.67228,11.72223,3.6608891,9.03439,15.3866825,-14.412383,7,1981,205,Saison_des_pluies
1985-10-30,107,19.107142857142854,2.2990506,7.047995,0.5475437,3.3835566,8.692027,15.304907,-14.204439,10,1985,303,Saison_des_pluies
1985-09-28,107,19.107142857142854,27.560804,74.90751,11.177159,3.0911348,6.9497623,13.529205,-15.167056,9,1985,271,Saison_des_pluies
2000-07-07,107,19.107142857142854,17.697,36.906548,4.1941724,2.6166892,6.0731015,14.683412,-13.484813,7,2000,189,Saison_des_pluies
2016-06-30,107,19.107142857142854,10.435479,17.177153,3.0281928,2.9877331,5.180783,16.096962,-13.503505,6,2016,182,Saison_des_pluies
1996-07-31,106,18.928571428571427,29.818348,54.76259,12.916998,2.9632125,5.0527368,14.2688675,-15.419811,7,1996,213,Saison_des_pluies
2005-10-29,105,18.75,4.5959263,18.628338,0.5289478,3.2480345,5.6158834,14.363095,-13.967857,10,2005,302,Saison_des_pluies
1999-10-16,105,18.75,9.435609,28.914097,1.4709506,2.80905,5.4810567,14.094048,-12.886905,10,1999,289,Saison_des_pluies
2000-09-17,105,18.75,31.56859,65.394844,15.457726,2.9276001,4.6791835,13.489285,-15.489285,9,2000,261,Saison_des_pluies
1997-09-25,105,18.75,19.142857,33.96239,9.121824,2.8008518,4.337979,15.115477,-14.134523,9,1997,268,Saison_des_pluies
2009-10-24,105,18.75,9.870965,23.364033,2.0633225,2.7066522,3.9431279,13.139286,-12.370238,10,2009,297,Saison_des_pluies
2023-09-16,105,18.75,21.529314,32.882267,10.860719,2.6626928,3.844037,14.815476,-12.310715,9,2023,259,Saison_des_pluies
2014-08-14,104,18.571428571428573,47.802677,193.93799,20.740334,3.3024447,8.451423,13.478365,-15.278846,8,2014,226,Saison_des_pluies
2020-10-08,104,18.571428571428573,14.337935,29.643213,7.5235896,2.8292017,6.636275,13.567307,-15.194712,10,2020,282,Saison_des_pluies
2011-08-21,104,18.571428571428573,52.360317,129.83322,24.883512,3.3510337,6.2946105,13.153846,-12.350962,8,2011,233,Saison_des_pluies
1994-10-06,104,18.571428571428573,14.140896,26.926846,4.049864,2.7676313,4.916204,13.925481,-13.067307,10,1994,279,Saison_des_pluies
2020-09-04,104,18.571428571428573,19.793102,36.33389,11.585328,3.079952,4.880404,16.0,-12.605769,9,2020,248,Saison_des_pluies
2006-08-29,104,18.571428571428573,34.077507,89.12944,19.17836,2.5251284,4.4256244,13.925481,-14.103365,8,2006,241,Saison_des_pluies
1983-10-24,103,18.392857142857146,3.7821355,12.085163,1.1225908,4.9383106,9.2932415,16.158981,-14.515777,10,1983,297,Saison_des_pluies
1999-09-30,103,18.392857142857146,14.817677,30.720884,7.124316,2.7170627,4.6194615,14.877427,-12.641991,9,1999,273,Saison_des_pluies
2016-07-15,103,18.392857142857146,22.124979,33.703583,11.3175535,2.849321,4.456387,14.370146,-14.270631,7,2016,197,Saison_des_pluies
1986-05-06,102,18.21428571428571,2.3981748,12.843645,0.026111022,7.0266576,28.91985,14.078431,-13.056373,5,1986,126,Saison_des_pluies
1984-06-02,102,18.21428571428571,5.8738084,15.065795,0.44948342,5.9138603,15.804518,15.355392,-13.578431,6,1984,154,Saison_des_pluies
2020-09-24,102,18.21428571428571,20.036175,38.76657,9.789692,2.8215656,6.050386,14.997549,-14.061275,9,2020,268,Saison_des_pluies
2011-10-30,102,18.21428571428571,5.742721,11.500454,2.2995815,3.4105809,5.888684,13.497549,-13.968137,10,2011,303,Saison_des_pluies
2017-05-27,102,18.21428571428571,11.805687,25.560719,2.839291,3.0508108,5.5073347,13.0,-12.801471,5,2017,147,Saison_des_pluies
1995-07-08,102,18.21428571428571,29.666195,53.208946,13.871957,2.9755738,5.303351,13.330882,-14.958333,7,1995,189,Saison_des_pluies
2008-09-30,102,18.21428571428571,20.348715,34.560936,11.853807,2.6018946,4.899941,13.382353,-13.129902,9,2008,274,Saison_des_pluies
1994-06-05,102,18.21428571428571,12.35846,24.712166,1.6263558,2.6641824,4.63981,13.556373,-13.509804,6,1994,156,Saison_des_pluies
1986-09-19,102,18.21428571428571,26.612951,35.69133,10.798611,3.1446924,4.546694,14.468137,-15.693627,9,1986,262,Saison_des_pluies
2008-10-03,102,18.21428571428571,11.35335,35.20483,4.152357,2.5699944,4.530635,15.012255,-13.678922,10,2008,277,Saison_des_pluies
2006-06-24,102,18.21428571428571,14.8356905,24.15896,2.925684,2.4991746,4.0742445,14.176471,-13.495098,6,2006,175,Saison_des_pluies
2008-09-16,102,18.21428571428571,29.311277,44.843807,18.186468,2.6645577,3.9453633,13.372549,-13.316176,9,2008,260,Saison_des_pluies
1998-06-13,101,18.035714285714285,7.0631914,22.810478,0.8150544,4.0610127,10.113601,15.503713,-13.558168,6,1998,164,Saison_des_pluies
2000-11-13,101,18.035714285714285,1.2406504,7.855469,0.12275838,3.609962,7.331648,13.003713,-13.466584,11,2000,318,Saison_seche
2023-07-29,101,18.035714285714285,43.07755,84.28549,11.285259,3.6451545,6.7484326,13.320544,-14.993812,7,2023,210,Saison_des_pluies
2017-07-30,101,18.035714285714285,41.691628,65.205246,15.225294,3.2606525,5.947541,13.434406,-15.761139,7,2017,211,Saison_des_pluies
1995-07-19,101,18.035714285714285,18.473164,35.306026,10.180899,3.3198917,5.786142,15.857674,-12.805693,7,1995,200,Saison_des_pluies
1996-08-21,101,18.035714285714285,25.93128,43.567173,15.224981,2.8319275,5.018405,15.511139,-15.147277,8,1996,234,Saison_des_pluies
1994-07-07,101,18.035714285714285,25.39802,45.125687,10.7878685,2.7583313,4.746082,13.516089,-15.303218,7,1994,188,Saison_des_pluies
2014-09-26,101,18.035714285714285,21.411537,45.730743,9.316968,2.8152003,4.604955,14.701733,-14.280941,9,2014,269,Saison_des_pluies
2002-08-31,101,18.035714285714285,40.78778,84.4551,19.51983,2.7033095,4.3999505,13.199258,-14.392326,8,2002,243,Saison_des_pluies
1982-08-07,101,18.035714285714285,34.90965,59.438934,17.690723,2.7744694,4.2562146,13.709158,-13.043317,8,1982,219,Saison_des_pluies
2017-08-08,101,18.035714285714285,18.873829,29.58757,12.116119,2.6506555,4.0627413,16.060644,-13.033416,8,2017,220,Saison_des_pluies
2022-07-20,101,18.035714285714285,19.137325,36.951775,10.49187,2.5858629,3.9403718,14.761139,-12.825495,7,2022,201,Saison_des_pluies
1999-09-15,101,18.035714285714285,24.677887,50.80635,13.650526,2.567775,3.7642293,14.563119,-14.070544,9,1999,258,Saison_des_pluies
1996-04-06,100,17.857142857142858,0.40571535,6.668032,0.0037183098,8.044269,19.575397,14.865,-12.73,4,1996,97,Saison_seche
1984-10-29,100,17.857142857142858,1.7146957,5.5431757,0.38717842,3.9408762,13.92279,15.9925,-13.92,10,1984,303,Saison_des_pluies
1997-05-09,100,17.857142857142858,9.0421,37.989918,0.21876143,4.740347,11.544568,13.0075,-13.2,5,1997,129,Saison_des_pluies
2005-07-11,100,17.857142857142858,14.327417,26.748755,5.324084,3.2510307,5.749981,16.055,-14.925,7,2005,192,Saison_des_pluies
2014-09-17,100,17.857142857142858,26.122087,48.32762,9.436446,3.5624819,5.721862,15.14,-12.655,9,2014,260,Saison_des_pluies
2017-08-22,100,17.857142857142858,59.068512,96.024,30.466124,3.4756622,5.5997195,12.7175,-13.55,8,2017,234,Saison_des_pluies
2000-07-06,100,17.857142857142858,15.757489,32.702152,6.822278,2.63145,4.976464,15.1575,-12.3875,7,2000,188,Saison_des_pluies
1982-08-21,100,17.857142857142858,26.879026,49.912464,12.3666935,2.9948945,4.9266734,15.3225,-12.1475,8,1982,233,Saison_des_pluies
2012-05-21,100,17.857142857142858,6.0669355,12.660985,0.81622535,2.8319507,4.429625,13.4275,-12.7225,5,2012,142,Saison_des_pluies
2016-11-04,100,17.857142857142858,1.306129,5.79739,0.19088677,2.5216494,4.16486,14.6925,-13.1525,11,2016,309,Saison_seche
1994-09-29,100,17.857142857142858,22.660114,42.131348,8.886603,2.5327067,3.8843071,13.255,-13.0925,9,1994,272,Saison_des_pluies
1992-05-04,99,17.67857142857143,1.6393416,6.181337,0.012152105,4.079057,11.203554,14.248737,-12.736111,5,1992,125,Saison_des_pluies
1989-07-14,99,17.67857142857143,20.558826,39.99797,8.710304,4.1737285,10.007455,16.084597,-13.256313,7,1989,195,Saison_des_pluies
2023-10-13,99,17.67857142857143,5.5552616,18.676691,1.5338806,3.7628174,7.6359715,16.160353,-14.604798,10,2023,286,Saison_des_pluies
2010-06-07,99,17.67857142857143,14.351635,33.526363,2.0824804,3.385378,6.1414704,14.387627,-12.589646,6,2010,158,Saison_des_pluies
2015-10-15,99,17.67857142857143,9.408453,28.762775,1.227927,3.0230606,5.8329115,14.751263,-13.92803,10,2015,288,Saison_des_pluies
2012-05-18,99,17.67857142857143,6.416651,17.190035,0.15830031,3.2376401,5.720278,12.958333,-13.665404,5,2012,139,Saison_des_pluies
2003-08-16,99,17.67857142857143,22.231035,42.629826,12.690448,3.0520632,5.6402216,16.140152,-14.407828,8,2003,228,Saison_des_pluies
1982-07-31,99,17.67857142857143,38.925987,63.467087,15.37908,3.4534056,5.5959344,13.829545,-11.847222,7,1982,212,Saison_des_pluies
2002-08-07,99,17.67857142857143,42.79746,81.14336,23.99808,2.9381022,4.118062,13.109848,-12.554293,8,2002,219,Saison_des_pluies
2005-06-13,99,17.67857142857143,17.83271,30.15102,6.6972747,2.5928054,4.050905,13.347222,-12.200758,6,2005,164,Saison_des_pluies
1994-08-27,99,17.67857142857143,33.43461,47.66535,13.418156,2.6427789,3.9937992,14.137627,-12.145202,8,1994,239,Saison_des_pluies
2006-06-08,99,17.67857142857143,13.973477,23.847319,4.4061947,2.6650076,3.940705,13.905303,-13.02904,6,2006,159,Saison_des_pluies
2016-04-24,98,17.5,2.381204,8.410407,0.034573644,9.444799,18.254478,13.323979,-12.053572,4,2016,115,Saison_seche
2006-07-28,98,17.5,28.283056,49.142776,11.895275,4.451053,10.393676,15.910714,-15.137755,7,2006,209,Saison_des_pluies
1987-06-08,98,17.5,10.871583,33.119003,1.7797335,4.591606,9.698778,15.073979,-13.176021,6,1987,159,Saison_des_pluies
2015-10-12,98,17.5,12.07827,24.946295,2.3310373,3.8207645,7.0308337,14.247449,-11.918367,10,2015,285,Saison_des_pluies
1987-06-22,98,17.5,11.1618805,22.451271,2.664993,3.1563315,6.897205,14.936225,-14.543367,6,1987,173,Saison_des_pluies
2014-10-27,98,17.5,10.949743,23.381458,2.338429,3.438858,6.251692,13.007653,-14.071428,10,2014,300,Saison_des_pluies
2002-06-22,98,17.5,14.058162,32.164886,3.2185812,2.665993,4.7768764,14.533163,-13.836735,6,2002,173,Saison_des_pluies
2004-08-31,98,17.5,28.939318,59.35164,12.446284,2.742289,4.645305,14.566326,-12.109694,8,2004,244,Saison_des_pluies
1993-08-12,98,17.5,25.741749,51.852856,10.817056,3.0107963,4.555507,15.160714,-14.920918,8,1993,224,Saison_des_pluies
1998-07-23,98,17.5,26.317173,60.883327,9.989011,2.9255269,4.4580255,14.788265,-14.964286,7,1998,204,Saison_des_pluies
2020-08-15,98,17.5,40.50811,80.73655,15.907692,2.60559,4.346187,13.477041,-13.816326,8,2020,228,Saison_des_pluies
2007-06-19,98,17.5,16.568777,31.810509,1.9291971,2.4074304,4.158018,13.380102,-13.122449,6,2007,170,Saison_des_pluies
2013-10-30,97,17.32142857142857,10.22137,37.121986,1.493709,3.7067804,11.367616,12.947165,-14.186855,10,2013,303,Saison_des_pluies
1981-08-11,97,17.32142857142857,65.90606,116.275635,21.697886,4.6106534,7.7891393,13.01933,-14.483248,8,1981,223,Saison_des_pluies
1997-10-18,97,17.32142857142857,4.171794,8.392391,1.1193591,3.814404,7.116829,15.900773,-13.552835,10,1997,291,Saison_des_pluies
1994-06-17,97,17.32142857142857,15.856209,39.592575,2.5047786,2.7722569,5.304075,13.877578,-12.212629,6,1994,168,Saison_des_pluies
1982-07-20,97,17.32142857142857,23.236603,46.923866,7.428602,2.5950615,5.1675253,14.240979,-14.58634,7,1982,201,Saison_des_pluies
1997-06-27,96,17.142857142857142,11.277283,33.225056,2.3235629,4.451321,10.520773,16.257812,-13.671875,6,1997,178,Saison_des_pluies
2013-10-28,96,17.142857142857142,11.018872,27.257332,0.6501882,4.466209,9.345954,13.4140625,-12.4505205,10,2013,301,Saison_des_pluies
1999-10-26,96,17.142857142857142,11.248553,22.259932,3.0552049,3.7285411,6.5692067,13.1067705,-12.3151045,10,1999,299,Saison_des_pluies
2001-06-06,96,17.142857142857142,16.69208,29.464012,4.81445,3.4363823,6.5366173,13.4505205,-14.0598955,6,2001,157,Saison_des_pluies
1986-08-20,96,17.142857142857142,37.407375,63.924175,19.22963,2.8901646,5.061415,13.729167,-14.75,8,1986,232,Saison_des_pluies
1998-08-21,96,17.142857142857142,37.304096,78.78951,14.619564,2.5151062,4.9627814,13.947917,-13.989583,8,1998,233,Saison_des_pluies
2022-09-19,96,17.142857142857142,22.039831,36.559563,7.392389,3.127266,4.5724707,15.2317705,-12.348958,9,2022,262,Saison_des_pluies
2000-09-18,96,17.142857142857142,17.973246,32.29125,7.890553,2.6300347,4.369027,15.75,-13.213542,9,2000,262,Saison_des_pluies
1998-09-25,96,17.142857142857142,24.109488,41.508095,10.901797,2.6757843,4.356461,14.0078125,-14.2890625,9,1998,268,Saison_des_pluies
1990-07-22,96,17.142857142857142,15.643921,42.71699,8.193742,2.7017524,4.2373238,16.057291,-13.59375,7,1990,203,Saison_des_pluies
2012-09-27,96,17.142857142857142,19.146782,37.613853,9.233241,2.5932133,3.7041223,14.234375,-12.5859375,9,2012,271,Saison_des_pluies
2020-07-29,95,16.964285714285715,30.02358,92.497284,10.076346,3.799701,6.3393025,15.3197365,-12.353948,7,2020,211,Saison_des_pluies
1992-07-27,95,16.964285714285715,22.547747,51.14424,11.1093235,3.2395482,6.2085247,15.803947,-12.3986845,7,1992,209,Saison_des_pluies
1992-06-06,95,16.964285714285715,19.72384,34.9169,6.7693024,3.2046344,5.957814,13.356579,-12.669737,6,1992,158,Saison_des_pluies
2015-05-22,95,16.964285714285715,4.132321,11.725855,0.13128619,3.1567762,4.971396,13.427631,-14.127631,5,2015,142,Saison_des_pluies
2010-06-08,95,16.964285714285715,12.190016,22.744942,3.2869513,2.7345014,4.457689,13.977632,-14.464474,6,2010,159,Saison_des_pluies
2012-08-11,95,16.964285714285715,20.701952,35.919315,12.605743,2.6067536,3.6610885,15.767105,-12.582894,8,2012,224,Saison_des_pluies
2018-07-07,94,16.785714285714285,16.146555,27.633238,8.196122,3.858423,9.136049,15.9654255,-12.87766,7,2018,188,Saison_des_pluies
1986-08-02,94,16.785714285714285,42.669327,77.26885,10.242068,3.7192402,8.991684,13.484042,-13.478724,8,1986,214,Saison_des_pluies
2007-06-13,94,16.785714285714285,11.73152,27.040901,3.7102015,2.9965549,5.7067075,14.75,-12.404255,6,2007,164,Saison_des_pluies
2013-06-08,94,16.785714285714285,15.1988945,24.734234,5.7858925,2.87948,5.4054317,13.816489,-12.518617,6,2013,159,Saison_des_pluies
2005-08-11,94,16.785714285714285,22.38909,37.731323,12.334825,3.2382014,5.3548217,15.87766,-15.324468,8,2005,223,Saison_des_pluies
2005-08-16,94,16.785714285714285,25.40664,41.740845,14.288253,3.3545022,4.816402,16.013298,-14.936171,8,2005,228,Saison_des_pluies
1999-07-05,94,16.785714285714285,23.592255,47.805244,7.7257524,2.5658784,4.6206045,13.601064,-14.095745,7,1999,186,Saison_des_pluies
1997-09-04,94,16.785714285714285,27.80399,54.534927,9.592801,2.7172112,4.5779777,14.635638,-12.803191,9,1997,247,Saison_des_pluies
2000-06-02,94,16.785714285714285,14.697816,24.022287,6.7243605,2.6068125,3.527097,13.055851,-12.867022,6,2000,154,Saison_des_pluies
1993-07-25,93,16.607142857142858,34.650215,67.90078,10.242546,4.3243976,9.479458,14.829301,-12.708333,7,1993,206,Saison_des_pluies
1983-09-28,93,16.607142857142858,20.652699,61.743526,8.207644,3.2507212,6.585585,14.606183,-14.017473,9,1983,271,Saison_des_pluies
1984-10-05,93,16.607142857142858,9.38741,27.462193,3.8167539,3.2746043,6.132222,15.399194,-12.915322,10,1984,279,Saison_des_pluies
2000-09-27,93,16.607142857142858,13.303662,25.35869,7.7493114,3.1118584,5.8005505,16.213709,-14.590054,9,2000,271,Saison_des_pluies
2008-08-24,93,16.607142857142858,29.175135,57.96394,13.14505,2.8711567,5.774588,14.96371,-14.237904,8,2008,237,Saison_des_pluies
1994-07-28,93,16.607142857142858,30.5346,69.9567,12.680092,3.124606,5.599692,14.662635,-14.452957,7,1994,209,Saison_des_pluies
2007-08-27,93,16.607142857142858,23.638086,38.14925,11.685688,3.0879745,5.2087493,15.869623,-14.004032,8,2007,239,Saison_des_pluies
2015-07-27,93,16.607142857142858,32.04891,68.21229,16.078743,2.741771,4.452095,13.799731,-13.280914,7,2015,208,Saison_des_pluies
1986-07-19,93,16.607142857142858,28.717684,55.448334,14.12162,2.5497918,4.224843,13.063172,-13.116936,7,1986,200,Saison_des_pluies
2019-09-19,93,16.607142857142858,22.119968,37.39861,10.399036,2.4346843,3.6034102,14.547043,-14.487904,9,2019,262,Saison_des_pluies
1987-06-10,92,16.428571428571427,18.69154,65.990906,0.32029176,3.5643935,12.345899,13.665761,-14.399457,6,1987,161,Saison_des_pluies
1987-09-18,92,16.428571428571427,42.504147,100.97425,7.819192,3.8103678,9.070204,13.266304,-14.369565,9,1987,261,Saison_des_pluies
2012-06-25,92,16.428571428571427,15.788618,28.28404,4.638827,4.3061957,8.908941,15.578804,-12.913043,6,2012,177,Saison_des_pluies
2000-08-01,92,16.428571428571427,24.425356,43.88665,12.863304,3.5975547,6.001496,15.763587,-15.32337,8,2000,214,Saison_des_pluies
2014-06-01,92,16.428571428571427,12.036954,19.987045,3.2575748,2.7788625,5.885814,13.432065,-12.692935,6,2014,152,Saison_des_pluies
1985-09-08,92,16.428571428571427,40.188103,65.37325,21.808294,3.2538538,5.264104,12.820652,-12.709239,9,1985,251,Saison_des_pluies
2023-10-06,92,16.428571428571427,22.688171,45.84014,4.033795,2.987748,4.6887383,13.05163,-14.353261,10,2023,279,Saison_des_pluies
1997-06-14,92,16.428571428571427,19.020227,33.049427,3.5242853,2.951094,4.664266,13.478261,-12.141304,6,1997,165,Saison_des_pluies
2013-09-13,92,16.428571428571427,20.866442,30.19204,11.698091,2.811376,4.3409586,15.13587,-12.133152,9,2013,256,Saison_des_pluies
1982-08-14,92,16.428571428571427,24.710386,41.642696,13.863524,2.7150369,4.2745304,15.358696,-13.660326,8,1982,226,Saison_des_pluies
2016-08-11,92,16.428571428571427,30.05568,84.0829,13.312328,2.7286875,4.2248235,14.63587,-13.288043,8,2016,224,Saison_des_pluies
1988-08-18,91,16.25,36.488216,65.72167,17.041922,4.3740396,6.7456484,15.605769,-15.798077,8,1988,231,Saison_des_pluies
1982-06-15,91,16.25,24.636026,38.72968,11.90243,3.4245183,6.112045,12.896978,-13.325549,6,1982,166,Saison_des_pluies
2021-06-09,91,16.25,15.298755,33.75029,4.5790462,2.543545,4.6912427,13.520604,-13.534341,6,2021,160,Saison_des_pluies
2012-09-06,91,16.25,31.699646,46.880493,9.551007,2.756536,4.55759,13.677197,-13.858517,9,2012,250,Saison_des_pluies
2023-08-28,91,16.25,26.16612,53.972744,12.383921,2.5915802,4.381187,15.127748,-14.842033,8,2023,240,Saison_des_pluies
2008-09-25,91,16.25,21.392607,36.816536,9.328929,2.4639783,4.3431005,13.916209,-14.037087,9,2008,269,Saison_des_pluies
2005-10-05,91,16.25,14.136758,26.461332,4.3211446,2.5875762,4.2635055,13.896978,-12.432693,10,2005,278,Saison_des_pluies
2023-07-14,91,16.25,21.581161,34.68011,9.521133,2.4359639,3.5503232,13.896978,-12.949176,7,2023,195,Saison_des_pluies
2019-08-25,91,16.25,36.88705,64.24008,20.193062,2.385166,3.3650942,13.440934,-13.059066,8,2019,237,Saison_des_pluies
2008-05-26,90,16.071428571428573,3.3229344,13.347385,0.37576488,3.7842855,9.297295,15.216666,-12.619445,5,2008,147,Saison_des_pluies
1981-09-18,90,16.071428571428573,28.79823,45.278667,11.838984,2.8446276,4.2745237,13.808333,-13.588889,9,1981,261,Saison_des_pluies
2009-06-29,89,15.892857142857142,12.813407,19.726576,4.6464634,3.7216039,8.193702,15.95927,-12.304775,6,2009,180,Saison_des_pluies
1984-06-16,89,15.892857142857142,17.669563,43.633514,4.8376417,3.1928477,7.446198,13.650281,-14.085674,6,1984,168,Saison_des_pluies
2000-10-02,89,15.892857142857142,16.25709,33.796494,5.766839,3.0370622,5.9575405,14.405899,-12.79073,10,2000,276,Saison_des_pluies
2022-06-20,89,15.892857142857142,6.0689607,12.956982,2.2609985,2.8563113,5.2451982,16.09691,-12.891854,6,2022,171,Saison_des_pluies
2011-08-24,89,15.892857142857142,43.544437,77.84682,12.297086,2.740042,4.5953865,13.394663,-12.462079,8,2011,236,Saison_des_pluies
2006-06-21,89,15.892857142857142,21.04705,33.498234,12.014832,2.7623441,4.183986,12.863764,-14.113764,6,2006,172,Saison_des_pluies
2002-07-20,89,15.892857142857142,26.25156,43.163666,13.489576,2.699338,4.0408416,13.706461,-12.34691,7,2002,201,Saison_des_pluies
1994-07-24,89,15.892857142857142,26.25993,41.873398,12.039343,2.474617,3.8642738,13.838483,-14.720506,7,1994,205,Saison_des_pluies
2004-09-27,89,15.892857142857142,12.184718,23.749933,7.7228985,2.5249429,3.3740492,15.776686,-13.116573,9,2004,271,Saison_des_pluies
1993-10-31,88,15.714285714285714,3.1522918,8.981944,0.3096205,6.6787124,21.134521,15.616477,-14.965909,10,1993,304,Saison_des_pluies
2003-10-23,88,15.714285714285714,3.7744262,10.783059,0.9726438,3.5045838,8.46594,15.383523,-12.892045,10,2003,296,Saison_des_pluies
1999-05-19,88,15.714285714285714,5.0418262,13.993931,0.30897954,4.240679,7.8815703,13.232955,-14.196023,5,1999,139,Saison_des_pluies
2012-10-29,88,15.714285714285714,6.4026685,13.0265255,1.5770543,4.283895,7.5820208,13.727273,-12.428977,10,2012,303,Saison_des_pluies
1981-07-03,88,15.714285714285714,25.38099,51.915432,7.2213163,3.2485952,5.61547,14.002841,-14.244318,7,1981,184,Saison_des_pluies
1989-06-04,88,15.714285714285714,12.195404,23.082836,4.506078,2.8789606,5.302927,13.161932,-15.071023,6,1989,155,Saison_des_pluies
1999-07-13,88,15.714285714285714,19.93502,29.950739,9.65567,2.685205,4.4152327,14.389205,-12.161932,7,1999,194,Saison_des_pluies
2005-07-25,88,15.714285714285714,24.378187,43.565453,7.2041426,2.4678984,3.7813377,14.102273,-14.286932,7,2005,206,Saison_des_pluies
1996-08-07,88,15.714285714285714,19.59456,36.608517,11.793417,2.5102062,3.6913178,15.732955,-13.522727,8,1996,220,Saison_des_pluies
2009-05-15,87,15.535714285714286,6.6760163,17.73397,0.053245496,4.7397842,10.001202,13.242816,-13.363505,5,2009,135,Saison_des_pluies
2015-08-07,87,15.535714285714286,43.678314,96.33183,13.240766,3.8983877,7.637389,14.08477,-11.722701,8,2015,219,Saison_des_pluies
2021-11-11,87,15.535714285714286,1.1864954,5.893817,0.13369906,3.4844694,6.0264034,14.018678,-13.84339,11,2021,315,Saison_seche
2014-05-26,87,15.535714285714286,3.9003458,13.672674,0.5037386,3.2974086,5.662115,14.754311,-12.829023,5,2014,146,Saison_des_pluies
2014-09-09,87,15.535714285714286,20.68324,39.275803,9.125321,2.7397137,5.204236,15.196839,-12.765804,9,2014,252,Saison_des_pluies
1981-09-14,87,15.535714285714286,31.328367,44.749935,19.384264,2.727822,4.965895,13.185345,-12.837644,9,1981,257,Saison_des_pluies
2004-05-29,87,15.535714285714286,9.46042,19.054943,3.4062388,2.8961709,4.8895936,13.466954,-13.719828,5,2004,150,Saison_des_pluies
2009-09-22,87,15.535714285714286,20.286634,47.92988,8.871797,2.5429213,4.7664075,14.88362,-12.4755745,9,2009,265,Saison_des_pluies
2017-09-23,87,15.535714285714286,23.694878,47.488846,8.6576805,2.8137174,4.604075,14.65661,-13.176724,9,2017,266,Saison_des_pluies
2005-08-19,87,15.535714285714286,36.827446,66.78845,21.849644,2.8363476,4.5467196,13.946839,-15.329023,8,2005,231,Saison_des_pluies
2010-08-31,87,15.535714285714286,42.104713,64.32733,20.60452,2.7317898,4.358678,13.04454,-14.619253,8,2010,243,Saison_des_pluies
1988-08-05,87,15.535714285714286,26.775208,41.394875,10.666758,2.5118897,3.682611,14.20546,-14.015804,8,1988,218,Saison_des_pluies
2004-08-21,87,15.535714285714286,29.417599,46.5427,19.790224,2.4435127,3.3904314,14.300287,-14.946839,8,2004,234,Saison_des_pluies
1989-08-21,86,15.357142857142858,32.81741,78.65914,15.259273,3.990695,10.343618,15.723837,-14.424418,8,1989,233,Saison_des_pluies
1989-06-23,86,15.357142857142858,23.946215,50.46982,6.940593,4.4170055,9.414515,14.139535,-12.209302,6,1989,174,Saison_des_pluies
2006-06-27,86,15.357142857142858,10.551054,19.991886,3.3915908,4.178042,8.896993,16.16279,-13.738372,6,2006,178,Saison_des_pluies
1987-06-12,86,15.357142857142858,25.042006,47.155514,9.185092,3.5394194,6.510632,12.65407,-13.729651,6,1987,163,Saison_des_pluies
1987-10-14,86,15.357142857142858,14.825253,26.65647,5.3553815,3.2640147,5.834651,13.15407,-13.2848835,10,1987,287,Saison_des_pluies
2012-10-20,86,15.357142857142858,9.595751,18.725775,4.6450157,2.915264,5.7192116,13.424418,-12.281977,10,2012,294,Saison_des_pluies
2004-08-01,86,15.357142857142858,18.683632,43.022823,11.500971,2.7637408,5.4112396,15.880814,-14.363372,8,2004,214,Saison_des_pluies
2010-06-21,86,15.357142857142858,18.593033,32.872997,3.0359628,2.701268,4.9375386,13.447675,-13.703488,6,2010,172,Saison_des_pluies
1993-07-18,86,15.357142857142858,23.423521,38.274704,15.121714,2.890682,4.8889127,14.351745,-15.593023,7,1993,199,Saison_des_pluies
2011-07-13,86,15.357142857142858,25.8464,51.698,14.470409,2.8127477,4.8017516,13.520349,-12.453488,7,2011,194,Saison_des_pluies
1983-07-06,86,15.357142857142858,26.293911,40.534077,15.055619,2.8842964,4.673285,13.255814,-14.561047,7,1983,187,Saison_des_pluies
1981-10-14,86,15.357142857142858,8.334906,22.910896,1.7322806,2.7479286,4.2059555,14.799418,-14.18314,10,1981,287,Saison_des_pluies
2011-08-22,86,15.357142857142858,41.99949,65.54211,20.406189,2.5468025,3.7740319,13.116279,-14.741279,8,2011,234,Saison_des_pluies
1985-08-06,85,15.178571428571427,93.91576,231.35138,25.742311,6.4997673,14.93813,12.869118,-13.013235,8,1985,218,Saison_des_pluies
2008-05-15,85,15.178571428571427,10.320833,26.832903,0.83982116,4.003248,10.771315,12.919118,-12.783824,5,2008,136,Saison_des_pluies
1987-05-26,85,15.178571428571427,2.662548,11.582761,0.2047165,3.7475998,8.69839,14.695588,-13.833823,5,1987,146,Saison_des_pluies
2023-05-09,85,15.178571428571427,1.2384108,6.5928416,0.025757294,3.3910232,7.4085717,14.360294,-12.663236,5,2023,129,Saison_des_pluies
2003-06-08,85,15.178571428571427,24.645702,43.38268,5.0817447,4.335813,7.401524,13.066176,-14.780882,6,2003,159,Saison_des_pluies
2000-10-03,85,15.178571428571427,12.23308,26.992737,4.747304,3.2255201,7.2255716,15.327941,-14.480883,10,2000,277,Saison_des_pluies
2007-10-31,85,15.178571428571427,4.1499825,9.186886,0.24620008,3.2350025,6.5414896,14.030882,-13.095589,10,2007,304,Saison_des_pluies
1988-06-21,85,15.178571428571427,14.329873,26.530678,4.0077653,2.7735417,4.7360296,14.563235,-13.404411,6,1988,173,Saison_des_pluies
2008-07-02,85,15.178571428571427,17.743404,32.23887,8.654681,2.8237264,4.259709,14.725,-14.34853,7,2008,184,Saison_des_pluies
2018-10-20,84,15.0,7.0439663,16.269798,1.3014183,5.0455704,10.714369,14.955358,-11.690476,10,2018,293,Saison_des_pluies
2003-10-20,84,15.0,10.400233,30.484383,0.8646761,3.5973752,9.406404,14.392858,-13.181547,10,2003,293,Saison_des_pluies
1992-07-23,84,15.0,20.857151,52.575005,10.740196,3.2805593,9.383019,15.830358,-15.157738,7,1992,205,Saison_des_pluies
2005-05-16,84,15.0,1.5787394,10.415117,0.010394696,3.5771816,8.466285,15.026786,-12.086309,5,2005,136,Saison_des_pluies
2014-07-04,84,15.0,13.931702,33.947643,4.1492815,4.01988,7.834112,16.071428,-14.684524,7,2014,185,Saison_des_pluies
2004-07-29,84,15.0,23.927633,48.689953,12.061654,3.2462456,6.6537294,15.571428,-15.363095,7,2004,211,Saison_des_pluies
1984-09-12,84,15.0,26.356838,49.66901,10.62257,3.3029127,6.5931854,14.889881,-12.232142,9,1984,256,Saison_des_pluies
2012-10-03,84,15.0,12.031242,23.777351,4.6376123,3.2433465,6.224106,15.502976,-15.050595,10,2012,277,Saison_des_pluies
2015-08-02,84,15.0,21.516459,34.141796,10.954829,3.1369796,6.0865464,15.720238,-15.175595,8,2015,214,Saison_des_pluies
2010-08-10,84,15.0,23.898092,43.579834,13.377367,3.2736018,6.045813,15.523809,-15.0,8,2010,222,Saison_des_pluies
2012-07-12,84,15.0,18.094326,51.060375,6.3473597,3.0581763,5.97951,15.294642,-13.375,7,2012,194,Saison_des_pluies
2000-09-22,84,15.0,21.399439,31.827312,13.208924,3.2749038,5.771922,15.464286,-15.002976,9,2000,266,Saison_des_pluies
2016-07-24,84,15.0,26.814194,51.17189,15.198936,3.0131674,5.071924,14.604167,-15.288691,7,2016,206,Saison_des_pluies
1996-11-07,84,15.0,1.3599534,5.6364527,0.2640798,2.7780888,4.579061,13.345238,-12.690476,11,1996,312,Saison_seche
2006-08-10,84,15.0,45.37602,85.415375,15.146575,2.80429,4.4753466,12.970238,-12.848214,8,2006,222,Saison_des_pluies
1993-07-29,84,15.0,25.912064,47.867535,10.715934,2.7968245,4.429253,14.5,-13.273809,7,1993,210,Saison_des_pluies
2000-09-04,84,15.0,19.039572,35.633373,12.088539,2.50979,4.0191197,15.583333,-12.339286,9,2000,248,Saison_des_pluies
1989-07-21,84,15.0,20.0177,42.283188,5.6245375,2.4191067,3.6230533,14.705358,-14.279762,7,1989,202,Saison_des_pluies
1988-10-30,83,14.821428571428571,2.5152235,5.9366693,0.4280193,4.7778063,9.973662,15.233434,-14.260542,10,1988,304,Saison_des_pluies
1988-05-26,83,14.821428571428571,14.873372,34.65103,3.0347466,4.3724146,8.036295,13.112952,-13.052711,5,1988,147,Saison_des_pluies
2000-10-17,83,14.821428571428571,11.403811,25.370012,2.960371,4.497775,7.903571,14.212349,-13.224398,10,2000,291,Saison_des_pluies
2022-08-06,83,14.821428571428571,21.097889,39.242146,12.183778,2.9506576,6.067716,15.718373,-15.42018,8,2022,218,Saison_des_pluies
1987-06-11,83,14.821428571428571,16.074781,28.58652,4.507849,2.8601046,5.832044,13.570783,-14.2454815,6,1987,162,Saison_des_pluies
2017-10-12,83,14.821428571428571,6.3009415,13.7525625,1.9129343,3.0861428,5.048734,15.459337,-14.185241,10,2017,285,Saison_des_pluies
1984-08-19,83,14.821428571428571,51.46707,80.80896,26.852497,2.8903637,4.932709,12.712349,-14.2545185,8,1984,232,Saison_des_pluies
1993-09-03,83,14.821428571428571,21.823149,59.86214,11.483093,2.6982245,4.8230233,15.64006,-13.625,9,1993,246,Saison_des_pluies
2023-08-19,83,14.821428571428571,28.667498,51.116962,14.730289,2.634236,4.102279,14.697289,-14.405121,8,2023,231,Saison_des_pluies
2015-08-19,83,14.821428571428571,37.89532,77.17666,17.215113,2.8245323,3.9826798,13.826807,-11.881024,8,2015,231,Saison_des_pluies
1985-07-22,83,14.821428571428571,33.00504,53.61192,18.659174,2.715845,3.8995543,12.989458,-13.694277,7,1985,203,Saison_des_pluies
2012-07-06,83,14.821428571428571,14.0569935,25.17243,6.089433,2.4301727,3.6892335,15.368976,-12.338856,7,2012,188,Saison_des_pluies
2009-08-25,83,14.821428571428571,26.99445,51.95591,14.538419,2.3320749,3.6094682,14.82982,-15.576807,8,2009,237,Saison_des_pluies
1984-06-01,82,14.642857142857144,5.7303658,16.26583,0.69517434,4.471902,17.512009,15.018292,-13.72561,6,1984,153,Saison_des_pluies
1996-07-07,82,14.642857142857144,24.084797,37.461933,16.004526,2.874463,5.219489,13.567073,-12.990853,7,1996,189,Saison_des_pluies
1998-08-05,82,14.642857142857144,21.233192,50.7124,10.484702,2.842962,5.1322274,15.786586,-15.131098,8,1998,217,Saison_des_pluies
2015-08-31,82,14.642857142857144,39.718525,71.80883,13.626038,2.997884,5.073141,13.679878,-11.817073,8,2015,243,Saison_des_pluies
1989-07-11,82,14.642857142857144,26.571714,51.73223,7.9315352,3.2068062,5.0387764,13.948171,-11.847561,7,1989,192,Saison_des_pluies
2008-06-21,82,14.642857142857144,10.329503,19.126522,1.2112306,2.3319876,3.9735785,15.003049,-12.792683,6,2008,173,Saison_des_pluies
1998-05-19,81,14.464285714285715,10.688382,20.29652,0.8872465,4.5931253,8.733951,13.047839,-12.649692,5,1998,139,Saison_des_pluies
2020-10-12,81,14.464285714285715,16.157288,30.3883,2.5805683,2.956737,6.0663323,13.248457,-14.322531,10,2020,286,Saison_des_pluies
1984-05-26,81,14.464285714285715,6.38551,12.588618,1.6335397,3.0049067,4.577191,13.890432,-13.078704,5,1984,147,Saison_des_pluies
2014-08-31,81,14.464285714285715,39.97574,56.783737,22.675825,3.2223206,4.5723886,13.825617,-12.276235,8,2014,243,Saison_des_pluies
1993-06-06,81,14.464285714285715,14.540018,22.421934,6.9632716,2.6720989,4.053492,13.470679,-13.75463,6,1993,157,Saison_des_pluies
2015-09-10,81,14.464285714285715,29.235563,46.241474,15.988961,2.5654895,3.551647,13.844136,-14.800926,9,2015,253,Saison_des_pluies
2005-05-11,80,14.285714285714285,2.9757633,9.510214,0.060524836,4.291488,14.95568,13.4125,-13.403125,5,2005,131,Saison_des_pluies
1994-09-21,80,14.285714285714285,38.299797,101.281075,12.455307,4.0660305,8.199879,14.2875,-16.25,9,1994,264,Saison_des_pluies
2005-07-16,80,14.285714285714285,25.731556,42.543365,9.254614,4.5061064,7.296188,15.1375,-16.08125,7,2005,197,Saison_des_pluies
2023-08-16,80,14.285714285714285,21.270905,43.09537,11.738712,3.117905,6.5127316,16.353125,-13.69375,8,2023,228,Saison_des_pluies
2011-07-14,80,14.285714285714285,34.26478,73.51543,17.813051,3.1764688,5.437105,12.95,-12.359375,7,2011,195,Saison_des_pluies
2019-06-13,80,14.285714285714285,11.266663,29.689543,0.38748148,3.0668702,4.672033,14.421875,-14.1125,6,2019,164,Saison_des_pluies
2023-09-28,80,14.285714285714285,24.758093,43.72275,13.68142,2.6873837,4.027062,13.296875,-15.65,9,2023,271,Saison_des_pluies
1997-09-10,80,14.285714285714285,30.30037,56.118217,15.767333,2.5392442,3.9774935,13.38125,-14.15625,9,1997,253,Saison_des_pluies
1993-09-27,80,14.285714285714285,13.0440855,19.487957,8.576071,2.61882,3.7056892,15.85625,-13.85,9,1993,270,Saison_des_pluies
1994-09-19,80,14.285714285714285,28.28601,45.271053,11.084133,2.4520612,3.2194529,13.29375,-13.521875,9,1994,262,Saison_des_pluies
2012-07-02,79,14.107142857142858,21.09448,30.158808,9.288897,4.2649097,6.9906106,14.748418,-15.90981,7,2012,184,Saison_des_pluies
1998-09-19,79,14.107142857142858,30.131536,51.19865,20.016718,2.8838303,4.6235604,13.393988,-14.849684,9,1998,262,Saison_des_pluies
1981-06-24,79,14.107142857142858,11.349822,37.40466,3.6923187,2.7170007,4.2537208,14.8465185,-14.419304,6,1981,175,Saison_des_pluies
2019-08-18,79,14.107142857142858,31.016663,55.260136,19.705217,2.5379612,3.9595184,14.150316,-15.390822,8,2019,230,Saison_des_pluies
2022-07-21,79,14.107142857142858,19.598606,47.18385,10.086118,2.6008964,3.9133244,14.871836,-13.634494,7,2022,202,Saison_des_pluies
2006-07-16,79,14.107142857142858,18.97842,45.198105,7.8559546,2.5179946,3.4319355,15.26424,-14.795886,7,2006,197,Saison_des_pluies
1981-07-14,79,14.107142857142858,16.334307,28.772362,6.6351805,2.4455097,3.4004211,15.099684,-12.273734,7,1981,195,Saison_des_pluies
1995-04-24,78,13.928571428571429,1.3075936,5.427054,0.08117171,5.469264,14.750042,13.038462,-12.314102,4,1995,114,Saison_seche
1989-06-01,78,13.928571428571429,8.242874,18.980654,0.35375908,3.4146788,13.939189,14.0,-14.060898,6,1989,152,Saison_des_pluies
2005-10-30,78,13.928571428571429,2.1387837,5.4195013,0.48827088,3.9969063,9.456496,15.653846,-14.022436,10,2005,303,Saison_des_pluies
2001-07-28,78,13.928571428571429,24.856771,49.032326,13.280149,3.9207637,8.119061,16.157051,-14.919871,7,2001,209,Saison_des_pluies
1992-08-31,78,13.928571428571429,34.782898,120.7254,11.351136,2.845793,6.846497,14.548077,-15.36218,8,1992,244,Saison_des_pluies
1989-07-13,78,13.928571428571429,17.290089,31.677269,5.400045,3.2218683,6.010187,15.807693,-15.451923,7,1989,194,Saison_des_pluies
2005-06-17,78,13.928571428571429,4.285999,11.645705,0.6248461,3.2541437,5.095054,15.605769,-15.701923,6,2005,168,Saison_des_pluies
1981-08-21,78,13.928571428571429,28.153934,47.430473,13.504608,2.815666,5.0740876,15.144231,-12.243589,8,1981,233,Saison_des_pluies
2013-07-17,78,13.928571428571429,15.198903,25.10898,8.744061,3.2296762,4.896596,16.40064,-13.11218,7,2013,198,Saison_des_pluies
2013-08-28,78,13.928571428571429,42.065872,81.070656,22.462315,2.7580738,4.896314,13.144231,-13.592949,8,2013,240,Saison_des_pluies
2009-07-21,78,13.928571428571429,24.504433,41.25262,12.615648,2.8647096,4.583437,14.102564,-14.26282,7,2009,202,Saison_des_pluies
1991-08-13,78,13.928571428571429,26.3492,42.546986,13.067694,3.0163612,4.5725813,15.358974,-12.38782,8,1991,225,Saison_des_pluies
1999-09-13,78,13.928571428571429,18.246298,29.246815,8.529933,2.7405844,4.299806,15.701923,-12.349359,9,1999,256,Saison_des_pluies
1991-09-27,78,13.928571428571429,21.85053,36.7657,8.715703,2.6752338,3.9525363,13.945513,-15.407051,9,1991,270,Saison_des_pluies
1983-09-11,78,13.928571428571429,27.908548,50.65301,14.961752,2.5946395,3.587524,14.115385,-15.676282,9,1983,254,Saison_des_pluies
2017-04-11,77,13.750000000000002,0.39999074,5.5346503,0.0032295263,5.0494146,12.962325,14.511364,-13.154221,4,2017,101,Saison_seche
2015-09-29,77,13.750000000000002,12.89791,23.49626,5.3647075,3.294986,6.963191,16.222403,-14.849026,9,2015,272,Saison_des_pluies
2007-08-31,77,13.750000000000002,33.90978,62.303852,15.211433,3.4029217,6.319031,14.748377,-12.063312,8,2007,243,Saison_des_pluies
2021-10-24,77,13.750000000000002,5.053702,14.55427,2.3397472,3.5012968,6.0453153,14.894481,-15.625,10,2021,297,Saison_des_pluies
2010-06-29,77,13.750000000000002,9.103827,19.095366,1.3378396,3.04788,5.18584,16.108767,-13.829545,6,2010,180,Saison_des_pluies
2012-08-21,77,13.750000000000002,25.60874,57.4295,11.8875475,2.7235465,4.786952,15.426948,-12.082792,8,2012,234,Saison_des_pluies
2021-09-18,77,13.750000000000002,27.732767,49.24522,13.815443,2.8310661,4.69692,14.290585,-14.391233,9,2021,261,Saison_des_pluies
1998-09-18,77,13.750000000000002,26.955072,54.22006,16.86026,2.7044427,4.580714,14.037337,-14.248377,9,1998,261,Saison_des_pluies
2007-07-18,77,13.750000000000002,15.912347,29.99022,10.143379,3.0323093,4.5125856,15.930195,-12.573052,7,2007,199,Saison_des_pluies
1996-09-27,77,13.750000000000002,18.854555,31.962446,9.677104,2.6696408,4.510195,14.345779,-13.579545,9,1996,271,Saison_des_pluies
1993-07-02,77,13.750000000000002,29.381094,50.957394,14.391589,2.827941,4.489035,12.832792,-13.358767,7,1993,183,Saison_des_pluies
2016-07-04,77,13.750000000000002,28.715696,43.352158,18.171541,2.7125993,4.139677,12.871754,-12.839286,7,2016,186,Saison_des_pluies
2003-06-25,77,13.750000000000002,18.95585,36.18127,10.934662,2.5253024,3.841979,13.433441,-13.589286,6,2003,176,Saison_des_pluies
2010-08-08,77,13.750000000000002,39.977005,68.721985,19.971245,2.62388,3.7895994,13.271104,-12.582792,8,2010,220,Saison_des_pluies
2023-06-29,77,13.750000000000002,17.500559,30.98135,7.2384944,2.602602,3.57378,14.420455,-11.956169,6,2023,180,Saison_des_pluies
2019-08-21,77,13.750000000000002,35.980495,62.312813,21.157679,2.4038758,3.2604754,13.439935,-14.676948,8,2019,233,Saison_des_pluies
2000-07-27,76,13.571428571428571,21.427542,36.69861,9.7761965,3.3614461,6.685234,16.131578,-15.217105,7,2000,209,Saison_des_pluies
2000-10-15,76,13.571428571428571,17.108877,46.935932,4.6724515,3.5622635,6.4638996,13.210526,-14.467105,10,2000,289,Saison_des_pluies
2012-07-28,76,13.571428571428571,29.371868,49.78146,13.851012,2.9601219,5.271544,13.868421,-13.907895,7,2012,210,Saison_des_pluies
1990-10-17,76,13.571428571428571,7.828012,12.970537,1.7031517,2.822315,5.1393337,14.236842,-13.907895,10,1990,290,Saison_des_pluies
1992-09-18,76,13.571428571428571,19.881748,40.030254,10.623344,2.7196,4.56715,15.358553,-15.029605,9,1992,262,Saison_des_pluies
2012-09-19,76,13.571428571428571,28.203405,41.769196,11.37854,3.0478191,4.5607886,13.763158,-11.815789,9,2012,263,Saison_des_pluies
2018-07-09,76,13.571428571428571,19.604324,31.171944,10.633927,2.8230417,4.1909266,14.618421,-12.148026,7,2018,190,Saison_des_pluies
2002-07-02,76,13.571428571428571,16.808996,34.775932,8.132854,2.590516,3.856868,14.490131,-14.654605,7,2002,183,Saison_des_pluies
2020-08-25,76,13.571428571428571,21.867832,38.086666,11.91022,2.3720293,3.2922099,15.476974,-12.026316,8,2020,238,Saison_des_pluies
2002-10-08,75,13.392857142857142,7.7445273,13.693834,2.8591285,3.3452737,10.739237,15.551666,-15.145,10,2002,281,Saison_des_pluies
1981-08-03,75,13.392857142857142,26.52395,52.706245,15.145064,4.106281,9.616557,15.815,-14.111667,8,1981,215,Saison_des_pluies
2005-05-21,75,13.392857142857142,3.366972,13.123224,0.10462726,3.3560774,8.820021,13.695,-14.368333,5,2005,141,Saison_des_pluies
2017-06-09,75,13.392857142857142,17.6126,32.0742,1.6797786,3.2936518,8.659264,13.925,-13.095,6,2017,160,Saison_des_pluies
2020-10-05,75,13.392857142857142,11.520105,25.89605,4.275265,3.7754142,6.733717,15.0616665,-11.955,10,2020,279,Saison_des_pluies
1985-08-05,75,13.392857142857142,48.85417,95.386826,26.85685,3.4308937,6.2334294,13.035,-12.275,8,1985,217,Saison_des_pluies
2000-08-05,75,13.392857142857142,21.859802,52.630604,11.988112,3.02302,5.571601,15.915,-14.665,8,2000,218,Saison_des_pluies
1999-06-14,75,13.392857142857142,16.902836,34.20565,2.4481547,2.9835503,4.830003,13.431666,-14.995,6,1999,165,Saison_des_pluies
2013-09-07,75,13.392857142857142,19.792131,32.866627,11.146405,2.6375794,4.8045883,15.701667,-14.398334,9,2013,250,Saison_des_pluies
2010-08-25,75,13.392857142857142,23.319874,40.98877,13.398831,2.9191031,4.6190166,15.931666,-13.615,8,2010,237,Saison_des_pluies
2022-10-18,75,13.392857142857142,9.584446,26.380898,4.019289,2.7156653,4.0498557,13.788333,-15.338333,10,2022,291,Saison_des_pluies
2018-08-29,75,13.392857142857142,39.250134,67.23766,14.823495,2.596557,3.605659,13.181666,-12.651667,8,2018,241,Saison_des_pluies
1985-05-11,74,13.214285714285715,1.3309971,5.774579,0.010325841,8.638248,21.739128,14.442568,-13.807432,5,1985,131,Saison_des_pluies
1986-08-04,74,13.214285714285715,33.85021,63.143948,15.731829,5.0994015,8.350776,15.763514,-14.199325,8,1986,216,Saison_des_pluies
2009-05-14,74,13.214285714285715,11.605745,26.902336,0.0616607,4.1630044,7.9802337,13.128378,-12.135135,5,2009,134,Saison_des_pluies
2001-08-05,74,13.214285714285715,28.241386,51.036865,10.670283,3.8507318,7.712019,15.692568,-11.976352,8,2001,217,Saison_des_pluies
1984-08-14,74,13.214285714285715,53.580574,96.72778,24.81708,3.5986893,6.529296,13.260135,-13.101352,8,1984,227,Saison_des_pluies
1984-10-31,74,13.214285714285715,5.0864553,13.2298765,0.28410506,3.4778328,6.5238156,13.692568,-12.8918915,10,1984,305,Saison_des_pluies
1984-09-25,74,13.214285714285715,26.211542,42.30448,15.1477,3.1490257,5.9821963,13.841216,-15.675675,9,1984,269,Saison_des_pluies
2012-08-14,74,13.214285714285715,24.62027,59.194256,14.893301,3.1961808,5.7937217,15.939189,-15.540541,8,2012,227,Saison_des_pluies
2017-05-28,74,13.214285714285715,3.0372105,12.209711,0.017148336,2.917701,5.559147,14.847973,-14.341216,5,2017,148,Saison_des_pluies
1984-10-06,74,13.214285714285715,11.295254,20.957148,3.0275118,3.02161,5.2227664,14.648648,-13.7668915,10,1984,280,Saison_des_pluies
1987-06-17,74,13.214285714285715,11.469953,27.814854,2.6432147,3.3092034,5.219154,14.385135,-15.503378,6,1987,168,Saison_des_pluies
2007-09-26,74,13.214285714285715,21.221153,48.10496,9.006497,3.178086,5.0112977,15.158784,-15.77027,9,2007,269,Saison_des_pluies
2004-06-14,74,13.214285714285715,15.075446,27.864988,6.3010006,3.2193627,4.991879,13.878378,-15.462838,6,2004,166,Saison_des_pluies
2017-07-01,74,13.214285714285715,14.385019,31.949396,2.1723135,3.1097627,4.9022145,15.118243,-15.209459,7,2017,182,Saison_des_pluies
2009-09-18,74,13.214285714285715,17.505121,25.748943,11.351055,2.5673995,4.608599,15.459459,-12.679054,9,2009,261,Saison_des_pluies
2008-10-02,74,13.214285714285715,19.801567,38.12434,4.9968534,2.9142141,4.572,13.611486,-12.652027,10,2008,276,Saison_des_pluies
2009-08-31,74,13.214285714285715,43.079395,89.87856,16.231867,3.041387,4.488212,13.831081,-15.685811,8,2009,243,Saison_des_pluies
1993-07-07,74,13.214285714285715,23.185078,46.228867,10.987282,2.5108783,3.8285687,13.418919,-13.408784,7,1993,188,Saison_des_pluies
1984-07-26,73,13.035714285714286,47.543034,99.431915,16.81915,3.573016,7.034615,12.871575,-13.761987,7,1984,208,Saison_des_pluies
2019-08-26,73,13.035714285714286,35.142403,68.92344,16.112535,3.7437272,6.4636183,15.172945,-13.087329,8,2019,238,Saison_des_pluies
2010-09-20,73,13.035714285714286,25.721447,51.611984,12.090606,3.0415614,5.3566294,14.621575,-15.241438,9,2010,263,Saison_des_pluies
1983-06-12,73,13.035714285714286,6.046879,17.957092,1.2133708,3.0245063,5.2702813,15.799658,-12.364726,6,1983,163,Saison_des_pluies
2008-06-16,73,13.035714285714286,7.6017437,14.766499,3.0143845,2.8600824,5.003152,15.238013,-13.234589,6,2008,168,Saison_des_pluies
1995-09-11,73,13.035714285714286,25.244314,53.212643,12.386105,2.713873,4.728882,14.607877,-15.234589,9,1995,254,Saison_des_pluies
2023-10-08,73,13.035714285714286,13.594554,27.050169,3.7560992,2.6600523,4.6528053,13.803082,-14.881849,10,2023,281,Saison_des_pluies
1995-08-29,73,13.035714285714286,31.217255,83.58283,11.332101,2.6426806,4.5626163,14.501713,-12.8989725,8,1995,241,Saison_des_pluies
1996-08-14,73,13.035714285714286,29.216282,67.275894,13.395288,2.7813354,4.5002265,14.981164,-14.121575,8,1996,227,Saison_des_pluies
2000-08-30,73,13.035714285714286,26.467737,40.066948,14.371386,2.7655697,4.241302,15.025685,-13.049658,8,2000,243,Saison_des_pluies
1988-07-30,73,13.035714285714286,27.326456,42.083702,14.244778,2.6484299,4.126539,14.238013,-12.563356,7,1988,212,Saison_des_pluies
2015-08-25,73,13.035714285714286,32.921894,65.994934,17.093285,2.3576458,3.5100703,13.864726,-14.135274,8,2015,237,Saison_des_pluies
1997-06-01,72,12.857142857142856,5.7429743,32.402565,0.058813754,8.792034,25.904068,14.753472,-15.576389,6,1997,152,Saison_des_pluies
1991-06-02,72,12.857142857142856,17.288702,31.363596,0.29588714,3.6430025,10.090976,13.239583,-13.003472,6,1991,153,Saison_des_pluies
2015-10-31,72,12.857142857142856,4.31126,12.918715,0.848714,4.0113907,7.2887535,14.368055,-13.413195,10,2015,304,Saison_des_pluies
1993-07-24,72,12.857142857142856,26.661325,45.21332,12.301565,3.5646086,7.205912,15.166667,-14.020833,7,1993,205,Saison_des_pluies
2014-05-25,72,12.857142857142856,11.006012,19.608343,1.5641583,2.9766533,4.553905,13.197917,-11.951389,5,2014,145,Saison_des_pluies
2006-09-27,72,12.857142857142856,24.59515,45.47306,10.634237,2.732137,4.3000607,13.277778,-11.920139,9,2006,270,Saison_des_pluies
2001-08-23,72,12.857142857142856,45.273945,69.42655,27.23736,2.7850163,4.1968956,13.03125,-12.361111,8,2001,235,Saison_des_pluies
2015-08-20,72,12.857142857142856,24.525042,51.71589,14.138091,2.4973986,3.9831676,15.447917,-15.958333,8,2015,232,Saison_des_pluies
2020-07-16,72,12.857142857142856,16.556404,28.000662,7.456859,2.5302877,3.9203684,15.447917,-13.461805,7,2020,198,Saison_des_pluies
2020-08-23,72,12.857142857142856,34.11786,56.610268,20.26628,2.510878,3.7202408,13.982639,-12.861111,8,2020,236,Saison_des_pluies
1987-04-04,71,12.678571428571427,0.3355199,7.044153,0.003976981,5.557567,15.076168,14.790493,-14.103873,4,1987,94,Saison_seche
1995-09-23,71,12.678571428571427,26.642889,60.863876,9.932055,3.9746222,8.982881,15.625,-15.801056,9,1995,266,Saison_des_pluies
1986-05-11,71,12.678571428571427,7.0497193,14.678544,0.55257666,3.731974,7.1204367,13.156691,-12.382042,5,1986,131,Saison_des_pluies
1986-07-06,71,12.678571428571427,21.411371,47.908066,9.0034685,2.9081511,5.2555275,14.371479,-12.952465,7,1986,187,Saison_des_pluies
2020-07-13,71,12.678571428571427,16.484406,32.282753,6.6705065,3.0927331,4.8717623,15.882042,-12.0017605,7,2020,195,Saison_des_pluies
2011-06-21,71,12.678571428571427,7.478932,20.005371,0.8938691,2.712338,4.219532,15.322183,-14.565141,6,2011,172,Saison_des_pluies
2018-06-04,71,12.678571428571427,14.985724,22.846401,6.163463,2.7082598,3.5820708,13.304578,-12.079226,6,2018,155,Saison_des_pluies
2020-07-03,71,12.678571428571427,15.803805,24.691425,8.084283,2.4542494,3.524828,14.744719,-13.012324,7,2020,185,Saison_des_pluies
1989-06-02,70,12.5,7.6088676,13.279896,0.767838,4.8472157,18.939785,13.935715,-15.614285,6,1989,153,Saison_des_pluies
1999-05-18,70,12.5,3.7491543,10.643401,0.2747425,4.4375844,9.190699,14.025,-12.535714,5,1999,138,Saison_des_pluies
1995-08-15,70,12.5,51.6634,101.77967,11.97276,3.4494743,7.0610237,13.325,-13.142858,8,1995,227,Saison_des_pluies
2003-09-09,70,12.5,33.666264,60.215076,13.885663,3.9709656,6.6487565,15.203571,-16.078571,9,2003,252,Saison_des_pluies
2005-06-11,70,12.5,12.033392,22.43282,1.6588523,3.0665069,6.2699466,14.617857,-11.610714,6,2005,162,Saison_des_pluies
2006-05-23,70,12.5,6.2856636,12.386927,0.7051465,3.3076208,6.1330905,13.810715,-12.228572,5,2006,143,Saison_des_pluies
2008-08-30,70,12.5,27.383862,51.943893,10.479688,2.956016,5.3247833,15.2535715,-11.867857,8,2008,243,Saison_des_pluies
1986-10-09,70,12.5,9.642243,23.820251,3.1001096,2.8843925,4.7887588,14.75,-15.2535715,10,1986,282,Saison_des_pluies
1986-07-25,70,12.5,27.89045,39.955147,19.325558,2.6544435,4.3374915,13.578571,-13.035714,7,1986,206,Saison_des_pluies
2023-06-23,70,12.5,23.090332,32.36551,15.138035,2.8333902,4.311128,12.65,-13.735714,6,2023,174,Saison_des_pluies
1981-09-11,70,12.5,28.59106,56.02443,13.413243,2.6007133,3.6724079,14.142858,-14.489285,9,1981,254,Saison_des_pluies
2000-09-14,70,12.5,17.678715,23.88669,10.98723,2.6377919,3.5498433,16.114286,-15.157143,9,2000,258,Saison_des_pluies
1989-06-06,69,12.321428571428573,16.135008,31.5533,3.5501168,4.293953,8.545036,14.016304,-14.375,6,1989,157,Saison_des_pluies
2002-05-16,69,12.321428571428573,4.8468256,20.6081,0.025692718,3.9009638,7.6527267,14.009058,-12.63587,5,2002,136,Saison_des_pluies
1993-07-21,69,12.321428571428573,39.607918,67.95687,16.793903,3.8343124,7.6268506,13.077899,-13.668478,7,1993,202,Saison_des_pluies
2003-07-26,69,12.321428571428573,21.018213,33.635803,8.6564,3.0744548,6.001526,16.081522,-15.335145,7,2003,207,Saison_des_pluies
2010-06-13,69,12.321428571428573,7.1415715,16.246372,1.1668638,3.2034593,5.885266,15.414855,-13.157609,6,2010,164,Saison_des_pluies
2003-07-04,69,12.321428571428573,21.354671,38.1328,6.613458,3.394623,5.7999873,14.791667,-14.226449,7,2003,185,Saison_des_pluies
1989-08-23,69,12.321428571428573,31.29811,57.398823,20.614222,2.6824234,5.634993,14.563406,-13.480072,8,1989,235,Saison_des_pluies
2022-06-13,69,12.321428571428573,12.148934,23.104773,1.373848,2.9328427,5.299621,14.541667,-12.088768,6,2022,164,Saison_des_pluies
1987-07-19,69,12.321428571428573,32.211502,64.631584,9.75271,3.022645,4.7525616,13.407609,-12.686594,7,1987,200,Saison_des_pluies
2002-09-14,69,12.321428571428573,16.46832,26.880728,7.9082255,2.8636985,4.4411736,16.389492,-13.262681,9,2002,257,Saison_des_pluies
2020-09-10,69,12.321428571428573,26.128462,49.108746,13.186265,2.5892985,4.4399295,13.911232,-12.436594,9,2020,254,Saison_des_pluies
2010-09-10,69,12.321428571428573,29.154814,50.04247,11.763832,2.6170015,3.8106637,13.856884,-14.722826,9,2010,253,Saison_des_pluies
1997-08-26,69,12.321428571428573,39.595676,87.4434,13.429875,2.7458735,3.7978227,13.893116,-15.356884,8,1997,238,Saison_des_pluies
2010-09-28,69,12.321428571428573,16.249624,21.153131,12.017852,2.4171517,3.296365,14.512681,-14.940217,9,2010,271,Saison_des_pluies
2014-09-12,69,12.321428571428573,16.739943,26.562656,10.151902,2.3794477,3.2503405,15.711957,-12.617754,9,2014,255,Saison_des_pluies
2011-07-03,68,12.142857142857142,12.8574095,27.272182,6.4410334,4.0476604,8.815347,15.761029,-15.933824,7,2011,184,Saison_des_pluies
1991-07-27,68,12.142857142857142,45.3664,108.89346,19.980843,3.3234334,7.2819114,12.904411,-14.577206,7,1991,208,Saison_des_pluies
2010-06-28,68,12.142857142857142,18.479666,38.11913,1.6830822,2.8379054,6.5059667,13.863971,-13.919118,6,2010,179,Saison_des_pluies
2010-09-24,68,12.142857142857142,25.020035,52.315468,10.869738,2.9170406,6.007791,14.294118,-15.882353,9,2010,267,Saison_des_pluies
2000-07-31,68,12.142857142857142,18.84944,42.705692,11.203125,2.9431791,5.498228,16.242647,-12.930147,7,2000,213,Saison_des_pluies
1996-10-26,68,12.142857142857142,7.6468086,19.368496,1.0469421,3.115058,5.443128,13.6654415,-14.496324,10,1996,300,Saison_des_pluies
1990-10-20,68,12.142857142857142,4.7404337,9.003088,1.5168068,2.988219,5.3848543,15.305147,-15.617647,10,1990,293,Saison_des_pluies
1988-07-15,68,12.142857142857142,31.999533,52.770786,17.549938,2.9545443,4.8013935,12.919118,-14.382353,7,1988,197,Saison_des_pluies
2002-08-19,68,12.142857142857142,27.828835,45.269352,14.072319,2.8449259,4.7140617,15.1875,-15.7904415,8,2002,231,Saison_des_pluies
2023-07-17,68,12.142857142857142,32.081448,61.150772,14.629657,2.6502266,4.6733665,12.9595585,-14.7720585,7,2023,198,Saison_des_pluies
2004-07-10,68,12.142857142857142,18.942318,31.50132,10.545331,2.769191,4.2455144,14.573529,-14.5625,7,2004,192,Saison_des_pluies
1994-08-15,68,12.142857142857142,32.960438,54.966915,20.034132,2.6422882,3.9027297,13.735294,-13.779411,8,1994,227,Saison_des_pluies
1987-05-18,67,11.964285714285715,8.990897,18.598644,0.28222537,4.263143,10.192082,13.042911,-13.348881,5,1987,138,Saison_des_pluies
1987-09-25,67,11.964285714285715,20.817648,36.600136,6.6436653,3.5505896,6.920636,15.751865,-15.845149,9,1987,268,Saison_des_pluies
1999-09-28,67,11.964285714285715,17.522722,29.132837,8.024179,4.21834,6.516455,15.998135,-12.080224,9,1999,271,Saison_des_pluies
2015-10-25,67,11.964285714285715,11.6917095,26.753578,3.27275,3.5807865,6.096832,13.218284,-15.244403,10,2015,298,Saison_des_pluies
2000-09-23,67,11.964285714285715,23.110111,42.610367,11.036249,2.9810333,5.7681217,14.740672,-15.740672,9,2000,267,Saison_des_pluies
1995-08-20,67,11.964285714285715,32.60717,55.77668,19.550787,2.7440896,5.733188,14.139925,-14.841418,8,1995,232,Saison_des_pluies
1982-10-08,67,11.964285714285715,11.450052,24.134363,3.987486,2.9923778,5.5394783,14.274254,-13.031716,10,1982,281,Saison_des_pluies
2005-10-06,67,11.964285714285715,14.276019,28.390585,5.7050796,2.8454578,5.491012,14.173508,-16.222015,10,2005,279,Saison_des_pluies
1994-06-21,67,11.964285714285715,11.43588,20.511692,2.7851632,3.495524,5.437182,14.546641,-15.662313,6,1994,172,Saison_des_pluies
2012-09-23,67,11.964285714285715,26.183672,47.365444,10.69311,2.9133575,5.3816137,14.113806,-13.143657,9,2012,267,Saison_des_pluies
1990-09-20,67,11.964285714285715,20.10838,32.200237,11.008142,3.025912,5.2834115,15.692164,-12.654851,9,1990,263,Saison_des_pluies
1999-08-18,67,11.964285714285715,57.168163,102.98932,23.312176,3.186537,4.7339773,12.800373,-15.255597,8,1999,230,Saison_des_pluies
2005-09-29,67,11.964285714285715,13.313871,23.878298,8.298318,3.3049788,4.7276335,16.110075,-13.76306,9,2005,272,Saison_des_pluies
2000-06-29,67,11.964285714285715,12.730735,25.561874,4.8726735,2.445137,3.5808656,15.307836,-12.23694,6,2000,181,Saison_des_pluies
2006-07-26,67,11.964285714285715,22.698067,44.869953,15.201607,2.5977402,3.5420763,15.199627,-14.363806,7,2006,207,Saison_des_pluies
2018-07-21,67,11.964285714285715,17.233189,23.481081,9.293512,2.489626,3.390261,15.266791,-11.860075,7,2018,202,Saison_des_pluies
2018-10-07,67,11.964285714285715,8.588246,22.63235,3.28245,2.5631158,3.3847873,15.162313,-14.714552,10,2018,280,Saison_des_pluies
2018-07-24,67,11.964285714285715,17.899576,25.645943,7.53212,2.3779666,3.1437914,15.1175375,-12.412313,7,2018,205,Saison_des_pluies
2008-10-25,66,11.785714285714285,10.246002,28.429523,1.0913731,2.9841645,6.4382825,13.393939,-15.30303,10,2008,299,Saison_des_pluies
1990-07-16,66,11.785714285714285,16.679602,26.534983,10.310541,3.2945778,6.2392535,15.924242,-15.5,7,1990,197,Saison_des_pluies
2022-05-09,66,11.785714285714285,5.9090996,21.284292,0.09230792,3.7796817,5.8541837,12.689394,-13.359848,5,2022,129,Saison_des_pluies
1997-07-08,66,11.785714285714285,12.543151,20.2794,5.4576526,3.0380719,5.2072,16.15909,-13.128788,7,1997,189,Saison_des_pluies
2006-07-22,66,11.785714285714285,19.261269,30.922792,9.894851,3.46179,5.1418686,16.276516,-15.011364,7,2006,203,Saison_des_pluies
2004-08-29,66,11.785714285714285,24.197622,42.87198,15.299874,2.8643565,4.857463,15.458333,-12.121212,8,2004,242,Saison_des_pluies
1997-08-31,66,11.785714285714285,18.041187,41.10986,11.784345,2.814518,4.553684,16.367424,-13.238636,8,1997,243,Saison_des_pluies
1987-08-24,66,11.785714285714285,21.851263,40.874397,12.618616,2.8367112,4.3055506,16.117424,-14.007576,8,1987,236,Saison_des_pluies
1982-10-18,66,11.785714285714285,6.618376,22.420189,1.31883,2.7128382,4.0675507,14.458333,-14.174242,10,1982,291,Saison_des_pluies
2018-10-02,66,11.785714285714285,22.455582,34.181522,12.973011,2.6627734,4.008617,13.136364,-14.147727,10,2018,275,Saison_des_pluies
1982-08-11,66,11.785714285714285,39.532936,61.322575,16.900002,2.555809,3.5356777,13.276515,-12.617424,8,1982,223,Saison_des_pluies
2006-08-14,66,11.785714285714285,38.654037,60.010197,20.45265,2.6230872,3.4206932,13.333333,-15.587121,8,2006,226,Saison_des_pluies
1990-08-04,66,11.785714285714285,29.942287,62.209,12.552163,2.320864,3.1805713,14.030303,-12.238636,8,1990,216,Saison_des_pluies
2001-05-08,65,11.607142857142858,9.267964,15.953575,0.0553234,4.750194,13.101874,12.717308,-12.6134615,5,2001,128,Saison_des_pluies
2005-05-10,65,11.607142857142858,10.156837,24.990713,0.032786984,5.1044917,10.249134,13.186539,-12.048077,5,2005,130,Saison_des_pluies
1982-07-15,65,11.607142857142858,25.51232,40.46206,13.514844,3.843028,6.9789352,14.6134615,-16.178846,7,1982,196,Saison_des_pluies
2001-10-14,65,11.607142857142858,13.074611,30.5174,4.291896,3.2045152,6.4949636,13.432693,-11.882692,10,2001,287,Saison_des_pluies
1983-05-27,65,11.607142857142858,6.51578,13.648176,0.36769298,2.9534745,6.120867,13.859615,-12.525,5,1983,147,Saison_des_pluies
1992-06-04,65,11.607142857142858,7.706667,21.155394,1.302334,2.9866729,6.078304,14.928846,-11.948077,6,1992,156,Saison_des_pluies
2005-06-27,65,11.607142857142858,9.855116,19.270111,4.1654525,3.0822022,5.6826525,16.125,-12.467308,6,2005,178,Saison_des_pluies
1999-07-15,65,11.607142857142858,20.149584,33.85873,8.155415,2.9170651,5.6377263,14.894231,-15.217308,7,1999,196,Saison_des_pluies
1987-07-14,65,11.607142857142858,32.31428,59.78936,4.6706624,2.8461719,5.2016673,12.95577,-13.932693,7,1987,195,Saison_des_pluies
2021-09-17,65,11.607142857142858,20.042994,40.49244,9.646245,2.9990425,5.1063995,15.936539,-15.032692,9,2021,260,Saison_des_pluies
2003-09-08,65,11.607142857142858,19.418827,33.51842,11.11915,2.943112,4.702423,16.201923,-14.413462,9,2003,251,Saison_des_pluies
2022-05-26,65,11.607142857142858,8.171928,15.666676,1.1404246,2.9315622,4.6460605,12.817307,-14.278846,5,2022,146,Saison_des_pluies
2001-07-06,65,11.607142857142858,18.959358,37.00549,8.153828,2.45402,4.024684,14.140385,-12.678846,7,2001,187,Saison_des_pluies
1988-08-02,65,11.607142857142858,17.98067,33.235817,10.6045065,2.7372208,3.9796433,16.082693,-14.817307,8,1988,215,Saison_des_pluies
2022-09-17,65,11.607142857142858,22.292475,40.59314,10.70857,2.5656111,3.9323206,14.667308,-12.713462,9,2022,260,Saison_des_pluies
2015-07-19,65,11.607142857142858,32.355747,55.32197,12.879909,2.5225058,3.8959074,12.817307,-14.348077,7,2015,200,Saison_des_pluies
2010-08-13,65,11.607142857142858,19.36231,34.39262,12.213997,2.5859728,3.8913417,16.032692,-12.867308,8,2010,225,Saison_des_pluies
2021-10-05,65,11.607142857142858,13.02305,19.485733,6.9731092,2.469348,3.3981974,14.125,-14.025,10,2021,278,Saison_des_pluies
1981-05-06,64,11.428571428571429,6.047661,22.14447,0.21167123,8.672301,35.73522,13.1640625,-13.558594,5,1981,126,Saison_des_pluies
1996-08-05,64,11.428571428571429,50.975388,104.719,23.156427,3.7042103,8.532859,13.042969,-14.53125,8,1996,218,Saison_des_pluies
1998-10-30,64,11.428571428571429,7.7313585,16.157263,1.2531238,3.4265351,6.4831247,13.1328125,-12.203125,10,1998,303,Saison_des_pluies
2013-08-25,64,11.428571428571429,50.663193,101.13345,20.09558,3.2622,5.007424,13.265625,-15.7890625,8,2013,237,Saison_des_pluies
2011-06-25,64,11.428571428571429,9.512771,14.985761,4.3836155,3.148552,4.768435,15.855469,-13.636719,6,2011,176,Saison_des_pluies
1993-08-29,64,11.428571428571429,20.218067,34.51657,12.643773,2.9360616,4.653535,16.273438,-14.4453125,8,1993,241,Saison_des_pluies
2020-06-23,64,11.428571428571429,19.264551,30.723354,8.201205,2.7492166,4.5689487,13.5546875,-11.8828125,6,2020,175,Saison_des_pluies
1982-07-01,64,11.428571428571429,12.166355,31.196035,6.6920915,2.6654482,4.556353,15.5703125,-13.402344,7,1982,182,Saison_des_pluies
2021-08-05,64,11.428571428571429,27.747524,66.48466,16.015377,2.5116935,4.1045413,14.2890625,-15.042969,8,2021,217,Saison_des_pluies
2022-09-04,64,11.428571428571429,20.064766,34.41937,12.964082,2.6277895,3.8751695,15.792969,-13.699219,9,2022,247,Saison_des_pluies
1991-08-11,64,11.428571428571429,27.338364,56.111153,15.139687,2.479763,3.7184665,14.40625,-12.691406,8,1991,223,Saison_des_pluies
2013-09-04,64,11.428571428571429,21.41191,48.678783,11.116305,2.4451754,3.3601017,15.3984375,-12.8984375,9,2013,247,Saison_des_pluies
2018-09-02,64,11.428571428571429,35.925606,50.81239,21.596905,2.414053,3.0592136,13.035156,-12.394531,9,2018,245,Saison_des_pluies
2013-06-01,63,11.25,8.117815,16.10651,0.2537133,6.533397,20.620955,13.843254,-16.021826,6,2013,152,Saison_des_pluies
2007-05-27,63,11.25,8.263739,15.055448,0.03431239,2.6746113,8.765299,13.267858,-13.712301,5,2007,147,Saison_des_pluies
2003-07-16,63,11.25,16.885323,47.13361,7.654076,3.3572276,6.470729,16.053572,-12.676587,7,2003,197,Saison_des_pluies
2023-06-15,63,11.25,11.512607,22.913074,1.7233548,2.6962206,5.747924,14.323413,-14.565476,6,2023,166,Saison_des_pluies
2008-08-21,63,11.25,44.880096,97.309105,23.966055,3.0935729,5.37831,13.462301,-15.55754,8,2008,234,Saison_des_pluies
1984-06-10,63,11.25,21.453426,32.714703,14.41489,2.9841814,4.5979323,12.525794,-14.319445,6,1984,162,Saison_des_pluies
1987-06-26,63,11.25,26.140083,36.586327,17.104832,3.0369322,4.5789547,12.80754,-12.680555,6,1987,177,Saison_des_pluies
1991-07-11,63,11.25,20.916502,40.79237,10.141802,2.8166094,4.466278,14.347222,-15.724206,7,1991,192,Saison_des_pluies
2008-08-31,63,11.25,23.725931,56.49445,13.587798,2.6405025,4.3415437,15.605159,-15.279762,8,2008,244,Saison_des_pluies
1983-07-21,63,11.25,33.752098,55.044987,21.320969,2.633136,4.325282,12.755953,-13.950397,7,1983,202,Saison_des_pluies
1983-09-12,63,11.25,19.259634,30.921316,10.596406,2.5206409,4.318214,15.402778,-13.3829365,9,1983,255,Saison_des_pluies
2005-08-18,63,11.25,27.504877,45.6557,13.956433,2.7512815,3.95419,15.077381,-11.819445,8,2005,230,Saison_des_pluies
1986-09-15,63,11.25,25.925102,52.379784,12.319779,2.6503646,3.792158,14.378968,-13.259921,9,1986,258,Saison_des_pluies
2010-06-25,63,11.25,17.22566,27.667727,7.9983635,2.3630772,2.9024503,13.521826,-13.212301,6,2010,176,Saison_des_pluies
1990-10-26,62,11.071428571428571,7.210185,19.542086,1.2738814,3.527418,8.252091,14.100806,-12.895162,10,1990,299,Saison_des_pluies
2000-10-26,62,11.071428571428571,3.0417182,11.911054,0.76840454,3.6387477,7.983338,15.57258,-14.729838,10,2000,300,Saison_des_pluies
1984-05-27,62,11.071428571428571,16.142029,33.863033,5.323195,4.04827,7.5163636,12.649194,-13.318548,5,1984,148,Saison_des_pluies
1993-11-09,62,11.071428571428571,1.8008687,8.972357,0.4563139,3.6442177,7.3911867,12.818548,-14.3911295,11,1993,313,Saison_seche
2001-11-02,62,11.071428571428571,0.9868979,6.54819,0.27116466,3.0137448,5.860238,15.2661295,-14.625,11,2001,306,Saison_seche
2018-07-03,62,11.071428571428571,17.10087,29.37253,6.517264,3.05342,5.713988,15.217742,-11.790322,7,2018,184,Saison_des_pluies
2020-07-12,62,11.071428571428571,20.641092,61.38918,3.8457675,3.0238125,4.930379,14.637096,-16.17742,7,2020,194,Saison_des_pluies
2014-07-09,62,11.071428571428571,15.926676,27.948671,6.2741694,2.9409955,4.3021255,15.600806,-11.717742,7,2014,190,Saison_des_pluies
2020-06-25,62,11.071428571428571,21.605923,32.22637,14.7968445,2.5240345,4.2425537,12.8911295,-14.012096,6,2020,177,Saison_des_pluies
2009-09-16,62,11.071428571428571,32.251102,51.44771,14.759987,2.5507085,4.1045427,12.8911295,-13.3911295,9,2009,259,Saison_des_pluies
2016-09-30,62,11.071428571428571,21.55298,32.319527,12.630728,2.5341516,4.0817337,13.254032,-15.209678,9,2016,274,Saison_des_pluies
2015-08-22,62,11.071428571428571,37.789265,80.47805,13.726632,2.8475142,4.0071273,14.403226,-13.995968,8,2015,234,Saison_des_pluies
2020-08-29,62,11.071428571428571,42.973793,83.64866,21.507158,2.5664694,3.9222305,12.8588705,-14.971774,8,2020,242,Saison_des_pluies
2023-09-18,62,11.071428571428571,16.79189,31.517279,10.718263,2.5481262,3.869474,16.060484,-14.354838,9,2023,261,Saison_des_pluies
2013-07-03,62,11.071428571428571,18.006863,23.551472,10.013473,2.7220123,3.6716983,14.612904,-11.9838705,7,2013,184,Saison_des_pluies
2008-06-12,62,11.071428571428571,16.44143,23.944603,6.145994,2.6340625,3.616287,13.71371,-12.298388,6,2008,164,Saison_des_pluies
2022-09-14,62,11.071428571428571,16.522512,31.50087,8.306728,2.4837317,3.564679,15.689516,-12.3588705,9,2022,257,Saison_des_pluies
2005-08-22,62,11.071428571428571,30.491787,56.408794,15.194492,2.3921883,3.320514,14.487904,-16.100807,8,2005,234,Saison_des_pluies
1985-05-23,61,10.892857142857142,0.6770342,5.9847856,0.07217345,5.6058984,15.198519,15.477459,-14.32582,5,1985,143,Saison_des_pluies
1998-09-08,61,10.892857142857142,45.509666,89.59624,13.970055,5.847456,11.581477,14.657787,-12.120902,9,1998,251,Saison_des_pluies
2011-08-20,61,10.892857142857142,32.558064,89.87122,14.518794,3.517138,6.268006,15.538935,-14.3012295,8,2011,232,Saison_des_pluies
2003-10-30,61,10.892857142857142,10.81694,30.6054,1.2013469,3.518966,5.688701,13.0512295,-15.415983,10,2003,303,Saison_des_pluies
1996-10-30,61,10.892857142857142,8.401793,16.79927,2.5763476,3.3503275,5.145904,12.805327,-12.17418,10,1996,304,Saison_des_pluies
1991-07-01,61,10.892857142857142,29.299961,53.337833,16.374016,2.860427,4.755363,12.772541,-12.272541,7,1991,182,Saison_des_pluies
1988-08-15,61,10.892857142857142,25.439163,49.240128,15.228111,2.6823819,4.6475186,15.038935,-13.756147,8,1988,228,Saison_des_pluies
2015-07-08,61,10.892857142857142,21.287117,41.5752,5.949683,2.5454156,3.7374728,14.206967,-12.887295,7,2015,189,Saison_des_pluies
1994-07-25,61,10.892857142857142,31.130222,47.513622,17.654787,2.491409,3.5515218,13.42418,-15.063524,7,1994,206,Saison_des_pluies
2006-09-18,61,10.892857142857142,32.508286,50.45841,22.081781,2.516338,3.3318012,12.764344,-15.256147,9,2006,261,Saison_des_pluies
2023-08-20,61,10.892857142857142,34.583424,76.93619,19.136238,2.568488,3.3038428,14.096312,-16.034836,8,2023,232,Saison_des_pluies
2008-09-08,61,10.892857142857142,18.451265,30.235594,9.163957,2.2599702,3.0338843,15.165983,-13.043033,9,2008,252,Saison_des_pluies
1999-10-10,60,10.714285714285714,13.297472,49.876778,3.1191916,3.7630458,10.494523,15.008333,-15.604167,10,1999,283,Saison_des_pluies
1994-10-07,60,10.714285714285714,9.221722,24.899254,3.3803222,3.3774445,6.8296824,15.1625,-12.0125,10,1994,280,Saison_des_pluies
2000-11-05,60,10.714285714285714,1.5795344,7.1757727,0.21840271,2.955956,5.9800563,15.0125,-14.625,11,2000,310,Saison_seche
2016-09-01,60,10.714285714285714,37.521366,76.091606,13.758198,3.04901,5.764584,14.2125,-16.125,9,2016,245,Saison_des_pluies
2005-06-04,60,10.714285714285714,5.813734,16.673155,1.2441851,2.80356,5.626966,14.933333,-13.0375,6,2005,155,Saison_des_pluies
2003-10-17,60,10.714285714285714,4.7170887,9.246359,1.5965248,3.4629102,5.470473,15.1875,-11.9,10,2003,290,Saison_des_pluies
2005-09-28,60,10.714285714285714,16.759739,27.75114,8.597986,2.8008163,5.1121836,14.895833,-14.8625,9,2005,271,Saison_des_pluies
1984-06-29,60,10.714285714285714,19.996946,36.60331,12.129406,2.7000546,4.8523145,13.733334,-15.066667,6,1984,181,Saison_des_pluies
2013-09-15,60,10.714285714285714,17.582422,27.222473,11.33948,3.0849626,4.653746,16.279167,-13.595834,9,2013,258,Saison_des_pluies
1998-08-22,60,10.714285714285714,43.550125,81.62426,28.553343,2.7379038,4.441772,13.275,-13.179167,8,1998,234,Saison_des_pluies
1993-08-24,60,10.714285714285714,37.190872,79.153885,19.335783,2.4441297,4.244538,13.55,-13.766666,8,1993,236,Saison_des_pluies
1998-08-30,60,10.714285714285714,45.06545,68.91777,29.580849,2.7717981,4.110815,12.670834,-12.404166,8,1998,242,Saison_des_pluies
1996-08-22,60,10.714285714285714,28.226469,71.86805,13.547314,2.4348905,3.6427972,14.591666,-14.1,8,1996,235,Saison_des_pluies
1997-10-06,60,10.714285714285714,13.263138,18.339851,7.2759576,2.4055367,3.5384345,13.720834,-12.083333,10,1997,279,Saison_des_pluies
2021-08-17,60,10.714285714285714,31.927595,70.51533,12.741154,2.3782535,3.215337,14.2375,-12.366667,8,2021,229,Saison_des_pluies
2009-06-18,59,10.535714285714286,20.863688,38.744446,2.519586,3.617713,7.8402996,13.298729,-15.497881,6,2009,169,Saison_des_pluies
1984-10-03,59,10.535714285714286,11.933726,21.375273,6.25965,3.7744622,6.94684,15.485169,-12.713983,10,1984,277,Saison_des_pluies
2013-08-07,59,10.535714285714286,27.289835,49.29703,11.135813,3.588912,6.9006844,15.463983,-16.125,8,2013,219,Saison_des_pluies
2019-09-22,59,10.535714285714286,36.065426,78.186966,19.73113,3.001016,5.6230426,12.980932,-15.273305,9,2019,265,Saison_des_pluies
1994-10-08,59,10.535714285714286,17.12108,36.836067,3.8579283,3.0372868,5.4184127,13.230932,-12.158898,10,1994,281,Saison_des_pluies
1993-07-12,59,10.535714285714286,11.882978,27.752583,7.8108277,2.7042305,5.211984,16.036016,-12.404661,7,1993,193,Saison_des_pluies
1985-08-16,59,10.535714285714286,39.88719,78.54767,20.200546,3.1440065,4.9313498,14.099576,-16.095339,8,1985,228,Saison_des_pluies
1996-08-29,59,10.535714285714286,45.218273,75.88163,28.001501,2.9728625,4.787682,12.913136,-14.366526,8,1996,242,Saison_des_pluies
2008-08-10,59,10.535714285714286,45.32142,91.85447,22.58283,2.6955314,4.375943,12.997881,-15.302966,8,2008,223,Saison_des_pluies
2007-08-12,59,10.535714285714286,33.656303,60.405766,18.658524,2.556827,3.9416246,13.81144,-12.527542,8,2007,224,Saison_des_pluies
2012-08-05,59,10.535714285714286,35.42829,75.543816,17.494326,2.5056129,3.8450668,13.841102,-14.56144,8,2012,218,Saison_des_pluies
2007-10-12,59,10.535714285714286,14.589393,40.76773,2.295277,2.5633574,3.839641,13.900424,-14.252119,10,2007,285,Saison_des_pluies
2022-09-22,59,10.535714285714286,22.614332,38.68563,13.158378,2.5650935,3.7785523,14.489407,-15.006356,9,2022,265,Saison_des_pluies
2012-06-30,59,10.535714285714286,12.966219,23.16626,6.0091286,2.5075407,3.6333969,15.065678,-14.536017,6,2012,182,Saison_des_pluies
2018-06-07,59,10.535714285714286,15.485251,21.208002,9.783202,2.395329,3.5956757,12.769068,-14.459745,6,2018,158,Saison_des_pluies
2013-05-31,59,10.535714285714286,6.2435474,11.751355,1.7522391,2.450885,3.2738554,14.497881,-12.235169,5,2013,151,Saison_des_pluies
2000-08-14,59,10.535714285714286,28.469042,54.34563,12.7840185,2.3692505,3.1884146,14.197034,-15.379237,8,2000,227,Saison_des_pluies
2013-10-29,58,10.357142857142858,10.453711,40.027122,1.1111972,3.1706052,6.984963,12.887931,-14.181034,10,2013,302,Saison_des_pluies
2020-09-08,58,10.357142857142858,33.39427,73.751205,12.0723095,3.2809103,6.1903787,13.7327585,-11.61638,9,2020,252,Saison_des_pluies
1986-09-12,58,10.357142857142858,26.178022,40.86924,12.408952,3.4613786,5.9194884,14.711206,-12.310345,9,1986,255,Saison_des_pluies
1984-06-23,58,10.357142857142858,15.155988,23.084776,4.7914248,2.9125056,5.235669,14.650862,-11.745689,6,1984,175,Saison_des_pluies
1997-07-09,58,10.357142857142858,18.372541,30.792707,10.945705,2.8758123,5.1079955,14.788794,-15.13362,7,1997,190,Saison_des_pluies
2010-09-18,58,10.357142857142858,29.784227,57.517548,9.882297,2.730037,4.9339666,13.465517,-12.155172,9,2010,261,Saison_des_pluies
1995-07-13,58,10.357142857142858,17.002642,32.162308,4.3788238,2.820141,4.9227266,15.405172,-13.030172,7,1995,194,Saison_des_pluies
2018-08-08,58,10.357142857142858,39.42492,75.499054,20.456047,2.7854664,4.2090006,13.573276,-12.331897,8,2018,220,Saison_des_pluies
1986-05-31,58,10.357142857142858,13.549309,21.312227,3.8457205,2.951431,4.031304,13.331897,-11.659483,5,1986,151,Saison_des_pluies
2019-09-21,58,10.357142857142858,15.565179,27.735859,9.273364,2.4596453,3.6007679,15.943966,-14.61638,9,2019,264,Saison_des_pluies
2014-10-09,58,10.357142857142858,6.330644,15.496773,2.2440972,2.4843757,3.564767,15.590517,-15.405172,10,2014,282,Saison_des_pluies
1993-06-27,58,10.357142857142858,19.47474,27.194197,11.282044,2.432988,3.285483,13.435345,-12.948276,6,1993,178,Saison_des_pluies
2013-06-12,58,10.357142857142858,6.935064,16.173683,2.0372694,2.360683,3.2293248,14.922414,-14.146552,6,2013,163,Saison_des_pluies
1999-05-04,57,10.178571428571429,6.8011613,16.764801,0.35655782,4.307827,9.211359,12.975877,-11.945175,5,1999,124,Saison_des_pluies
1984-10-16,57,10.178571428571429,4.1089473,7.232214,1.4999999,3.8108416,6.9775534,15.787281,-13.489035,10,1984,290,Saison_des_pluies
2011-10-18,57,10.178571428571429,15.835794,38.068504,2.8900428,3.0166247,5.563621,13.059211,-15.506579,10,2011,291,Saison_des_pluies
1986-09-23,57,10.178571428571429,24.46944,41.239918,15.419599,2.865444,5.381459,14.265351,-12.388158,9,1986,266,Saison_des_pluies
2022-09-26,57,10.178571428571429,15.411313,25.3376,9.245475,2.999233,4.7674313,15.743421,-12.177631,9,2022,269,Saison_des_pluies
1989-07-18,57,10.178571428571429,14.100802,22.416899,6.6747346,2.6603968,4.489763,16.164474,-14.541667,7,1989,199,Saison_des_pluies
2016-08-17,57,10.178571428571429,28.288664,53.272743,13.638361,2.3864486,3.9495323,14.567983,-12.111842,8,2016,230,Saison_des_pluies
2015-11-03,57,10.178571428571429,2.1169949,9.825269,0.16896212,2.4418375,3.877051,14.730263,-14.388158,11,2015,307,Saison_seche
2021-06-27,57,10.178571428571429,17.126873,26.881695,9.224783,2.4187684,3.7560568,14.063597,-12.059211,6,2021,178,Saison_des_pluies
2017-09-17,57,10.178571428571429,28.268,49.683075,19.872398,2.5945282,3.6761086,13.313597,-11.809211,9,2017,260,Saison_des_pluies
2015-07-06,57,10.178571428571429,21.147364,36.915375,9.865464,2.5105176,3.5949852,14.050439,-12.111842,7,2015,187,Saison_des_pluies
2001-10-02,57,10.178571428571429,11.658537,19.916718,6.201523,2.4670222,3.4621496,15.155702,-13.835526,10,2001,275,Saison_des_pluies
1992-05-01,56,10.0,2.5220158,6.4169426,0.019750262,3.9036663,17.773115,13.5,-12.919642,5,1992,122,Saison_des_pluies
2015-06-10,56,10.0,2.7905152,11.056979,0.3064752,5.459951,14.204074,16.133928,-15.174108,6,2015,161,Saison_des_pluies
1985-10-29,56,10.0,2.4643328,6.1477437,0.6438334,4.466281,9.873118,16.196428,-14.892858,10,1985,302,Saison_des_pluies
1991-05-21,56,10.0,4.6943164,19.886839,0.5852869,4.0209675,7.755614,14.482142,-11.75,5,1991,141,Saison_des_pluies
2014-05-19,56,10.0,2.958649,11.556719,0.1501775,3.2307675,6.87648,14.080358,-13.205358,5,2014,139,Saison_des_pluies
2023-07-24,56,10.0,30.629622,56.728806,14.954468,3.1358132,6.7155623,13.857142,-15.78125,7,2023,205,Saison_des_pluies
1996-05-09,56,10.0,5.449016,11.330279,0.040282506,3.0406387,6.691834,13.25,-11.973214,5,1996,130,Saison_des_pluies
1997-10-27,56,10.0,2.5647273,5.591547,0.6330205,3.0693753,6.5786314,15.366072,-13.709822,10,1997,300,Saison_des_pluies
2001-09-18,56,10.0,20.205088,31.404823,11.395914,3.485027,6.517942,16.169643,-13.955358,9,2001,261,Saison_des_pluies
2001-06-09,56,10.0,14.635453,34.274902,2.309273,3.357097,6.293903,13.34375,-16.053572,6,2001,160,Saison_des_pluies
1989-06-25,56,10.0,23.496416,57.589638,7.996477,3.2907734,6.2794323,13.34375,-12.986608,6,1989,176,Saison_des_pluies
1988-08-21,56,10.0,28.322157,74.82285,14.41441,2.8411288,5.576446,15.116072,-13.852678,8,1988,234,Saison_des_pluies
2012-06-21,56,10.0,11.774439,18.31204,5.7990127,2.8858752,4.9155145,15.120536,-12.678572,6,2012,173,Saison_des_pluies
1997-07-10,56,10.0,23.05961,45.06932,10.16023,2.89937,4.6446114,14.370536,-14.482142,7,1997,191,Saison_des_pluies
2003-10-01,56,10.0,8.162518,12.411355,5.172002,2.8908136,4.5744834,16.589285,-14.28125,10,2003,274,Saison_des_pluies
2004-08-13,56,10.0,27.16528,45.61879,13.381544,2.6885982,4.411124,15.022322,-13.589286,8,2004,226,Saison_des_pluies
1999-06-21,56,10.0,14.882111,29.532995,3.5369968,2.613523,4.3317432,13.754464,-15.321428,6,1999,172,Saison_des_pluies
1988-10-17,56,10.0,14.1842785,26.932652,1.6915151,2.8512437,4.3225365,12.919642,-12.598214,10,1988,291,Saison_des_pluies
2023-08-18,56,10.0,34.807186,54.761826,15.538235,2.8908343,4.3088055,14.1875,-12.964286,8,2023,230,Saison_des_pluies
2023-07-26,56,10.0,19.162,32.152225,9.03024,2.9733124,4.1131825,16.361607,-15.133928,7,2023,207,Saison_des_pluies
2022-08-30,56,10.0,21.366537,40.892677,11.335907,2.6958547,4.076222,15.950892,-15.508928,8,2022,242,Saison_des_pluies
2003-08-10,56,10.0,40.811714,73.705315,12.553003,2.7656975,4.044496,13.785714,-14.991072,8,2003,222,Saison_des_pluies
1984-06-08,56,10.0,9.084293,17.238098,3.7079859,2.7151058,3.969343,14.732142,-12.772322,6,1984,160,Saison_des_pluies
1988-06-18,56,10.0,14.814278,22.596035,5.8565245,2.5490155,3.9630747,13.973214,-11.959822,6,1988,170,Saison_des_pluies
2018-09-28,56,10.0,14.925318,29.141184,7.2461395,2.7283351,3.7273843,15.455358,-12.258928,9,2018,271,Saison_des_pluies
2015-10-20,56,10.0,10.244649,27.942923,0.94254655,2.4766393,3.4631085,13.839286,-13.214286,10,2015,293,Saison_des_pluies
2020-09-11,56,10.0,26.504217,36.244328,19.160973,2.5066564,3.3738558,14.044642,-14.861608,9,2020,255,Saison_des_pluies
2007-08-21,56,10.0,32.847378,67.44543,18.425362,2.3365319,3.3686888,14.15625,-13.272322,8,2007,233,Saison_des_pluies
1981-08-28,56,10.0,29.152681,63.37398,15.481096,2.4635088,3.131889,14.642858,-15.071428,8,1981,240,Saison_des_pluies
1984-06-14,55,9.821428571428571,11.818604,21.633118,1.8523217,4.560812,8.931922,14.470454,-15.020454,6,1984,166,Saison_des_pluies
1984-09-15,55,9.821428571428571,25.269167,55.393456,12.149722,3.3461561,7.1202917,15.265909,-15.125,9,1984,259,Saison_des_pluies
1992-06-09,55,9.821428571428571,20.209274,43.807457,0.9686116,2.9820797,6.748871,13.229546,-13.315909,6,1992,161,Saison_des_pluies
2010-10-18,55,9.821428571428571,4.070917,11.03788,1.2042443,3.058468,6.350749,15.825,-14.515909,10,2010,291,Saison_des_pluies
1999-09-17,55,9.821428571428571,25.444992,43.39637,17.03061,2.9345436,5.7081866,14.547728,-15.911364,9,1999,260,Saison_des_pluies
1998-06-19,55,9.821428571428571,22.396633,42.047665,15.361661,2.8454607,5.4127793,12.602273,-13.606818,6,1998,170,Saison_des_pluies
1989-10-31,55,9.821428571428571,3.3710015,7.4826436,0.7341838,3.1258562,5.3176537,14.270454,-13.888637,10,1989,304,Saison_des_pluies
1988-09-22,55,9.821428571428571,17.172794,26.707392,9.791483,3.1356132,5.1156306,16.225,-14.488636,9,1988,266,Saison_des_pluies
2018-06-13,55,9.821428571428571,9.930107,20.55244,2.090583,2.7299154,3.9929492,14.984091,-12.293181,6,2018,164,Saison_des_pluies
2008-09-26,55,9.821428571428571,14.2137165,21.098465,6.695112,2.5282617,3.7857928,15.547728,-15.270454,9,2008,270,Saison_des_pluies
2020-07-02,55,9.821428571428571,19.386627,31.887669,5.654657,2.556495,3.7606413,14.097727,-15.002273,7,2020,184,Saison_des_pluies
1999-08-17,55,9.821428571428571,24.898537,43.532383,13.546858,2.5496483,3.7574868,15.143182,-12.411364,8,1999,229,Saison_des_pluies
2009-09-30,55,9.821428571428571,19.282576,33.979317,11.845067,2.6574404,3.7081733,13.570455,-14.715909,9,2009,273,Saison_des_pluies
2017-08-09,55,9.821428571428571,23.251429,54.905853,11.9653845,2.5352814,3.6449735,15.393182,-15.875,8,2017,221,Saison_des_pluies
2015-09-30,55,9.821428571428571,18.655035,27.461658,12.657568,2.458868,3.5160186,13.738636,-13.656818,9,2015,273,Saison_des_pluies
2017-08-13,55,9.821428571428571,36.20397,68.695656,17.034037,2.4568632,3.4898322,13.661364,-16.075,8,2017,225,Saison_des_pluies
2009-07-08,55,9.821428571428571,20.876915,37.031876,12.726795,2.3601222,2.7943094,13.847727,-12.129545,7,2009,189,Saison_des_pluies
2017-09-18,55,9.821428571428571,19.575994,28.802576,11.015669,2.2464607,2.693972,14.670455,-14.465909,9,2017,261,Saison_des_pluies
1990-10-06,54,9.642857142857144,12.867278,21.72074,3.9211695,3.757927,6.7086387,15.157408,-16.273148,10,1990,279,Saison_des_pluies
1986-10-01,54,9.642857142857144,30.91012,51.382584,17.515545,2.970222,4.901038,12.569445,-15.055555,10,1986,274,Saison_des_pluies
2002-08-18,54,9.642857142857144,23.161198,32.93275,15.97001,3.0176768,4.6428986,15.856482,-12.166667,8,2002,230,Saison_des_pluies
2003-08-31,54,9.642857142857144,17.40315,38.7222,12.16887,2.8650646,4.042072,16.435184,-12.430555,8,2003,243,Saison_des_pluies
1986-07-08,54,9.642857142857144,31.461716,50.411407,8.802326,2.8766527,3.8476276,13.055555,-12.523149,7,1986,189,Saison_des_pluies
2015-09-24,54,9.642857142857144,20.982124,35.74849,11.022535,2.3600986,2.9818726,14.12963,-12.138889,9,2015,267,Saison_des_pluies
2002-05-24,53,9.464285714285714,1.5322044,7.0113945,0.055307213,6.505579,16.525232,15.846698,-12.120283,5,2002,144,Saison_des_pluies
1987-06-05,53,9.464285714285714,8.006129,19.777224,0.6375666,3.7209227,9.943134,14.544811,-14.242925,6,1987,156,Saison_des_pluies
2001-07-09,53,9.464285714285714,12.759473,23.213991,4.71577,3.2174785,5.507067,16.398584,-14.384434,7,2001,190,Saison_des_pluies
1995-10-13,53,9.464285714285714,14.916112,30.985342,6.792999,2.9212017,4.809108,13.31368,-14.389151,10,1995,286,Saison_des_pluies
2000-08-20,53,9.464285714285714,22.245731,32.048645,14.47822,3.3644962,4.7852745,16.408018,-12.398585,8,2000,233,Saison_des_pluies
2013-08-02,53,9.464285714285714,15.894847,27.586275,10.918077,2.5179906,4.740582,16.337265,-13.908019,8,2013,214,Saison_des_pluies
1988-08-08,53,9.464285714285714,24.12955,53.85594,12.338519,2.932032,4.6115036,15.56368,-12.42217,8,1988,221,Saison_des_pluies
2006-10-10,53,9.464285714285714,22.585339,45.454296,9.049092,2.941876,4.5517626,12.747642,-14.974056,10,2006,283,Saison_des_pluies
2003-07-12,53,9.464285714285714,25.112228,42.867077,4.5635567,2.6708488,4.369286,13.488208,-14.667453,7,2003,193,Saison_des_pluies
1989-07-15,53,9.464285714285714,28.362175,50.340263,17.206072,2.7832158,4.287772,13.125,-12.719339,7,1989,196,Saison_des_pluies
2021-07-28,53,9.464285714285714,40.36242,61.578907,22.063457,2.7107,4.000972,12.653302,-14.5353775,7,2021,209,Saison_des_pluies
2007-07-19,53,9.464285714285714,23.44522,32.505753,10.943823,2.5312877,3.7965314,13.81368,-14.266509,7,2007,200,Saison_des_pluies
2019-08-31,53,9.464285714285714,26.531168,58.401802,12.0032215,2.4252956,3.747727,14.742925,-12.530661,8,2019,243,Saison_des_pluies
2018-08-23,53,9.464285714285714,23.251497,34.623817,15.106018,2.5999005,3.732058,15.667453,-15.752358,8,2018,235,Saison_des_pluies
2018-10-13,53,9.464285714285714,11.496353,17.549927,6.7695255,2.5072114,3.6550546,13.341981,-12.705189,10,2018,286,Saison_des_pluies
1981-07-02,53,9.464285714285714,22.192131,37.85217,8.931191,2.5928009,3.6188424,13.68632,-14.1438675,7,1981,183,Saison_des_pluies
2003-07-05,53,9.464285714285714,23.909498,38.157692,12.165508,2.4795406,3.5339396,13.379717,-14.445755,7,2003,186,Saison_des_pluies
1992-07-15,53,9.464285714285714,28.074219,40.176624,16.774569,2.4046867,3.4218464,12.8561325,-12.832547,7,1992,197,Saison_des_pluies
2015-08-28,53,9.464285714285714,40.070072,55.10882,26.36378,2.5106537,3.2229345,13.101415,-11.752358,8,2015,240,Saison_des_pluies
2020-08-19,53,9.464285714285714,24.518003,47.75211,12.129655,2.3167846,2.6832192,14.988208,-11.511792,8,2020,232,Saison_des_pluies
2017-08-18,53,9.464285714285714,24.602009,39.81685,14.242775,2.281211,2.650386,15.002358,-12.591981,8,2017,230,Saison_des_pluies
2015-08-04,52,9.285714285714286,56.01409,127.101105,24.462612,3.010096,5.7934875,12.548077,-14.971154,8,2015,216,Saison_des_pluies
1995-10-29,52,9.285714285714286,9.367796,22.495728,2.7439823,3.4237862,5.7928805,12.975962,-14.528846,10,1995,302,Saison_des_pluies
2020-08-27,52,9.285714285714286,28.252737,52.94022,16.62567,3.184525,5.596253,15.413462,-15.139423,8,2020,240,Saison_des_pluies
2000-05-22,52,9.285714285714286,6.979377,19.836891,0.31506202,3.3527374,5.5585136,13.346154,-13.221154,5,2000,143,Saison_des_pluies
1997-09-12,52,9.285714285714286,20.286285,40.924427,11.07822,2.9645054,5.5042763,16.216347,-14.745193,9,1997,255,Saison_des_pluies
1992-06-10,52,9.285714285714286,8.06009,17.658123,1.097339,2.5693858,5.4539256,14.644231,-14.158654,6,1992,162,Saison_des_pluies
2019-10-14,52,9.285714285714286,5.0680184,13.299951,1.2598058,3.4535222,5.2541466,16.158653,-15.038462,10,2019,287,Saison_des_pluies
2002-10-30,52,9.285714285714286,3.54885,13.690902,0.6793475,2.8658042,5.1784086,14.302885,-12.774038,10,2002,303,Saison_des_pluies
2016-10-30,52,9.285714285714286,4.232239,7.885073,1.2630993,3.129302,4.9840117,13.8125,-14.216346,10,2016,304,Saison_des_pluies
2011-10-17,52,9.285714285714286,5.6828184,18.753572,3.8191547,2.4962225,4.959631,14.692307,-15.177885,10,2011,290,Saison_des_pluies
2001-08-10,52,9.285714285714286,21.070932,35.727448,12.241702,2.983349,4.618499,15.951923,-11.711538,8,2001,222,Saison_des_pluies
2001-09-17,52,9.285714285714286,19.529945,31.45611,8.310802,2.9124904,4.6132193,15.802885,-14.668269,9,2001,260,Saison_des_pluies
2010-09-26,52,9.285714285714286,29.821667,43.318092,15.3973465,2.7516751,4.599076,13.0,-15.653846,9,2010,269,Saison_des_pluies
2021-10-26,52,9.285714285714286,10.291301,18.291828,2.7307174,2.870555,4.5517054,12.894231,-13.875,10,2021,299,Saison_des_pluies
2019-08-30,52,9.285714285714286,41.716335,73.51214,29.61222,2.6237085,4.358664,12.894231,-12.504807,8,2019,242,Saison_des_pluies
2016-09-29,52,9.285714285714286,19.662834,28.331558,6.600364,2.539173,4.1588216,13.591346,-13.475962,9,2016,273,Saison_des_pluies
1982-10-13,52,9.285714285714286,8.106968,23.667522,2.0163093,2.6298587,4.107696,14.394231,-13.576923,10,1982,286,Saison_des_pluies
1999-09-06,52,9.285714285714286,36.409508,55.26959,19.254602,2.5451784,3.789331,12.788462,-13.350962,9,1999,249,Saison_des_pluies
1983-08-03,52,9.285714285714286,24.90982,45.779835,14.163236,2.6564534,3.543012,14.875,-12.956731,8,1983,215,Saison_des_pluies
2016-07-02,52,9.285714285714286,18.408873,38.680775,6.0505567,2.4698205,3.5228243,14.677885,-12.100962,7,2016,184,Saison_des_pluies
2016-08-29,52,9.285714285714286,22.088987,43.7079,11.744491,2.4625678,3.5148232,15.423077,-11.692307,8,2016,242,Saison_des_pluies
2015-08-14,52,9.285714285714286,39.687748,66.129875,24.591013,2.434059,3.410327,12.903846,-13.538462,8,2015,226,Saison_des_pluies
2021-08-28,52,9.285714285714286,24.841188,42.286266,14.542146,2.4071844,3.2796824,15.110577,-15.788462,8,2021,240,Saison_des_pluies
2016-07-31,52,9.285714285714286,17.625065,28.835342,11.370487,2.3720417,3.006772,15.586538,-15.110577,7,2016,213,Saison_des_pluies
2010-04-29,51,9.107142857142856,2.3427165,8.576926,0.058722876,5.1635857,16.065655,12.556373,-13.791667,4,2010,119,Saison_seche
2010-06-30,51,9.107142857142856,13.148438,26.853899,3.3661644,3.9037263,9.709567,15.164216,-16.262255,6,2010,181,Saison_des_pluies
1984-08-13,51,9.107142857142856,56.61319,127.062256,23.528278,3.8676133,8.749704,13.414216,-12.159314,8,1984,226,Saison_des_pluies
2000-05-20,51,9.107142857142856,10.233348,19.515413,0.2576874,3.338338,7.2858043,13.046569,-12.688725,5,2000,141,Saison_des_pluies
1981-06-25,51,9.107142857142856,8.381086,18.332996,2.06257,3.6815119,7.2822104,15.531863,-15.816176,6,1981,176,Saison_des_pluies
1999-09-22,51,9.107142857142856,20.662548,29.331789,11.530608,3.8897204,7.060847,16.316177,-14.42402,9,1999,265,Saison_des_pluies
2010-05-24,51,9.107142857142856,11.782396,26.000551,1.905976,3.8621342,6.89121,13.389706,-11.678922,5,2010,144,Saison_des_pluies
1989-09-24,51,9.107142857142856,40.36086,66.40433,20.15623,4.09165,6.271198,12.997549,-11.982843,9,1989,267,Saison_des_pluies
2008-10-22,51,9.107142857142856,4.040088,13.7917385,1.5012306,3.2696524,6.108468,14.914216,-12.507353,10,2008,296,Saison_des_pluies
1987-10-18,51,9.107142857142856,4.673892,10.537058,1.8025088,3.3319612,5.6413608,15.889706,-15.428922,10,1987,291,Saison_des_pluies
2009-09-09,51,9.107142857142856,19.639004,46.21941,11.505143,3.3238518,5.250088,16.031862,-13.286765,9,2009,252,Saison_des_pluies
1988-09-29,51,9.107142857142856,13.992574,25.733501,6.6508207,2.7651892,5.249479,15.139706,-13.2279415,9,1988,273,Saison_des_pluies
1989-10-20,51,9.107142857142856,17.171587,35.6173,5.39966,3.2937422,4.922284,12.982843,-15.115196,10,1989,293,Saison_des_pluies
2013-08-05,51,9.107142857142856,40.8282,80.03034,23.480553,2.7657173,4.474997,13.105392,-12.404411,8,2013,217,Saison_des_pluies
2012-07-09,51,9.107142857142856,14.267549,22.24026,6.9080653,2.674955,4.429313,15.786765,-14.698529,7,2012,191,Saison_des_pluies
2002-07-17,51,9.107142857142856,30.546537,42.59766,16.114948,2.9113722,4.369325,12.963235,-12.066176,7,2002,198,Saison_des_pluies
2010-09-23,51,9.107142857142856,23.448814,45.359833,11.325824,2.7455482,4.2809734,14.620098,-16.00245,9,2010,266,Saison_des_pluies
1981-10-16,51,9.107142857142856,12.660494,27.561749,5.394457,2.8857,4.1088824,13.375,-15.2279415,10,1981,289,Saison_des_pluies
2017-08-20,51,9.107142857142856,44.596485,71.080414,20.302458,2.646128,4.03203,13.07598,-15.595589,8,2017,232,Saison_des_pluies
2009-07-15,51,9.107142857142856,22.490988,39.33748,11.340565,2.5158963,3.6580868,14.080882,-15.281863,7,2009,196,Saison_des_pluies
1999-06-29,51,9.107142857142856,16.6384,28.1608,5.3239765,2.360999,3.6500447,14.247549,-12.928922,6,1999,180,Saison_des_pluies
2019-07-08,51,9.107142857142856,24.989796,40.20317,14.535713,2.4749243,3.6107786,13.115196,-13.360294,7,2019,189,Saison_des_pluies
2000-08-22,51,9.107142857142856,26.901218,64.88782,11.373585,2.2398586,2.8362722,14.821078,-11.9779415,8,2000,235,Saison_des_pluies
2001-05-06,50,8.928571428571429,1.629303,10.059157,0.029086621,11.320416,21.143406,15.615,-12.125,5,2001,126,Saison_des_pluies
2005-05-09,50,8.928571428571429,5.8224807,11.383038,0.01565882,3.9180453,17.482416,13.69,-11.9,5,2005,129,Saison_des_pluies
1993-05-15,50,8.928571428571429,0.80687964,5.3950124,0.019761223,4.7054935,14.338059,15.565,-11.9,5,1993,135,Saison_des_pluies
2010-04-28,50,8.928571428571429,0.9317003,7.6633773,0.006114428,4.2378387,11.373627,13.565,-14.605,4,2010,118,Saison_seche
2007-07-09,50,8.928571428571429,25.904,43.055756,9.654679,4.0837083,7.3997426,14.93,-11.59,7,2007,190,Saison_des_pluies
2003-07-20,50,8.928571428571429,19.937021,34.345116,8.959098,3.1910088,6.189468,15.685,-12.945,7,2003,201,Saison_des_pluies
2010-07-04,50,8.928571428571429,34.781322,65.47892,13.116136,3.302851,5.826086,13.095,-15.055,7,2010,185,Saison_des_pluies
1999-05-17,50,8.928571428571429,7.6938567,15.942669,1.2866398,3.3500614,5.678218,13.13,-12.935,5,1999,137,Saison_des_pluies
1982-07-16,50,8.928571428571429,29.071552,49.61178,13.166715,2.8013008,5.0776677,13.36,-14.955,7,1982,197,Saison_des_pluies
1982-10-05,50,8.928571428571429,8.745243,19.7474,5.515451,3.082635,4.747365,15.46,-12.245,10,1982,278,Saison_des_pluies
1985-09-12,50,8.928571428571429,26.878496,52.32341,17.683256,2.582164,4.418524,14.15,-14.385,9,1985,255,Saison_des_pluies
1986-09-08,50,8.928571428571429,22.47776,34.83793,9.194006,2.572921,4.2357874,14.965,-13.955,9,1986,251,Saison_des_pluies
2002-09-11,50,8.928571428571429,24.944746,38.400303,16.196032,2.5563297,4.208576,14.655,-15.745,9,2002,254,Saison_des_pluies
2020-07-01,50,8.928571428571429,14.60632,23.561552,7.336864,2.5492709,3.743093,15.35,-12.215,7,2020,183,Saison_des_pluies
2008-08-28,50,8.928571428571429,39.67378,55.473927,22.973495,2.6032784,3.6289253,13.175,-12.855,8,2008,241,Saison_des_pluies
1999-07-03,50,8.928571428571429,15.579794,23.035242,7.8414435,2.4421723,3.4912434,14.785,-14.33,7,1999,184,Saison_des_pluies
2012-08-13,50,8.928571428571429,20.04864,40.31508,12.437068,2.417868,3.4198024,15.825,-12.48,8,2012,226,Saison_des_pluies
2020-07-21,50,8.928571428571429,22.15171,48.86176,7.1366057,2.371666,3.2300844,14.525,-15.685,7,2020,203,Saison_des_pluies
2015-09-12,49,8.75,22.718203,50.986053,13.204146,3.3115284,6.9864745,16.237246,-15.533163,9,2015,255,Saison_des_pluies
1989-09-23,49,8.75,39.978203,64.046234,22.48751,3.575515,6.5437994,12.808674,-13.956633,9,1989,266,Saison_des_pluies
2004-05-28,49,8.75,14.859314,25.413275,3.915987,3.2740662,5.0629816,13.206633,-11.813775,5,2004,149,Saison_des_pluies
2007-09-19,49,8.75,31.193928,54.369038,17.16739,3.081254,5.0123367,13.706633,-16.140306,9,2007,262,Saison_des_pluies
1999-09-14,49,8.75,28.07882,61.92706,11.563026,2.6084454,4.9934025,13.961735,-13.492347,9,1999,257,Saison_des_pluies
1999-09-24,49,8.75,29.08027,43.499386,11.40513,2.857496,4.7556076,13.492347,-15.65051,9,1999,267,Saison_des_pluies
2002-09-25,49,8.75,14.995704,26.037453,9.381382,3.0509717,4.566907,16.34949,-14.568877,9,2002,268,Saison_des_pluies
1994-09-26,49,8.75,28.907469,51.145416,10.36684,2.7252169,4.2670884,13.09949,-15.691326,9,1994,269,Saison_des_pluies
1988-07-23,49,8.75,20.673601,42.617943,13.772792,2.5619977,4.167442,14.839286,-14.563775,7,1988,205,Saison_des_pluies
1994-05-28,49,8.75,5.498269,13.559357,0.840783,2.590628,4.142207,14.441326,-11.696428,5,1994,148,Saison_des_pluies
1985-08-26,49,8.75,23.188255,45.259552,13.536144,2.9040782,4.104526,15.813775,-12.002551,8,1985,238,Saison_des_pluies
2012-09-01,49,8.75,23.291609,58.32747,12.138346,2.5708566,4.0898676,15.604591,-15.329082,9,2012,245,Saison_des_pluies
2023-06-18,49,8.75,16.829329,28.144278,6.863253,2.6575625,4.0823116,13.140306,-15.609694,6,2023,169,Saison_des_pluies
2019-08-28,49,8.75,29.729355,77.50656,12.926794,2.5066204,3.7581842,14.619898,-13.380102,8,2019,240,Saison_des_pluies
1992-09-02,49,8.75,30.092215,54.128525,19.78972,2.335428,3.24983,13.772959,-15.660714,9,1992,246,Saison_des_pluies
2011-08-07,49,8.75,15.575338,30.086285,11.546051,2.282848,3.1614656,16.318878,-13.262755,8,2011,219,Saison_des_pluies
2000-08-08,49,8.75,26.479664,48.791405,12.990748,2.3356905,3.0953681,14.466837,-12.619898,8,2000,221,Saison_des_pluies
2003-09-05,49,8.75,29.58867,48.30876,19.049389,2.352713,3.0573554,13.670918,-14.227041,9,2003,248,Saison_des_pluies
2005-07-12,49,8.75,11.35961,31.173746,6.3587513,2.249628,2.836009,15.859694,-13.038265,7,2005,193,Saison_des_pluies
1983-06-08,48,8.571428571428571,2.6467807,6.961828,0.29363453,4.882252,11.774359,16.442709,-13.723958,6,1983,159,Saison_des_pluies
1985-08-08,48,8.571428571428571,51.478603,104.7,12.364791,3.6892443,8.782213,13.171875,-12.40625,8,1985,220,Saison_des_pluies
2020-06-12,48,8.571428571428571,10.981086,32.579624,1.3799934,3.8986015,7.4054017,14.59375,-15.536458,6,2020,164,Saison_des_pluies
1984-07-04,48,8.571428571428571,12.486314,28.0999,6.5488024,3.5040457,6.592429,16.317709,-12.822917,7,1984,186,Saison_des_pluies
2004-05-24,48,8.571428571428571,0.8124376,9.174859,0.1153636,3.0939171,6.0871086,14.520833,-15.59375,5,2004,145,Saison_des_pluies
2019-10-23,48,8.571428571428571,4.249604,14.029099,0.7634636,3.3040016,5.916525,15.151042,-12.09375,10,2019,296,Saison_des_pluies
2008-06-06,48,8.571428571428571,12.936666,19.253256,5.2487316,3.903261,5.8146834,13.567708,-16.010416,6,2008,158,Saison_des_pluies
1989-10-24,48,8.571428571428571,5.874386,12.040426,1.0632962,2.898051,5.7029934,14.421875,-13.317708,10,1989,297,Saison_des_pluies
2006-10-13,48,8.571428571428571,18.369417,50.07188,1.3720636,2.8624532,4.8995132,13.489583,-14.489583,10,2006,286,Saison_des_pluies
2022-06-18,48,8.571428571428571,2.8180714,10.395565,0.46762446,3.1106894,4.833639,15.963542,-15.739583,6,2022,169,Saison_des_pluies
1995-05-24,48,8.571428571428571,6.1921372,11.873543,0.47911382,2.9545338,4.766751,13.161458,-13.828125,5,1995,144,Saison_des_pluies
1987-10-05,48,8.571428571428571,10.883793,23.237799,4.679617,2.7689483,4.6753445,15.020833,-15.203125,10,1987,278,Saison_des_pluies
1989-08-14,48,8.571428571428571,25.224724,41.57105,15.848231,2.7181895,4.6661267,15.203125,-14.645833,8,1989,226,Saison_des_pluies
1986-10-07,48,8.571428571428571,10.459178,18.309889,5.4332824,2.6049318,4.3205113,14.479167,-14.864583,10,1986,280,Saison_des_pluies
2017-06-30,48,8.571428571428571,22.135126,32.15801,13.760459,2.6571405,4.019862,13.359375,-13.953125,6,2017,181,Saison_des_pluies
1990-09-17,48,8.571428571428571,18.98464,28.242825,10.932204,2.5284386,3.917906,15.484375,-14.609375,9,1990,260,Saison_des_pluies
2008-08-03,48,8.571428571428571,41.860874,74.557945,24.988752,2.720126,3.912612,12.932292,-14.359375,8,2008,216,Saison_des_pluies
2017-10-04,48,8.571428571428571,11.363574,18.912111,5.885027,2.7218225,3.7778807,15.192708,-14.973958,10,2017,277,Saison_des_pluies
1995-08-14,48,8.571428571428571,28.116652,53.775013,16.503878,2.484206,3.7361825,14.28125,-13.994792,8,1995,226,Saison_des_pluies
1998-08-09,48,8.571428571428571,32.04806,60.348732,16.515675,2.444282,3.7063913,13.53125,-14.270833,8,1998,221,Saison_des_pluies
1998-09-30,48,8.571428571428571,14.532413,30.788893,6.216356,2.7208126,3.6724195,15.0625,-15.463542,9,1998,273,Saison_des_pluies
2011-09-19,48,8.571428571428571,32.419346,48.71471,20.657461,2.7682912,3.6296024,12.885417,-12.088542,9,2011,262,Saison_des_pluies
1996-07-08,48,8.571428571428571,22.356657,35.005737,12.693935,2.5274627,3.6117897,13.796875,-15.463542,7,1996,190,Saison_des_pluies
2011-06-14,48,8.571428571428571,8.887604,21.236483,2.0767264,2.341119,3.6021104,14.9375,-12.036458,6,2011,165,Saison_des_pluies
2009-08-12,48,8.571428571428571,21.135988,47.62604,13.263025,2.5242417,3.5175955,15.708333,-15.755208,8,2009,224,Saison_des_pluies
1984-07-13,48,8.571428571428571,19.91268,47.16171,7.7544446,2.3686247,3.502911,14.520833,-12.536458,7,1984,195,Saison_des_pluies
2003-09-24,48,8.571428571428571,14.208626,24.42115,8.359249,2.5650046,3.4115024,16.307291,-14.401042,9,2003,267,Saison_des_pluies
1994-08-18,48,8.571428571428571,32.261883,45.966427,19.480112,2.368251,3.3795085,13.484375,-12.536458,8,1994,230,Saison_des_pluies
2005-09-10,48,8.571428571428571,17.405394,26.03872,9.8773775,2.3270986,3.0385547,15.697917,-14.536458,9,2005,253,Saison_des_pluies
2016-09-06,48,8.571428571428571,21.248959,38.14498,11.736417,2.2775812,2.893577,14.901042,-15.171875,9,2016,250,Saison_des_pluies
1982-09-17,48,8.571428571428571,19.285517,26.503502,11.0105295,2.3259497,2.794054,14.921875,-15.203125,9,1982,260,Saison_des_pluies
1999-05-01,47,8.392857142857142,5.493342,21.542858,0.151927,4.811119,10.818582,12.768617,-12.412234,5,1999,121,Saison_des_pluies
1990-05-07,47,8.392857142857142,4.753202,9.672787,0.04375896,3.1810071,8.842516,13.25266,-11.827127,5,1990,127,Saison_des_pluies
2005-10-27,47,8.392857142857142,8.570658,33.559826,0.6675067,3.4154215,8.307664,14.582447,-15.598404,10,2005,300,Saison_des_pluies
2005-10-13,47,8.392857142857142,10.302919,19.209919,4.922168,3.1803885,5.4217567,14.289893,-16.039894,10,2005,286,Saison_des_pluies
1987-08-08,47,8.392857142857142,25.551495,47.812912,18.152098,2.7045143,5.3292737,14.933511,-13.86968,8,1987,220,Saison_des_pluies
2020-10-06,47,8.392857142857142,9.98647,14.102859,3.8334,3.3447318,5.044587,15.422873,-15.625,10,2020,280,Saison_des_pluies
1996-05-30,47,8.392857142857142,10.565545,15.084386,3.369422,2.5562685,4.6382155,13.11968,-12.848404,5,1996,151,Saison_des_pluies
2019-07-05,47,8.392857142857142,26.758774,35.298897,15.564674,2.6953607,4.2633824,13.140958,-11.7154255,7,2019,186,Saison_des_pluies
1985-08-02,47,8.392857142857142,19.51934,29.468575,11.993835,2.7279088,4.159773,15.7845745,-13.986702,8,1985,214,Saison_des_pluies
2008-10-14,47,8.392857142857142,13.8019905,24.213856,6.131453,2.848772,4.0291405,12.99734,-12.140958,10,2008,288,Saison_des_pluies
2017-07-12,47,8.392857142857142,21.584402,36.979904,13.01255,2.63003,4.022018,14.13032,-11.470745,7,2017,193,Saison_des_pluies
2017-09-25,47,8.392857142857142,17.751312,47.279743,9.780266,2.6531405,3.9814115,15.481383,-15.625,9,2017,268,Saison_des_pluies
1999-06-27,47,8.392857142857142,17.321205,24.570988,8.7487545,2.583686,3.8913317,13.843085,-14.039893,6,1999,178,Saison_des_pluies
2023-07-31,47,8.392857142857142,18.031488,25.157015,10.205283,2.877832,3.8215928,16.422873,-15.050532,7,2023,212,Saison_des_pluies
1997-09-28,47,8.392857142857142,22.889269,33.165863,14.517498,2.5150046,3.6108212,13.156915,-12.11968,9,1997,271,Saison_des_pluies
2008-07-12,47,8.392857142857142,17.888721,24.209072,8.875053,2.4520643,3.1396887,14.875,-13.832447,7,2008,194,Saison_des_pluies
2008-08-20,47,8.392857142857142,30.763334,46.833916,14.755737,2.452641,3.098824,14.337766,-12.103724,8,2008,233,Saison_des_pluies
2007-10-23,47,8.392857142857142,11.820655,21.525993,5.448916,2.3114355,3.091177,12.74734,-13.571809,10,2007,296,Saison_des_pluies
1994-09-14,47,8.392857142857142,19.70002,41.820133,10.697126,2.3141472,2.9400764,15.125,-13.922873,9,1994,257,Saison_des_pluies
2004-07-14,47,8.392857142857142,18.830658,28.581728,13.197716,2.2274244,2.724993,14.236702,-12.614362,7,2004,196,Saison_des_pluies
2008-08-04,47,8.392857142857142,28.454742,54.247944,13.180053,2.2230422,2.64934,13.683511,-13.162234,8,2008,217,Saison_des_pluies
2014-05-11,46,8.214285714285714,13.787527,28.112883,0.18244809,6.166989,12.008594,13.201087,-11.717391,5,2014,131,Saison_des_pluies
2002-04-09,46,8.214285714285714,1.042007,6.926834,0.0048562195,5.805289,11.947385,13.369565,-11.695652,4,2002,99,Saison_seche
2004-06-09,46,8.214285714285714,11.6452,18.746277,2.3859446,3.0418997,10.173472,14.472826,-14.027174,6,2004,161,Saison_des_pluies
1981-05-16,46,8.214285714285714,5.0095353,11.463093,0.8137668,3.506496,8.29561,13.271739,-13.369565,5,1981,136,Saison_des_pluies
1989-08-13,46,8.214285714285714,19.826647,39.31258,10.536508,3.1203198,7.3320165,16.451086,-13.065217,8,1989,225,Saison_des_pluies
1981-08-10,46,8.214285714285714,47.48619,75.490906,16.975767,3.6701226,5.9733567,13.407609,-12.282609,8,1981,222,Saison_des_pluies
1996-07-01,46,8.214285714285714,29.28601,67.03183,15.657648,2.8447428,5.8188663,12.940217,-12.195652,7,1996,183,Saison_des_pluies
2007-05-20,46,8.214285714285714,8.825502,18.814966,0.058902755,2.9211173,5.7834888,13.375,-12.043478,5,2007,140,Saison_des_pluies
1988-08-31,46,8.214285714285714,25.809874,46.108753,15.304687,3.1931596,5.6934967,15.684783,-14.722826,8,1988,244,Saison_des_pluies
2011-08-16,46,8.214285714285714,45.332397,78.51983,26.469414,3.0141873,5.598545,13.108696,-11.978261,8,2011,228,Saison_des_pluies
1995-06-22,46,8.214285714285714,20.777624,39.4937,6.5601764,2.8702188,5.164031,13.070652,-14.853261,6,1995,173,Saison_des_pluies
2012-09-25,46,8.214285714285714,29.850428,53.291924,11.371529,3.1199756,4.557036,13.684783,-15.086957,9,2012,269,Saison_des_pluies
1991-08-16,46,8.214285714285714,44.742607,95.27042,19.240667,3.0163953,4.46784,13.657609,-15.902174,8,1991,228,Saison_des_pluies
2013-07-04,46,8.214285714285714,10.2486725,14.647923,4.614249,2.6234865,4.1910405,15.684783,-15.733696,7,2013,185,Saison_des_pluies
2014-08-23,46,8.214285714285714,18.092196,30.891481,12.930198,2.5445664,4.0225763,16.434782,-13.282609,8,2014,235,Saison_des_pluies
1997-06-20,46,8.214285714285714,17.225382,27.899582,9.957473,2.707132,3.9763746,13.298913,-15.190217,6,1997,171,Saison_des_pluies
1990-07-04,46,8.214285714285714,26.582409,46.500214,6.374327,2.5550628,3.9415247,13.130435,-13.027174,7,1990,185,Saison_des_pluies
2010-05-16,46,8.214285714285714,5.8509455,10.473869,0.37100843,2.6262045,3.856805,12.788043,-13.505435,5,2010,136,Saison_des_pluies
2020-09-28,46,8.214285714285714,20.951855,29.238243,13.366589,2.5127754,3.8193266,13.429348,-13.983696,9,2020,272,Saison_des_pluies
2009-07-28,46,8.214285714285714,19.898005,31.710142,13.249929,2.6246343,3.7818458,15.771739,-12.472826,7,2009,209,Saison_des_pluies
2011-06-28,46,8.214285714285714,16.369394,25.699736,4.762082,2.3220615,3.191616,14.206522,-13.548913,6,2011,179,Saison_des_pluies
2006-08-13,46,8.214285714285714,16.396694,35.367382,10.499223,2.37108,2.954231,16.315218,-13.005435,8,2006,225,Saison_des_pluies
2000-04-06,45,8.035714285714286,0.77024686,7.7564545,0.0052052033,4.2602477,11.42849,12.708333,-12.252778,4,2000,97,Saison_seche
1990-06-06,45,8.035714285714286,6.5857525,16.123621,1.596356,3.5680163,9.517893,15.019444,-14.263889,6,1990,157,Saison_des_pluies
1981-05-13,45,8.035714285714286,17.964254,32.886906,6.33457,5.7469673,8.690625,12.641666,-12.6027775,5,1981,133,Saison_des_pluies
2008-10-31,45,8.035714285714286,5.051933,12.101397,0.8539887,3.553005,7.3991036,13.586111,-12.258333,10,2008,305,Saison_des_pluies
2000-11-15,45,8.035714285714286,1.5409946,7.449877,0.029803155,3.7851834,7.114105,12.719444,-15.036111,11,2000,320,Saison_seche
1984-05-06,45,8.035714285714286,6.8124986,17.65931,0.5883856,3.9900482,6.547045,12.463889,-13.413889,5,1984,127,Saison_des_pluies
1984-07-27,45,8.035714285714286,47.39204,94.71429,13.826644,3.6260312,6.100768,13.652778,-15.319445,7,1984,209,Saison_des_pluies
1986-08-29,45,8.035714285714286,51.94579,72.779274,31.48347,3.3680382,5.953457,12.825,-13.608334,8,1986,241,Saison_des_pluies
1989-08-20,45,8.035714285714286,35.112732,67.66873,14.532836,3.187579,5.3844204,14.597222,-11.402778,8,1989,232,Saison_des_pluies
1981-08-02,45,8.035714285714286,28.852705,60.31,16.406622,2.793228,5.3221354,14.430555,-14.375,8,1981,214,Saison_des_pluies
2003-06-30,45,8.035714285714286,10.938431,23.390905,4.733604,3.1897976,5.2195063,16.436111,-12.197222,6,2003,181,Saison_des_pluies
1993-08-05,45,8.035714285714286,28.308748,47.950985,16.406494,3.1289618,5.1678367,14.680555,-16.186111,8,1993,217,Saison_des_pluies
2000-07-18,45,8.035714285714286,24.744951,45.50014,10.940738,2.7726111,4.9932523,14.558333,-15.186111,7,2000,200,Saison_des_pluies
2001-06-13,45,8.035714285714286,8.177904,15.793465,2.3622782,2.7363162,4.8775616,15.280556,-11.747222,6,2001,164,Saison_des_pluies
2013-10-26,45,8.035714285714286,2.567198,7.2984705,0.6112945,2.8864858,4.7556973,15.291667,-15.119445,10,2013,299,Saison_des_pluies
2014-05-20,45,8.035714285714286,5.858634,12.838254,1.731625,2.8254864,4.347426,13.669444,-12.558333,5,2014,140,Saison_des_pluies
2013-08-13,45,8.035714285714286,36.17839,58.867672,15.193988,2.796864,4.2959027,13.702778,-12.830556,8,2013,225,Saison_des_pluies
1996-10-15,45,8.035714285714286,5.361092,17.537144,1.5765486,2.5414462,4.2264867,15.180555,-14.552778,10,1996,289,Saison_des_pluies
1995-10-12,45,8.035714285714286,15.60002,39.956066,5.93824,2.790302,4.211691,13.302778,-15.230556,10,1995,285,Saison_des_pluies
2012-06-20,45,8.035714285714286,11.350241,20.044106,5.0953226,2.6425114,4.205039,14.886111,-14.1027775,6,2012,172,Saison_des_pluies
1981-06-14,45,8.035714285714286,14.975297,21.684334,7.637964,2.5718641,3.84095,13.875,-11.886111,6,1981,165,Saison_des_pluies
1982-09-11,45,8.035714285714286,18.511572,29.576849,11.203988,2.6438463,3.6487393,16.130556,-14.775,9,1982,254,Saison_des_pluies
2022-07-03,45,8.035714285714286,14.519477,25.791965,7.470237,2.5640397,3.5696805,15.480556,-11.558333,7,2022,184,Saison_des_pluies
2010-07-29,45,8.035714285714286,33.601433,65.22904,18.18937,2.549184,3.5153244,13.541667,-15.958333,7,2010,210,Saison_des_pluies
2006-10-12,45,8.035714285714286,17.786121,32.224876,4.5277667,2.5899441,3.4884534,12.908334,-15.336111,10,2006,285,Saison_des_pluies
1987-08-01,45,8.035714285714286,30.004194,41.377148,19.259228,2.6032648,3.3872325,13.736111,-12.863889,8,1987,213,Saison_des_pluies
2010-07-02,45,8.035714285714286,18.606878,24.863832,13.6257925,2.3827772,3.2798896,13.975,-12.886111,7,2010,183,Saison_des_pluies
2002-10-12,45,8.035714285714286,8.083351,16.165041,2.6473978,2.388688,2.8705742,14.791667,-14.769444,10,2002,285,Saison_des_pluies
2008-11-23,44,7.857142857142857,1.4889218,7.7275653,0.07013596,5.443815,15.17727,12.602273,-14.778409,11,2008,328,Saison_seche
2021-05-26,44,7.857142857142857,3.684545,15.870099,0.28939557,4.514269,12.971716,15.477273,-12.198864,5,2021,146,Saison_des_pluies
1989-06-26,44,7.857142857142857,13.188779,42.95523,2.5210407,6.499159,12.292826,15.693182,-15.471591,6,1989,177,Saison_des_pluies
2005-06-15,44,7.857142857142857,4.1749816,11.350931,0.6821596,3.7660356,7.1778245,16.232954,-13.079545,6,2005,166,Saison_des_pluies
1985-09-06,44,7.857142857142857,33.747395,74.5801,15.624925,3.337327,7.079108,14.8125,-16.369318,9,1985,249,Saison_des_pluies
1998-07-18,44,7.857142857142857,31.619179,56.91772,12.805555,3.422435,7.000076,13.818182,-14.8125,7,1998,199,Saison_des_pluies
2012-09-05,44,7.857142857142857,46.5158,79.0133,23.161222,3.4346519,6.1924767,13.272727,-15.829545,9,2012,249,Saison_des_pluies
1994-09-22,44,7.857142857142857,21.251215,36.679405,11.29596,3.9339242,6.1801605,16.414772,-15.25,9,1994,265,Saison_des_pluies
2021-08-19,44,7.857142857142857,30.006031,55.682938,13.470606,2.938391,5.0874925,15.034091,-15.170455,8,2021,231,Saison_des_pluies
2008-07-03,44,7.857142857142857,9.930497,20.740454,3.855094,2.6348684,4.9500785,16.505682,-12.5625,7,2008,185,Saison_des_pluies
1990-07-30,44,7.857142857142857,17.578482,36.513893,11.326322,2.7772744,4.9382772,16.181818,-14.329545,7,1990,211,Saison_des_pluies
2023-07-16,44,7.857142857142857,18.413439,27.990105,7.8715444,3.2105668,4.6888137,15.590909,-11.676136,7,2023,197,Saison_des_pluies
2023-10-30,44,7.857142857142857,4.5889935,10.069104,0.763455,2.8947418,4.6800585,13.903409,-12.659091,10,2023,303,Saison_des_pluies
1994-11-01,44,7.857142857142857,7.4073987,14.934662,0.9039552,2.71037,4.302507,12.693182,-13.732955,11,1994,305,Saison_seche
2002-06-12,44,7.857142857142857,9.80151,20.802586,1.5351683,2.9854844,4.255413,15.147727,-11.664773,6,2002,163,Saison_des_pluies
2023-10-07,44,7.857142857142857,10.686889,23.690542,3.5981193,2.9243014,4.1597214,14.767045,-13.852273,10,2023,280,Saison_des_pluies
2004-10-06,44,7.857142857142857,20.834684,45.588512,9.804279,2.8362615,4.1031656,12.909091,-13.107955,10,2004,280,Saison_des_pluies
2006-08-28,44,7.857142857142857,49.956528,71.157005,31.238352,2.6550324,4.0311775,12.448864,-13.056818,8,2006,240,Saison_des_pluies
1999-10-04,44,7.857142857142857,18.423353,29.019085,9.486172,2.580094,4.0151925,13.090909,-13.0,10,1999,277,Saison_des_pluies
2003-08-22,44,7.857142857142857,23.499903,57.234352,12.056649,2.440119,3.8891022,15.6875,-12.954545,8,2003,234,Saison_des_pluies
2006-06-22,44,7.857142857142857,21.082159,30.838745,8.741408,2.5598488,3.7801695,12.704545,-15.073864,6,2006,173,Saison_des_pluies
1989-09-01,44,7.857142857142857,18.605562,39.515064,12.277648,2.4839919,3.4716818,15.875,-12.147727,9,1989,244,Saison_des_pluies
1998-07-28,44,7.857142857142857,22.230602,49.1919,11.3124,2.3169854,3.1152549,14.920455,-11.971591,7,1998,209,Saison_des_pluies
1999-07-22,44,7.857142857142857,17.244194,27.081823,11.008419,2.3026075,2.7217588,14.994318,-12.119318,7,1999,203,Saison_des_pluies
1994-05-16,43,7.678571428571429,2.370104,7.3827453,0.39151546,3.1270485,8.245472,13.851745,-13.061047,5,1994,136,Saison_des_pluies
2009-05-17,43,7.678571428571429,1.831385,8.800326,0.044606544,4.428754,8.2072315,14.648255,-12.479651,5,2009,137,Saison_des_pluies
1982-10-14,43,7.678571428571429,11.650461,29.678246,2.6738248,3.4638171,7.3182545,14.502907,-16.473837,10,1982,287,Saison_des_pluies
1993-07-22,43,7.678571428571429,35.1653,68.52878,17.617722,3.705589,7.2315745,13.898255,-15.171512,7,1993,203,Saison_des_pluies
2012-08-26,43,7.678571428571429,35.64736,76.145676,23.144533,3.063032,6.775646,14.526163,-14.130814,8,2012,239,Saison_des_pluies
1995-07-03,43,7.678571428571429,8.760642,15.621255,2.3233514,2.9534726,5.121523,16.398256,-14.665698,7,1995,184,Saison_des_pluies
1990-10-18,43,7.678571428571429,4.0265603,9.448933,1.6619403,3.01832,4.5276923,15.979651,-14.927325,10,1990,291,Saison_des_pluies
2005-10-09,43,7.678571428571429,12.576596,29.331917,6.3316603,2.8483474,4.4189873,14.206395,-15.950582,10,2005,282,Saison_des_pluies
2022-10-16,43,7.678571428571429,12.540685,24.442112,6.0906434,2.4737346,3.9176266,12.81686,-12.863372,10,2022,289,Saison_des_pluies
2021-10-23,43,7.678571428571429,8.544482,19.539501,2.849554,2.6643763,3.9046695,13.40407,-13.299418,10,2021,296,Saison_des_pluies
2009-07-02,43,7.678571428571429,12.206343,18.889727,3.758058,2.303485,3.8721561,14.973837,-15.328488,7,2009,183,Saison_des_pluies
2010-10-28,43,7.678571428571429,7.6699686,14.218715,3.1045196,2.5223532,3.8614604,12.985465,-13.40407,10,2010,301,Saison_des_pluies
2006-07-21,43,7.678571428571429,15.700951,25.15185,6.069825,2.5943773,3.7754717,15.758721,-15.648255,7,2006,202,Saison_des_pluies
1982-09-26,43,7.678571428571429,16.76631,43.68406,6.9671507,2.399191,3.7186513,14.991279,-13.311047,9,1982,269,Saison_des_pluies
2009-07-29,43,7.678571428571429,16.383343,27.510733,11.325458,2.6192381,3.5731902,16.235466,-15.46221,7,2009,210,Saison_des_pluies
2004-09-03,43,7.678571428571429,19.416504,34.414032,10.600424,2.414853,3.5071669,15.369186,-11.944767,9,2004,247,Saison_des_pluies
2023-06-11,43,7.678571428571429,16.384266,28.431358,9.651993,2.3858678,3.42779,13.293605,-14.247093,6,2023,162,Saison_des_pluies
2012-10-10,43,7.678571428571429,4.1870875,10.205994,2.276524,2.404944,3.3386245,15.71221,-11.869186,10,2012,284,Saison_des_pluies
2015-09-28,43,7.678571428571429,20.593517,35.613277,13.402548,2.4231813,3.2122262,13.71221,-15.776163,9,2015,271,Saison_des_pluies
2014-09-03,43,7.678571428571429,29.021948,57.381317,13.439793,2.385167,3.1941814,14.125,-13.113372,9,2014,246,Saison_des_pluies
2015-09-16,43,7.678571428571429,24.709105,33.825603,18.191994,2.4392815,3.1250575,13.723837,-15.549418,9,2015,259,Saison_des_pluies
2011-05-31,43,7.678571428571429,4.5479245,12.3364525,1.0835289,2.3143063,2.9610605,14.805233,-12.148255,5,2011,151,Saison_des_pluies
1998-10-27,42,7.5,6.274607,13.915038,1.7066662,4.9484925,13.721901,14.220238,-15.589286,10,1998,300,Saison_des_pluies
2014-05-12,42,7.5,2.8654854,20.51749,0.007892665,3.9406426,12.200208,14.672619,-12.601191,5,2014,132,Saison_des_pluies
2016-10-26,42,7.5,2.4361367,10.069989,0.43153372,4.2690153,9.327275,16.279762,-15.333333,10,2016,300,Saison_des_pluies
2012-10-30,42,7.5,11.790022,32.41147,2.7671719,4.019766,8.319924,12.565476,-13.934524,10,2012,304,Saison_des_pluies
2002-05-15,42,7.5,12.859477,23.417953,0.70054185,4.016293,7.8204165,12.636905,-12.464286,5,2002,135,Saison_des_pluies
1988-11-04,42,7.5,5.1770144,12.267091,1.1803396,3.8930483,7.587742,12.559524,-12.779762,11,1988,309,Saison_seche
1986-05-20,42,7.5,2.674544,9.654331,0.26935786,3.1647205,5.510108,14.375,-13.059524,5,1986,140,Saison_des_pluies
1982-07-29,42,7.5,18.09967,26.351202,11.981127,2.751909,4.476269,15.958333,-15.708333,7,1982,210,Saison_des_pluies
2003-07-28,42,7.5,19.795105,32.155968,13.061066,2.435309,4.386909,15.273809,-15.595238,7,2003,209,Saison_des_pluies
1986-05-26,42,7.5,12.667611,17.302406,4.4218955,2.9842527,4.3453803,13.041667,-11.666667,5,1986,146,Saison_des_pluies
1997-09-07,42,7.5,29.151588,53.06834,15.882822,2.8060565,4.2860713,14.702381,-16.267857,9,1997,250,Saison_des_pluies
2000-06-10,42,7.5,10.393214,17.62023,1.3864844,2.646381,4.246193,14.708333,-12.654762,6,2000,162,Saison_des_pluies
2001-10-05,42,7.5,18.537754,24.881264,11.542668,2.699718,3.9404879,12.809524,-11.839286,10,2001,278,Saison_des_pluies
1997-06-16,42,7.5,17.349674,28.633703,5.393077,2.6335962,3.735691,13.202381,-14.672619,6,1997,167,Saison_des_pluies
2019-08-22,42,7.5,32.8878,63.639282,19.71111,2.6261957,3.6668167,14.583333,-16.309525,8,2019,234,Saison_des_pluies
2008-09-03,42,7.5,28.554483,47.39052,19.142937,2.402963,3.42598,14.119047,-14.404762,9,2008,247,Saison_des_pluies
2022-06-28,42,7.5,25.313639,34.868546,16.271917,2.573116,3.2712157,12.779762,-11.892858,6,2022,179,Saison_des_pluies
1999-10-03,42,7.5,14.5957365,23.78989,4.496258,2.3731246,3.2246978,13.988095,-13.547619,10,1999,276,Saison_des_pluies
1985-08-18,42,7.5,30.306286,58.52797,12.9027195,2.3447554,3.1908593,14.297619,-12.023809,8,1985,230,Saison_des_pluies
1991-09-11,42,7.5,21.890135,36.735035,10.018182,2.2778993,2.7518914,14.315476,-11.779762,9,1991,254,Saison_des_pluies
2006-06-26,41,7.321428571428572,12.529759,21.739819,6.848735,3.9130845,6.926255,16.039635,-12.039634,6,2006,177,Saison_des_pluies
1998-09-09,41,7.321428571428572,25.146366,39.973602,11.641374,2.920255,6.6834173,14.801829,-14.009147,9,1998,252,Saison_des_pluies
2007-10-29,41,7.321428571428572,7.299259,13.525949,1.3246936,2.9407103,5.162437,13.07622,-12.112804,10,2007,302,Saison_des_pluies
2000-06-25,41,7.321428571428572,12.674958,22.708996,7.710413,2.7920172,4.647823,15.259147,-12.515244,6,2000,177,Saison_des_pluies
2002-07-15,41,7.321428571428572,25.413235,35.984474,13.284521,3.0651774,4.3941927,14.045732,-15.814024,7,2002,196,Saison_des_pluies
2016-08-26,41,7.321428571428572,30.180962,47.855385,13.84044,2.9434516,4.3452716,14.844512,-11.771341,8,2016,239,Saison_des_pluies
2014-07-05,41,7.321428571428572,11.195608,18.171692,3.7772732,2.7721562,4.0957994,15.960366,-15.131098,7,2014,186,Saison_des_pluies
2009-09-26,41,7.321428571428572,14.642183,25.281326,9.033436,2.7961245,3.9645844,16.155487,-15.746951,9,2009,269,Saison_des_pluies
2018-06-14,41,7.321428571428572,11.246556,17.871279,6.5804152,2.361168,3.9412768,14.246951,-14.271341,6,2018,165,Saison_des_pluies
2017-08-12,41,7.321428571428572,40.421673,77.32239,17.756739,2.5304923,3.8507159,13.301829,-14.594512,8,2017,224,Saison_des_pluies
2004-09-14,41,7.321428571428572,21.564293,44.675495,10.999085,2.543771,3.8366053,14.740853,-14.271341,9,2004,258,Saison_des_pluies
2014-07-30,41,7.321428571428572,23.441963,30.250463,13.565083,2.7413242,3.7899532,15.07622,-11.472561,7,2014,211,Saison_des_pluies
1991-08-05,41,7.321428571428572,47.02377,67.35702,28.788437,2.4928238,3.5667968,12.515244,-14.14939,8,1991,217,Saison_des_pluies
2018-07-01,41,7.321428571428572,20.581987,32.433243,14.140045,2.640178,3.4663434,13.92378,-12.204268,7,2018,182,Saison_des_pluies
1994-08-16,41,7.321428571428572,25.449427,48.52405,13.422163,2.4803166,3.4141638,14.917683,-12.368902,8,1994,228,Saison_des_pluies
2011-06-27,41,7.321428571428572,22.299059,30.026367,15.911066,2.5277138,3.3674154,13.10061,-12.021341,6,2011,178,Saison_des_pluies
1988-07-03,41,7.321428571428572,23.683855,35.24431,15.711667,2.3845875,3.138316,13.039634,-13.734756,7,1988,185,Saison_des_pluies
1993-07-05,41,7.321428571428572,26.1279,35.28153,17.976162,2.3470242,3.0805874,12.893292,-15.045732,7,1993,186,Saison_des_pluies
1992-09-11,41,7.321428571428572,20.32595,30.18253,11.440111,2.273276,2.8366737,14.740853,-13.679878,9,1992,255,Saison_des_pluies
2009-08-15,41,7.321428571428572,35.42949,55.521397,26.039959,2.288094,2.7819493,13.405488,-12.246951,8,2009,227,Saison_des_pluies
1993-05-08,40,7.142857142857142,1.1331276,5.619137,0.027093405,7.230611,33.28329,14.6375,-13.9875,5,1993,128,Saison_des_pluies
2008-05-21,40,7.142857142857142,6.4550486,12.671165,0.92175126,3.230336,6.3985305,13.825,-12.125,5,2008,142,Saison_des_pluies
1986-09-24,40,7.142857142857142,25.501978,39.431652,10.87153,3.2078605,5.504106,14.6125,-13.89375,9,1986,267,Saison_des_pluies
1999-08-26,40,7.142857142857142,20.044392,35.846756,12.346871,3.203385,5.4191246,16.45625,-12.09375,8,1999,238,Saison_des_pluies
1993-08-26,40,7.142857142857142,20.830208,36.54363,11.942608,3.110828,5.1254387,16.525,-15.1,8,1993,238,Saison_des_pluies
2012-07-08,40,7.142857142857142,12.691214,29.461267,7.361754,3.0632482,4.678641,16.0875,-13.75625,7,2012,190,Saison_des_pluies
2017-06-29,40,7.142857142857142,10.370321,20.141085,2.2062542,2.6399531,4.291007,15.775,-12.98125,6,2017,180,Saison_des_pluies
2000-07-30,40,7.142857142857142,31.507305,45.725372,14.390782,2.4504466,4.194835,13.33125,-13.8125,7,2000,212,Saison_des_pluies
2001-08-03,40,7.142857142857142,37.70412,60.08508,20.216743,2.5149643,4.100958,13.0375,-15.08125,8,2001,215,Saison_des_pluies
1982-06-21,40,7.142857142857142,12.979464,21.493784,6.284805,2.408694,4.00387,13.85625,-15.08125,6,1982,172,Saison_des_pluies
1996-07-25,40,7.142857142857142,25.121616,37.86351,19.07205,2.566136,3.9243734,14.4875,-13.36875,7,1996,207,Saison_des_pluies
1984-06-11,40,7.142857142857142,16.355005,28.51164,2.0442584,2.5330873,3.7135873,13.0875,-13.875,6,1984,163,Saison_des_pluies
1999-09-21,40,7.142857142857142,27.285748,47.954018,10.982092,2.615306,3.6894262,13.6375,-13.2875,9,1999,264,Saison_des_pluies
2004-10-14,40,7.142857142857142,11.673317,17.825302,6.7218556,2.6812663,3.63265,13.43125,-13.81875,10,2004,288,Saison_des_pluies
2012-07-07,40,7.142857142857142,15.624105,31.452747,5.8604627,2.485991,3.3714433,14.56875,-16.13125,7,2012,189,Saison_des_pluies
2014-10-15,40,7.142857142857142,5.013096,10.031303,1.4674188,2.4530501,3.2826674,15.30625,-13.4875,10,2014,288,Saison_des_pluies
2004-08-03,40,7.142857142857142,30.182705,49.566864,12.696201,2.441259,3.2651358,13.89375,-12.5625,8,2004,216,Saison_des_pluies
