,occurrence,count,intensity,feature_IOD_current,feature_IOD_lag1,feature_IOD_lag2,feature_IOD_lag3,feature_IOD_lag4,feature_IOD_lag5,feature_IOD_lag6,feature_IOD_lag7,feature_IOD_lag8,feature_IOD_lag9,feature_IOD_lag10,feature_IOD_lag11,feature_IOD_lag12,feature_Nino34_current,feature_Nino34_lag1,feature_Nino34_lag2,feature_Nino34_lag3,feature_Nino34_lag4,feature_Nino34_lag5,feature_Nino34_lag6,feature_Nino34_lag7,feature_Nino34_lag8,feature_Nino34_lag9,feature_Nino34_lag10,feature_Nino34_lag11,feature_Nino34_lag12,feature_TNA_current,feature_TNA_lag1,feature_TNA_lag2,feature_TNA_lag3,feature_TNA_lag4,feature_TNA_lag5,feature_TNA_lag6,feature_TNA_lag7,feature_TNA_lag8,feature_TNA_lag9,feature_TNA_lag10,feature_TNA_lag11,feature_TNA_lag12,month,season
1981-10-01,1,3,30.330772,-0.5,-0.618,-0.599,-0.524,-0.606,-0.445,-0.384,-0.126,-0.327,-0.428,,,,-0.03,-0.07,-0.18,-0.43,-0.15,-0.11,-0.17,-0.02,-0.45,-0.45,,,,0.04,0.14,0.09,0.15,0.18,0.36,0.34,0.6,0.16,0.27,,,,10,1
1981-11-01,1,1,10.083347,-0.606,-0.5,-0.618,-0.599,-0.524,-0.606,-0.445,-0.384,-0.126,-0.327,-0.428,,,-0.27,-0.03,-0.07,-0.18,-0.43,-0.15,-0.11,-0.17,-0.02,-0.45,-0.45,,,0.13,0.04,0.14,0.09,0.15,0.18,0.36,0.34,0.6,0.16,0.27,,,11,0
1981-12-01,0,0,,-0.37,-0.606,-0.5,-0.618,-0.599,-0.524,-0.606,-0.445,-0.384,-0.126,-0.327,-0.428,,0.07,-0.27,-0.03,-0.07,-0.18,-0.43,-0.15,-0.11,-0.17,-0.02,-0.45,-0.45,,0.27,0.13,0.04,0.14,0.09,0.15,0.18,0.36,0.34,0.6,0.16,0.27,,12,0
1982-01-01,0,0,,-0.397,-0.37,-0.606,-0.5,-0.618,-0.599,-0.524,-0.606,-0.445,-0.384,-0.126,-0.327,-0.428,-0.04,0.07,-0.27,-0.03,-0.07,-0.18,-0.43,-0.15,-0.11,-0.17,-0.02,-0.45,-0.45,0.19,0.27,0.13,0.04,0.14,0.09,0.15,0.18,0.36,0.34,0.6,0.16,0.27,1,0
1982-02-01,0,0,,-0.407,-0.397,-0.37,-0.606,-0.5,-0.618,-0.599,-0.524,-0.606,-0.445,-0.384,-0.126,-0.327,-0.13,-0.04,0.07,-0.27,-0.03,-0.07,-0.18,-0.43,-0.15,-0.11,-0.17,-0.02,-0.45,-0.07,0.19,0.27,0.13,0.04,0.14,0.09,0.15,0.18,0.36,0.34,0.6,0.16,2,0
1982-03-01,0,0,,-0.362,-0.407,-0.397,-0.37,-0.606,-0.5,-0.618,-0.599,-0.524,-0.606,-0.445,-0.384,-0.126,-0.02,-0.13,-0.04,0.07,-0.27,-0.03,-0.07,-0.18,-0.43,-0.15,-0.11,-0.17,-0.02,-0.07,-0.07,0.19,0.27,0.13,0.04,0.14,0.09,0.15,0.18,0.36,0.34,0.6,3,0
1982-04-01,0,0,,-0.331,-0.362,-0.407,-0.397,-0.37,-0.606,-0.5,-0.618,-0.599,-0.524,-0.606,-0.445,-0.384,0.24,-0.02,-0.13,-0.04,0.07,-0.27,-0.03,-0.07,-0.18,-0.43,-0.15,-0.11,-0.17,-0.16,-0.07,-0.07,0.19,0.27,0.13,0.04,0.14,0.09,0.15,0.18,0.36,0.34,4,0
1982-05-01,0,0,,-0.249,-0.331,-0.362,-0.407,-0.397,-0.37,-0.606,-0.5,-0.618,-0.599,-0.524,-0.606,-0.445,0.65,0.24,-0.02,-0.13,-0.04,0.07,-0.27,-0.03,-0.07,-0.18,-0.43,-0.15,-0.11,-0.03,-0.16,-0.07,-0.07,0.19,0.27,0.13,0.04,0.14,0.09,0.15,0.18,0.36,5,1
1982-06-01,1,3,38.72968,-0.341,-0.249,-0.331,-0.362,-0.407,-0.397,-0.37,-0.606,-0.5,-0.618,-0.599,-0.524,-0.606,0.92,0.65,0.24,-0.02,-0.13,-0.04,0.07,-0.27,-0.03,-0.07,-0.18,-0.43,-0.15,-0.15,-0.03,-0.16,-0.07,-0.07,0.19,0.27,0.13,0.04,0.14,0.09,0.15,0.18,6,1
1982-07-01,1,7,73.311615,-0.263,-0.341,-0.249,-0.331,-0.362,-0.407,-0.397,-0.37,-0.606,-0.5,-0.618,-0.599,-0.524,0.64,0.92,0.65,0.24,-0.02,-0.13,-0.04,0.07,-0.27,-0.03,-0.07,-0.18,-0.43,-0.27,-0.15,-0.03,-0.16,-0.07,-0.07,0.19,0.27,0.13,0.04,0.14,0.09,0.15,7,1
1982-08-01,1,6,75.231964,-0.277,-0.263,-0.341,-0.249,-0.331,-0.362,-0.407,-0.397,-0.37,-0.606,-0.5,-0.618,-0.599,0.93,0.64,0.92,0.65,0.24,-0.02,-0.13,-0.04,0.07,-0.27,-0.03,-0.07,-0.18,-0.3,-0.27,-0.15,-0.03,-0.16,-0.07,-0.07,0.19,0.27,0.13,0.04,0.14,0.09,8,1
1982-09-01,1,3,43.68406,-0.125,-0.277,-0.263,-0.341,-0.249,-0.331,-0.362,-0.407,-0.397,-0.37,-0.606,-0.5,-0.618,1.39,0.93,0.64,0.92,0.65,0.24,-0.02,-0.13,-0.04,0.07,-0.27,-0.03,-0.07,-0.28,-0.3,-0.27,-0.15,-0.03,-0.16,-0.07,-0.07,0.19,0.27,0.13,0.04,0.14,9,1
1982-10-01,1,5,29.678246,-0.007,-0.125,-0.277,-0.263,-0.341,-0.249,-0.331,-0.362,-0.407,-0.397,-0.37,-0.606,-0.5,2.0,1.39,0.93,0.64,0.92,0.65,0.24,-0.02,-0.13,-0.04,0.07,-0.27,-0.03,-0.34,-0.28,-0.3,-0.27,-0.15,-0.03,-0.16,-0.07,-0.07,0.19,0.27,0.13,0.04,10,1
1982-11-01,0,0,,-0.1,-0.007,-0.125,-0.277,-0.263,-0.341,-0.249,-0.331,-0.362,-0.407,-0.397,-0.37,-0.606,2.07,2.0,1.39,0.93,0.64,0.92,0.65,0.24,-0.02,-0.13,-0.04,0.07,-0.27,-0.46,-0.34,-0.28,-0.3,-0.27,-0.15,-0.03,-0.16,-0.07,-0.07,0.19,0.27,0.13,11,0
1982-12-01,0,0,,-0.036,-0.1,-0.007,-0.125,-0.277,-0.263,-0.341,-0.249,-0.331,-0.362,-0.407,-0.397,-0.37,2.33,2.07,2.0,1.39,0.93,0.64,0.92,0.65,0.24,-0.02,-0.13,-0.04,0.07,-0.5,-0.46,-0.34,-0.28,-0.3,-0.27,-0.15,-0.03,-0.16,-0.07,-0.07,0.19,0.27,12,0
1983-01-01,0,0,,-0.017,-0.036,-0.1,-0.007,-0.125,-0.277,-0.263,-0.341,-0.249,-0.331,-0.362,-0.407,-0.397,2.43,2.33,2.07,2.0,1.39,0.93,0.64,0.92,0.65,0.24,-0.02,-0.13,-0.04,-0.36,-0.5,-0.46,-0.34,-0.28,-0.3,-0.27,-0.15,-0.03,-0.16,-0.07,-0.07,0.19,1,0
1983-02-01,0,0,,0.091,-0.017,-0.036,-0.1,-0.007,-0.125,-0.277,-0.263,-0.341,-0.249,-0.331,-0.362,-0.407,2.22,2.43,2.33,2.07,2.0,1.39,0.93,0.64,0.92,0.65,0.24,-0.02,-0.13,-0.02,-0.36,-0.5,-0.46,-0.34,-0.28,-0.3,-0.27,-0.15,-0.03,-0.16,-0.07,-0.07,2,0
1983-03-01,0,0,,0.039,0.091,-0.017,-0.036,-0.1,-0.007,-0.125,-0.277,-0.263,-0.341,-0.249,-0.331,-0.362,1.69,2.22,2.43,2.33,2.07,2.0,1.39,0.93,0.64,0.92,0.65,0.24,-0.02,0.44,-0.02,-0.36,-0.5,-0.46,-0.34,-0.28,-0.3,-0.27,-0.15,-0.03,-0.16,-0.07,3,0
1983-04-01,0,0,,0.159,0.039,0.091,-0.017,-0.036,-0.1,-0.007,-0.125,-0.277,-0.263,-0.341,-0.249,-0.331,1.12,1.69,2.22,2.43,2.33,2.07,2.0,1.39,0.93,0.64,0.92,0.65,0.24,0.45,0.44,-0.02,-0.36,-0.5,-0.46,-0.34,-0.28,-0.3,-0.27,-0.15,-0.03,-0.16,4,0
1983-05-01,1,1,13.648176,0.177,0.159,0.039,0.091,-0.017,-0.036,-0.1,-0.007,-0.125,-0.277,-0.263,-0.341,-0.249,1.12,1.12,1.69,2.22,2.43,2.33,2.07,2.0,1.39,0.93,0.64,0.92,0.65,0.17,0.45,0.44,-0.02,-0.36,-0.5,-0.46,-0.34,-0.28,-0.3,-0.27,-0.15,-0.03,5,1
1983-06-01,1,6,47.5696,0.519,0.177,0.159,0.039,0.091,-0.017,-0.036,-0.1,-0.007,-0.125,-0.277,-0.263,-0.341,0.62,1.12,1.12,1.69,2.22,2.43,2.33,2.07,2.0,1.39,0.93,0.64,0.92,0.35,0.17,0.45,0.44,-0.02,-0.36,-0.5,-0.46,-0.34,-0.28,-0.3,-0.27,-0.15,6,1
1983-07-01,1,4,55.044987,0.526,0.519,0.177,0.159,0.039,0.091,-0.017,-0.036,-0.1,-0.007,-0.125,-0.277,-0.263,-0.11,0.62,1.12,1.12,1.69,2.22,2.43,2.33,2.07,2.0,1.39,0.93,0.64,0.23,0.35,0.17,0.45,0.44,-0.02,-0.36,-0.5,-0.46,-0.34,-0.28,-0.3,-0.27,7,1
1983-08-01,1,2,55.453457,0.292,0.526,0.519,0.177,0.159,0.039,0.091,-0.017,-0.036,-0.1,-0.007,-0.125,-0.277,-0.13,-0.11,0.62,1.12,1.12,1.69,2.22,2.43,2.33,2.07,2.0,1.39,0.93,0.01,0.23,0.35,0.17,0.45,0.44,-0.02,-0.36,-0.5,-0.46,-0.34,-0.28,-0.3,8,1
1983-09-01,1,3,61.743526,0.005,0.292,0.526,0.519,0.177,0.159,0.039,0.091,-0.017,-0.036,-0.1,-0.007,-0.125,-0.5,-0.13,-0.11,0.62,1.12,1.12,1.69,2.22,2.43,2.33,2.07,2.0,1.39,-0.18,0.01,0.23,0.35,0.17,0.45,0.44,-0.02,-0.36,-0.5,-0.46,-0.34,-0.28,9,1
1983-10-01,1,1,12.085163,-0.265,0.005,0.292,0.526,0.519,0.177,0.159,0.039,0.091,-0.017,-0.036,-0.1,-0.007,-1.03,-0.5,-0.13,-0.11,0.62,1.12,1.12,1.69,2.22,2.43,2.33,2.07,2.0,-0.15,-0.18,0.01,0.23,0.35,0.17,0.45,0.44,-0.02,-0.36,-0.5,-0.46,-0.34,10,1
1983-11-01,0,0,,-0.121,-0.265,0.005,0.292,0.526,0.519,0.177,0.159,0.039,0.091,-0.017,-0.036,-0.1,-1.13,-1.03,-0.5,-0.13,-0.11,0.62,1.12,1.12,1.69,2.22,2.43,2.33,2.07,0.05,-0.15,-0.18,0.01,0.23,0.35,0.17,0.45,0.44,-0.02,-0.36,-0.5,-0.46,11,0
1983-12-01,0,0,,-0.215,-0.121,-0.265,0.005,0.292,0.526,0.519,0.177,0.159,0.039,0.091,-0.017,-0.036,-0.95,-1.13,-1.03,-0.5,-0.13,-0.11,0.62,1.12,1.12,1.69,2.22,2.43,2.33,0.23,0.05,-0.15,-0.18,0.01,0.23,0.35,0.17,0.45,0.44,-0.02,-0.36,-0.5,12,0
1984-01-01,0,0,,-0.518,-0.215,-0.121,-0.265,0.005,0.292,0.526,0.519,0.177,0.159,0.039,0.091,-0.017,-0.8,-0.95,-1.13,-1.03,-0.5,-0.13,-0.11,0.62,1.12,1.12,1.69,2.22,2.43,-0.05,0.23,0.05,-0.15,-0.18,0.01,0.23,0.35,0.17,0.45,0.44,-0.02,-0.36,1,0
1984-02-01,0,0,,-0.746,-0.518,-0.215,-0.121,-0.265,0.005,0.292,0.526,0.519,0.177,0.159,0.039,0.091,-0.53,-0.8,-0.95,-1.13,-1.03,-0.5,-0.13,-0.11,0.62,1.12,1.12,1.69,2.22,-0.2,-0.05,0.23,0.05,-0.15,-0.18,0.01,0.23,0.35,0.17,0.45,0.44,-0.02,2,0
1984-03-01,0,0,,-0.574,-0.746,-0.518,-0.215,-0.121,-0.265,0.005,0.292,0.526,0.519,0.177,0.159,0.039,-0.48,-0.53,-0.8,-0.95,-1.13,-1.03,-0.5,-0.13,-0.11,0.62,1.12,1.12,1.69,-0.1,-0.2,-0.05,0.23,0.05,-0.15,-0.18,0.01,0.23,0.35,0.17,0.45,0.44,3,0
1984-04-01,0,0,,-0.452,-0.574,-0.746,-0.518,-0.215,-0.121,-0.265,0.005,0.292,0.526,0.519,0.177,0.159,-0.6,-0.48,-0.53,-0.8,-0.95,-1.13,-1.03,-0.5,-0.13,-0.11,0.62,1.12,1.12,-0.19,-0.1,-0.2,-0.05,0.23,0.05,-0.15,-0.18,0.01,0.23,0.35,0.17,0.45,4,0
1984-05-01,1,3,33.863033,-0.762,-0.452,-0.574,-0.746,-0.518,-0.215,-0.121,-0.265,0.005,0.292,0.526,0.519,0.177,-0.64,-0.6,-0.48,-0.53,-0.8,-0.95,-1.13,-1.03,-0.5,-0.13,-0.11,0.62,1.12,-0.16,-0.19,-0.1,-0.2,-0.05,0.23,0.05,-0.15,-0.18,0.01,0.23,0.35,0.17,5,1
1984-06-01,1,14,43.633514,-0.763,-0.762,-0.452,-0.574,-0.746,-0.518,-0.215,-0.121,-0.265,0.005,0.292,0.526,0.519,-0.9,-0.64,-0.6,-0.48,-0.53,-0.8,-0.95,-1.13,-1.03,-0.5,-0.13,-0.11,0.62,-0.37,-0.16,-0.19,-0.1,-0.2,-0.05,0.23,0.05,-0.15,-0.18,0.01,0.23,0.35,6,1
1984-07-01,1,4,99.431915,-0.604,-0.763,-0.762,-0.452,-0.574,-0.746,-0.518,-0.215,-0.121,-0.265,0.005,0.292,0.526,-0.4,-0.9,-0.64,-0.6,-0.48,-0.53,-0.8,-0.95,-1.13,-1.03,-0.5,-0.13,-0.11,-0.35,-0.37,-0.16,-0.19,-0.1,-0.2,-0.05,0.23,0.05,-0.15,-0.18,0.01,0.23,7,1
1984-08-01,1,3,127.062256,-0.632,-0.604,-0.763,-0.762,-0.452,-0.574,-0.746,-0.518,-0.215,-0.121,-0.265,0.005,0.292,-0.4,-0.4,-0.9,-0.64,-0.6,-0.48,-0.53,-0.8,-0.95,-1.13,-1.03,-0.5,-0.13,-0.28,-0.35,-0.37,-0.16,-0.19,-0.1,-0.2,-0.05,0.23,0.05,-0.15,-0.18,0.01,8,1
1984-09-01,1,6,66.69143,-0.57,-0.632,-0.604,-0.763,-0.762,-0.452,-0.574,-0.746,-0.518,-0.215,-0.121,-0.265,0.005,-0.35,-0.4,-0.4,-0.9,-0.64,-0.6,-0.48,-0.53,-0.8,-0.95,-1.13,-1.03,-0.5,-0.24,-0.28,-0.35,-0.37,-0.16,-0.19,-0.1,-0.2,-0.05,0.23,0.05,-0.15,-0.18,9,1
1984-10-01,1,7,114.91692,-0.671,-0.57,-0.632,-0.604,-0.763,-0.762,-0.452,-0.574,-0.746,-0.518,-0.215,-0.121,-0.265,-0.83,-0.35,-0.4,-0.4,-0.9,-0.64,-0.6,-0.48,-0.53,-0.8,-0.95,-1.13,-1.03,-0.49,-0.24,-0.28,-0.35,-0.37,-0.16,-0.19,-0.1,-0.2,-0.05,0.23,0.05,-0.15,10,1
1984-11-01,0,0,,-0.56,-0.671,-0.57,-0.632,-0.604,-0.763,-0.762,-0.452,-0.574,-0.746,-0.518,-0.215,-0.121,-1.18,-0.83,-0.35,-0.4,-0.4,-0.9,-0.64,-0.6,-0.48,-0.53,-0.8,-0.95,-1.13,-0.46,-0.49,-0.24,-0.28,-0.35,-0.37,-0.16,-0.19,-0.1,-0.2,-0.05,0.23,0.05,11,0
1984-12-01,0,0,,-0.549,-0.56,-0.671,-0.57,-0.632,-0.604,-0.763,-0.762,-0.452,-0.574,-0.746,-0.518,-0.215,-1.53,-1.18,-0.83,-0.35,-0.4,-0.4,-0.9,-0.64,-0.6,-0.48,-0.53,-0.8,-0.95,-0.5,-0.46,-0.49,-0.24,-0.28,-0.35,-0.37,-0.16,-0.19,-0.1,-0.2,-0.05,0.23,12,0
1985-01-01,0,0,,-0.538,-0.549,-0.56,-0.671,-0.57,-0.632,-0.604,-0.763,-0.762,-0.452,-0.574,-0.746,-0.518,-0.89,-1.53,-1.18,-0.83,-0.35,-0.4,-0.4,-0.9,-0.64,-0.6,-0.48,-0.53,-0.8,-0.43,-0.5,-0.46,-0.49,-0.24,-0.28,-0.35,-0.37,-0.16,-0.19,-0.1,-0.2,-0.05,1,0
1985-02-01,0,0,,-0.639,-0.538,-0.549,-0.56,-0.671,-0.57,-0.632,-0.604,-0.763,-0.762,-0.452,-0.574,-0.746,-0.91,-0.89,-1.53,-1.18,-0.83,-0.35,-0.4,-0.4,-0.9,-0.64,-0.6,-0.48,-0.53,-0.37,-0.43,-0.5,-0.46,-0.49,-0.24,-0.28,-0.35,-0.37,-0.16,-0.19,-0.1,-0.2,2,0
1985-03-01,0,0,,-0.653,-0.639,-0.538,-0.549,-0.56,-0.671,-0.57,-0.632,-0.604,-0.763,-0.762,-0.452,-0.574,-0.96,-0.91,-0.89,-1.53,-1.18,-0.83,-0.35,-0.4,-0.4,-0.9,-0.64,-0.6,-0.48,-0.62,-0.37,-0.43,-0.5,-0.46,-0.49,-0.24,-0.28,-0.35,-0.37,-0.16,-0.19,-0.1,3,0
1985-04-01,0,0,,-0.393,-0.653,-0.639,-0.538,-0.549,-0.56,-0.671,-0.57,-0.632,-0.604,-0.763,-0.762,-0.452,-0.98,-0.96,-0.91,-0.89,-1.53,-1.18,-0.83,-0.35,-0.4,-0.4,-0.9,-0.64,-0.6,-0.65,-0.62,-0.37,-0.43,-0.5,-0.46,-0.49,-0.24,-0.28,-0.35,-0.37,-0.16,-0.19,4,0
1985-05-01,1,2,5.9847856,-0.579,-0.393,-0.653,-0.639,-0.538,-0.549,-0.56,-0.671,-0.57,-0.632,-0.604,-0.763,-0.762,-0.9,-0.98,-0.96,-0.91,-0.89,-1.53,-1.18,-0.83,-0.35,-0.4,-0.4,-0.9,-0.64,-0.7,-0.65,-0.62,-0.37,-0.43,-0.5,-0.46,-0.49,-0.24,-0.28,-0.35,-0.37,-0.16,5,1
1985-06-01,1,2,71.747444,-0.922,-0.579,-0.393,-0.653,-0.639,-0.538,-0.549,-0.56,-0.671,-0.57,-0.632,-0.604,-0.763,-0.76,-0.9,-0.98,-0.96,-0.91,-0.89,-1.53,-1.18,-0.83,-0.35,-0.4,-0.4,-0.9,-0.3,-0.7,-0.65,-0.62,-0.37,-0.43,-0.5,-0.46,-0.49,-0.24,-0.28,-0.35,-0.37,6,1
1985-07-01,1,5,62.447678,-0.539,-0.922,-0.579,-0.393,-0.653,-0.639,-0.538,-0.549,-0.56,-0.671,-0.57,-0.632,-0.604,-0.61,-0.76,-0.9,-0.98,-0.96,-0.91,-0.89,-1.53,-1.18,-0.83,-0.35,-0.4,-0.4,-0.05,-0.3,-0.7,-0.65,-0.62,-0.37,-0.43,-0.5,-0.46,-0.49,-0.24,-0.28,-0.35,7,1
1985-08-01,1,10,231.35138,-0.606,-0.539,-0.922,-0.579,-0.393,-0.653,-0.639,-0.538,-0.549,-0.56,-0.671,-0.57,-0.632,-0.49,-0.61,-0.76,-0.9,-0.98,-0.96,-0.91,-0.89,-1.53,-1.18,-0.83,-0.35,-0.4,-0.08,-0.05,-0.3,-0.7,-0.65,-0.62,-0.37,-0.43,-0.5,-0.46,-0.49,-0.24,-0.28,8,1
1985-09-01,1,8,74.90751,-0.45,-0.606,-0.539,-0.922,-0.579,-0.393,-0.653,-0.639,-0.538,-0.549,-0.56,-0.671,-0.57,-0.57,-0.49,-0.61,-0.76,-0.9,-0.98,-0.96,-0.91,-0.89,-1.53,-1.18,-0.83,-0.35,-0.16,-0.08,-0.05,-0.3,-0.7,-0.65,-0.62,-0.37,-0.43,-0.5,-0.46,-0.49,-0.24,9,1
1985-10-01,1,3,15.3146925,-0.56,-0.45,-0.606,-0.539,-0.922,-0.579,-0.393,-0.653,-0.639,-0.538,-0.549,-0.56,-0.671,-0.64,-0.57,-0.49,-0.61,-0.76,-0.9,-0.98,-0.96,-0.91,-0.89,-1.53,-1.18,-0.83,-0.14,-0.16,-0.08,-0.05,-0.3,-0.7,-0.65,-0.62,-0.37,-0.43,-0.5,-0.46,-0.49,10,1
1985-11-01,0,0,,-0.398,-0.56,-0.45,-0.606,-0.539,-0.922,-0.579,-0.393,-0.653,-0.639,-0.538,-0.549,-0.56,-0.43,-0.64,-0.57,-0.49,-0.61,-0.76,-0.9,-0.98,-0.96,-0.91,-0.89,-1.53,-1.18,-0.08,-0.14,-0.16,-0.08,-0.05,-0.3,-0.7,-0.65,-0.62,-0.37,-0.43,-0.5,-0.46,11,0
1985-12-01,0,0,,-0.36,-0.398,-0.56,-0.45,-0.606,-0.539,-0.922,-0.579,-0.393,-0.653,-0.639,-0.538,-0.549,-0.4,-0.43,-0.64,-0.57,-0.49,-0.61,-0.76,-0.9,-0.98,-0.96,-0.91,-0.89,-1.53,-0.25,-0.08,-0.14,-0.16,-0.08,-0.05,-0.3,-0.7,-0.65,-0.62,-0.37,-0.43,-0.5,12,0
1986-01-01,0,0,,-0.476,-0.36,-0.398,-0.56,-0.45,-0.606,-0.539,-0.922,-0.579,-0.393,-0.653,-0.639,-0.538,-0.79,-0.4,-0.43,-0.64,-0.57,-0.49,-0.61,-0.76,-0.9,-0.98,-0.96,-0.91,-0.89,-0.62,-0.25,-0.08,-0.14,-0.16,-0.08,-0.05,-0.3,-0.7,-0.65,-0.62,-0.37,-0.43,1,0
1986-02-01,0,0,,-0.332,-0.476,-0.36,-0.398,-0.56,-0.45,-0.606,-0.539,-0.922,-0.579,-0.393,-0.653,-0.639,-0.64,-0.79,-0.4,-0.43,-0.64,-0.57,-0.49,-0.61,-0.76,-0.9,-0.98,-0.96,-0.91,-0.63,-0.62,-0.25,-0.08,-0.14,-0.16,-0.08,-0.05,-0.3,-0.7,-0.65,-0.62,-0.37,2,0
1986-03-01,0,0,,-0.474,-0.332,-0.476,-0.36,-0.398,-0.56,-0.45,-0.606,-0.539,-0.922,-0.579,-0.393,-0.653,-0.51,-0.64,-0.79,-0.4,-0.43,-0.64,-0.57,-0.49,-0.61,-0.76,-0.9,-0.98,-0.96,-0.61,-0.63,-0.62,-0.25,-0.08,-0.14,-0.16,-0.08,-0.05,-0.3,-0.7,-0.65,-0.62,3,0
1986-04-01,1,1,5.3128967,-0.464,-0.474,-0.332,-0.476,-0.36,-0.398,-0.56,-0.45,-0.606,-0.539,-0.922,-0.579,-0.393,-0.41,-0.51,-0.64,-0.79,-0.4,-0.43,-0.64,-0.57,-0.49,-0.61,-0.76,-0.9,-0.98,-0.64,-0.61,-0.63,-0.62,-0.25,-0.08,-0.14,-0.16,-0.08,-0.05,-0.3,-0.7,-0.65,4,0
1986-05-01,1,7,23.785471,-0.249,-0.464,-0.474,-0.332,-0.476,-0.36,-0.398,-0.56,-0.45,-0.606,-0.539,-0.922,-0.579,-0.47,-0.41,-0.51,-0.64,-0.79,-0.4,-0.43,-0.64,-0.57,-0.49,-0.61,-0.76,-0.9,-0.54,-0.64,-0.61,-0.63,-0.62,-0.25,-0.08,-0.14,-0.16,-0.08,-0.05,-0.3,-0.7,5,1
1986-06-01,1,1,39.436752,-0.294,-0.249,-0.464,-0.474,-0.332,-0.476,-0.36,-0.398,-0.56,-0.45,-0.606,-0.539,-0.922,-0.08,-0.47,-0.41,-0.51,-0.64,-0.79,-0.4,-0.43,-0.64,-0.57,-0.49,-0.61,-0.76,-0.59,-0.54,-0.64,-0.61,-0.63,-0.62,-0.25,-0.08,-0.14,-0.16,-0.08,-0.05,-0.3,6,1
1986-07-01,1,5,57.70492,-0.394,-0.294,-0.249,-0.464,-0.474,-0.332,-0.476,-0.36,-0.398,-0.56,-0.45,-0.606,-0.539,0.16,-0.08,-0.47,-0.41,-0.51,-0.64,-0.79,-0.4,-0.43,-0.64,-0.57,-0.49,-0.61,-0.38,-0.59,-0.54,-0.64,-0.61,-0.63,-0.62,-0.25,-0.08,-0.14,-0.16,-0.08,-0.05,7,1
1986-08-01,1,6,87.420906,-0.425,-0.394,-0.294,-0.249,-0.464,-0.474,-0.332,-0.476,-0.36,-0.398,-0.56,-0.45,-0.606,0.24,0.16,-0.08,-0.47,-0.41,-0.51,-0.64,-0.79,-0.4,-0.43,-0.64,-0.57,-0.49,-0.41,-0.38,-0.59,-0.54,-0.64,-0.61,-0.63,-0.62,-0.25,-0.08,-0.14,-0.16,-0.08,8,1
1986-09-01,1,11,61.05845,-0.27,-0.425,-0.394,-0.294,-0.249,-0.464,-0.474,-0.332,-0.476,-0.36,-0.398,-0.56,-0.45,0.59,0.24,0.16,-0.08,-0.47,-0.41,-0.51,-0.64,-0.79,-0.4,-0.43,-0.64,-0.57,0.04,-0.41,-0.38,-0.59,-0.54,-0.64,-0.61,-0.63,-0.62,-0.25,-0.08,-0.14,-0.16,9,1
1986-10-01,1,4,51.382584,-0.227,-0.27,-0.425,-0.394,-0.294,-0.249,-0.464,-0.474,-0.332,-0.476,-0.36,-0.398,-0.56,0.9,0.59,0.24,0.16,-0.08,-0.47,-0.41,-0.51,-0.64,-0.79,-0.4,-0.43,-0.64,-0.2,0.04,-0.41,-0.38,-0.59,-0.54,-0.64,-0.61,-0.63,-0.62,-0.25,-0.08,-0.14,10,1
1986-11-01,0,0,,-0.125,-0.227,-0.27,-0.425,-0.394,-0.294,-0.249,-0.464,-0.474,-0.332,-0.476,-0.36,-0.398,1.04,0.9,0.59,0.24,0.16,-0.08,-0.47,-0.41,-0.51,-0.64,-0.79,-0.4,-0.43,-0.6,-0.2,0.04,-0.41,-0.38,-0.59,-0.54,-0.64,-0.61,-0.63,-0.62,-0.25,-0.08,11,0
1986-12-01,0,0,,-0.138,-0.125,-0.227,-0.27,-0.425,-0.394,-0.294,-0.249,-0.464,-0.474,-0.332,-0.476,-0.36,0.98,1.04,0.9,0.59,0.24,0.16,-0.08,-0.47,-0.41,-0.51,-0.64,-0.79,-0.4,-0.69,-0.6,-0.2,0.04,-0.41,-0.38,-0.59,-0.54,-0.64,-0.61,-0.63,-0.62,-0.25,12,0
1987-01-01,0,0,,-0.092,-0.138,-0.125,-0.227,-0.27,-0.425,-0.394,-0.294,-0.249,-0.464,-0.474,-0.332,-0.476,1.19,0.98,1.04,0.9,0.59,0.24,0.16,-0.08,-0.47,-0.41,-0.51,-0.64,-0.79,-0.32,-0.69,-0.6,-0.2,0.04,-0.41,-0.38,-0.59,-0.54,-0.64,-0.61,-0.63,-0.62,1,0
1987-02-01,0,0,,-0.037,-0.092,-0.138,-0.125,-0.227,-0.27,-0.425,-0.394,-0.294,-0.249,-0.464,-0.474,-0.332,1.17,1.19,0.98,1.04,0.9,0.59,0.24,0.16,-0.08,-0.47,-0.41,-0.51,-0.64,-0.17,-0.32,-0.69,-0.6,-0.2,0.04,-0.41,-0.38,-0.59,-0.54,-0.64,-0.61,-0.63,2,0
1987-03-01,0,0,,0.034,-0.037,-0.092,-0.138,-0.125,-0.227,-0.27,-0.425,-0.394,-0.294,-0.249,-0.464,-0.474,1.24,1.17,1.19,0.98,1.04,0.9,0.59,0.24,0.16,-0.08,-0.47,-0.41,-0.51,0.22,-0.17,-0.32,-0.69,-0.6,-0.2,0.04,-0.41,-0.38,-0.59,-0.54,-0.64,-0.61,3,0
1987-04-01,1,1,7.044153,-0.014,0.034,-0.037,-0.092,-0.138,-0.125,-0.227,-0.27,-0.425,-0.394,-0.294,-0.249,-0.464,0.89,1.24,1.17,1.19,0.98,1.04,0.9,0.59,0.24,0.16,-0.08,-0.47,-0.41,0.33,0.22,-0.17,-0.32,-0.69,-0.6,-0.2,0.04,-0.41,-0.38,-0.59,-0.54,-0.64,4,0
1987-05-01,1,2,18.598644,0.331,-0.014,0.034,-0.037,-0.092,-0.138,-0.125,-0.227,-0.27,-0.425,-0.394,-0.294,-0.249,0.91,0.89,1.24,1.17,1.19,0.98,1.04,0.9,0.59,0.24,0.16,-0.08,-0.47,0.37,0.33,0.22,-0.17,-0.32,-0.69,-0.6,-0.2,0.04,-0.41,-0.38,-0.59,-0.54,5,1
1987-06-01,1,9,82.725975,0.089,0.331,-0.014,0.034,-0.037,-0.092,-0.138,-0.125,-0.227,-0.27,-0.425,-0.394,-0.294,1.24,0.91,0.89,1.24,1.17,1.19,0.98,1.04,0.9,0.59,0.24,0.16,-0.08,0.62,0.37,0.33,0.22,-0.17,-0.32,-0.69,-0.6,-0.2,0.04,-0.41,-0.38,-0.59,6,1
1987-07-01,1,4,64.631584,0.197,0.089,0.331,-0.014,0.034,-0.037,-0.092,-0.138,-0.125,-0.227,-0.27,-0.425,-0.394,1.34,1.24,0.91,0.89,1.24,1.17,1.19,0.98,1.04,0.9,0.59,0.24,0.16,0.48,0.62,0.37,0.33,0.22,-0.17,-0.32,-0.69,-0.6,-0.2,0.04,-0.41,-0.38,7,1
1987-08-01,1,6,79.93212,0.298,0.197,0.089,0.331,-0.014,0.034,-0.037,-0.092,-0.138,-0.125,-0.227,-0.27,-0.425,1.48,1.34,1.24,0.91,0.89,1.24,1.17,1.19,0.98,1.04,0.9,0.59,0.24,0.56,0.48,0.62,0.37,0.33,0.22,-0.17,-0.32,-0.69,-0.6,-0.2,0.04,-0.41,8,1
1987-09-01,1,6,102.44486,0.332,0.298,0.197,0.089,0.331,-0.014,0.034,-0.037,-0.092,-0.138,-0.125,-0.227,-0.27,1.53,1.48,1.34,1.24,0.91,0.89,1.24,1.17,1.19,0.98,1.04,0.9,0.59,0.4,0.56,0.48,0.62,0.37,0.33,0.22,-0.17,-0.32,-0.69,-0.6,-0.2,0.04,9,1
1987-10-01,1,6,33.184223,0.2,0.332,0.298,0.197,0.089,0.331,-0.014,0.034,-0.037,-0.092,-0.138,-0.125,-0.227,1.36,1.53,1.48,1.34,1.24,0.91,0.89,1.24,1.17,1.19,0.98,1.04,0.9,0.45,0.4,0.56,0.48,0.62,0.37,0.33,0.22,-0.17,-0.32,-0.69,-0.6,-0.2,10,1
1987-11-01,0,0,,0.142,0.2,0.332,0.298,0.197,0.089,0.331,-0.014,0.034,-0.037,-0.092,-0.138,-0.125,1.29,1.36,1.53,1.48,1.34,1.24,0.91,0.89,1.24,1.17,1.19,0.98,1.04,0.36,0.45,0.4,0.56,0.48,0.62,0.37,0.33,0.22,-0.17,-0.32,-0.69,-0.6,11,0
1987-12-01,0,0,,0.14,0.142,0.2,0.332,0.298,0.197,0.089,0.331,-0.014,0.034,-0.037,-0.092,-0.138,1.05,1.29,1.36,1.53,1.48,1.34,1.24,0.91,0.89,1.24,1.17,1.19,0.98,0.52,0.36,0.45,0.4,0.56,0.48,0.62,0.37,0.33,0.22,-0.17,-0.32,-0.69,12,0
1988-01-01,0,0,,0.378,0.14,0.142,0.2,0.332,0.298,0.197,0.089,0.331,-0.014,0.034,-0.037,-0.092,0.69,1.05,1.29,1.36,1.53,1.48,1.34,1.24,0.91,0.89,1.24,1.17,1.19,0.15,0.52,0.36,0.45,0.4,0.56,0.48,0.62,0.37,0.33,0.22,-0.17,-0.32,1,0
1988-02-01,0,0,,0.308,0.378,0.14,0.142,0.2,0.332,0.298,0.197,0.089,0.331,-0.014,0.034,-0.037,0.35,0.69,1.05,1.29,1.36,1.53,1.48,1.34,1.24,0.91,0.89,1.24,1.17,-0.02,0.15,0.52,0.36,0.45,0.4,0.56,0.48,0.62,0.37,0.33,0.22,-0.17,2,0
1988-03-01,0,0,,0.199,0.308,0.378,0.14,0.142,0.2,0.332,0.298,0.197,0.089,0.331,-0.014,0.034,0.29,0.35,0.69,1.05,1.29,1.36,1.53,1.48,1.34,1.24,0.91,0.89,1.24,0.27,-0.02,0.15,0.52,0.36,0.45,0.4,0.56,0.48,0.62,0.37,0.33,0.22,3,0
1988-04-01,0,0,,0.034,0.199,0.308,0.378,0.14,0.142,0.2,0.332,0.298,0.197,0.089,0.331,-0.014,-0.49,0.29,0.35,0.69,1.05,1.29,1.36,1.53,1.48,1.34,1.24,0.91,0.89,0.38,0.27,-0.02,0.15,0.52,0.36,0.45,0.4,0.56,0.48,0.62,0.37,0.33,4,0
1988-05-01,1,2,37.71784,-0.282,0.034,0.199,0.308,0.378,0.14,0.142,0.2,0.332,0.298,0.197,0.089,0.331,-1.05,-0.49,0.29,0.35,0.69,1.05,1.29,1.36,1.53,1.48,1.34,1.24,0.91,0.29,0.38,0.27,-0.02,0.15,0.52,0.36,0.45,0.4,0.56,0.48,0.62,0.37,5,1
1988-06-01,1,4,50.552364,-0.219,-0.282,0.034,0.199,0.308,0.378,0.14,0.142,0.2,0.332,0.298,0.197,0.089,-1.46,-1.05,-0.49,0.29,0.35,0.69,1.05,1.29,1.36,1.53,1.48,1.34,1.24,0.34,0.29,0.38,0.27,-0.02,0.15,0.52,0.36,0.45,0.4,0.56,0.48,0.62,6,1
1988-07-01,1,5,66.21385,-0.052,-0.219,-0.282,0.034,0.199,0.308,0.378,0.14,0.142,0.2,0.332,0.298,0.197,-1.54,-1.46,-1.05,-0.49,0.29,0.35,0.69,1.05,1.29,1.36,1.53,1.48,1.34,0.27,0.34,0.29,0.38,0.27,-0.02,0.15,0.52,0.36,0.45,0.4,0.56,0.48,7,1
1988-08-01,1,9,111.55498,-0.004,-0.052,-0.219,-0.282,0.034,0.199,0.308,0.378,0.14,0.142,0.2,0.332,0.298,-1.44,-1.54,-1.46,-1.05,-0.49,0.29,0.35,0.69,1.05,1.29,1.36,1.53,1.48,0.03,0.27,0.34,0.29,0.38,0.27,-0.02,0.15,0.52,0.36,0.45,0.4,0.56,8,1
1988-09-01,1,6,69.99508,-0.116,-0.004,-0.052,-0.219,-0.282,0.034,0.199,0.308,0.378,0.14,0.142,0.2,0.332,-1.33,-1.44,-1.54,-1.46,-1.05,-0.49,0.29,0.35,0.69,1.05,1.29,1.36,1.53,0.06,0.03,0.27,0.34,0.29,0.38,0.27,-0.02,0.15,0.52,0.36,0.45,0.4,9,1
1988-10-01,1,3,26.932652,-0.225,-0.116,-0.004,-0.052,-0.219,-0.282,0.034,0.199,0.308,0.378,0.14,0.142,0.2,-2.09,-1.33,-1.44,-1.54,-1.46,-1.05,-0.49,0.29,0.35,0.69,1.05,1.29,1.36,-0.2,0.06,0.03,0.27,0.34,0.29,0.38,0.27,-0.02,0.15,0.52,0.36,0.45,10,1
1988-11-01,1,2,12.267091,-0.251,-0.225,-0.116,-0.004,-0.052,-0.219,-0.282,0.034,0.199,0.308,0.378,0.14,0.142,-2.18,-2.09,-1.33,-1.44,-1.54,-1.46,-1.05,-0.49,0.29,0.35,0.69,1.05,1.29,-0.23,-0.2,0.06,0.03,0.27,0.34,0.29,0.38,0.27,-0.02,0.15,0.52,0.36,11,0
1988-12-01,0,0,,-0.116,-0.251,-0.225,-0.116,-0.004,-0.052,-0.219,-0.282,0.034,0.199,0.308,0.378,0.14,-1.98,-2.18,-2.09,-1.33,-1.44,-1.54,-1.46,-1.05,-0.49,0.29,0.35,0.69,1.05,-0.23,-0.23,-0.2,0.06,0.03,0.27,0.34,0.29,0.38,0.27,-0.02,0.15,0.52,12,0
1989-01-01,0,0,,-0.452,-0.116,-0.251,-0.225,-0.116,-0.004,-0.052,-0.219,-0.282,0.034,0.199,0.308,0.378,-1.95,-1.98,-2.18,-2.09,-1.33,-1.44,-1.54,-1.46,-1.05,-0.49,0.29,0.35,0.69,-0.42,-0.23,-0.23,-0.2,0.06,0.03,0.27,0.34,0.29,0.38,0.27,-0.02,0.15,1,0
1989-02-01,0,0,,-0.387,-0.452,-0.116,-0.251,-0.225,-0.116,-0.004,-0.052,-0.219,-0.282,0.034,0.199,0.308,-1.37,-1.95,-1.98,-2.18,-2.09,-1.33,-1.44,-1.54,-1.46,-1.05,-0.49,0.29,0.35,-0.48,-0.42,-0.23,-0.23,-0.2,0.06,0.03,0.27,0.34,0.29,0.38,0.27,-0.02,2,0
1989-03-01,0,0,,-0.569,-0.387,-0.452,-0.116,-0.251,-0.225,-0.116,-0.004,-0.052,-0.219,-0.282,0.034,0.199,-1.33,-1.37,-1.95,-1.98,-2.18,-2.09,-1.33,-1.44,-1.54,-1.46,-1.05,-0.49,0.29,-0.66,-0.48,-0.42,-0.23,-0.23,-0.2,0.06,0.03,0.27,0.34,0.29,0.38,0.27,3,0
1989-04-01,0,0,,-0.657,-0.569,-0.387,-0.452,-0.116,-0.251,-0.225,-0.116,-0.004,-0.052,-0.219,-0.282,0.034,-1.11,-1.33,-1.37,-1.95,-1.98,-2.18,-2.09,-1.33,-1.44,-1.54,-1.46,-1.05,-0.49,-0.89,-0.66,-0.48,-0.42,-0.23,-0.23,-0.2,0.06,0.03,0.27,0.34,0.29,0.38,4,0
1989-05-01,0,0,,-0.596,-0.657,-0.569,-0.387,-0.452,-0.116,-0.251,-0.225,-0.116,-0.004,-0.052,-0.219,-0.282,-0.8,-1.11,-1.33,-1.37,-1.95,-1.98,-2.18,-2.09,-1.33,-1.44,-1.54,-1.46,-1.05,-0.66,-0.89,-0.66,-0.48,-0.42,-0.23,-0.23,-0.2,0.06,0.03,0.27,0.34,0.29,5,1
1989-06-01,1,11,94.334366,-0.68,-0.596,-0.657,-0.569,-0.387,-0.452,-0.116,-0.251,-0.225,-0.116,-0.004,-0.052,-0.219,-0.64,-0.8,-1.11,-1.33,-1.37,-1.95,-1.98,-2.18,-2.09,-1.33,-1.44,-1.54,-1.46,-0.17,-0.66,-0.89,-0.66,-0.48,-0.42,-0.23,-0.23,-0.2,0.06,0.03,0.27,0.34,6,1
1989-07-01,1,10,80.46235,-0.346,-0.68,-0.596,-0.657,-0.569,-0.387,-0.452,-0.116,-0.251,-0.225,-0.116,-0.004,-0.052,-0.47,-0.64,-0.8,-1.11,-1.33,-1.37,-1.95,-1.98,-2.18,-2.09,-1.33,-1.44,-1.54,0.25,-0.17,-0.66,-0.89,-0.66,-0.48,-0.42,-0.23,-0.23,-0.2,0.06,0.03,0.27,7,1
1989-08-01,1,9,105.375175,-0.303,-0.346,-0.68,-0.596,-0.657,-0.569,-0.387,-0.452,-0.116,-0.251,-0.225,-0.116,-0.004,-0.58,-0.47,-0.64,-0.8,-1.11,-1.33,-1.37,-1.95,-1.98,-2.18,-2.09,-1.33,-1.44,0.39,0.25,-0.17,-0.66,-0.89,-0.66,-0.48,-0.42,-0.23,-0.23,-0.2,0.06,0.03,8,1
1989-09-01,1,3,66.40433,-0.146,-0.303,-0.346,-0.68,-0.596,-0.657,-0.569,-0.387,-0.452,-0.116,-0.251,-0.225,-0.116,-0.38,-0.58,-0.47,-0.64,-0.8,-1.11,-1.33,-1.37,-1.95,-1.98,-2.18,-2.09,-1.33,0.06,0.39,0.25,-0.17,-0.66,-0.89,-0.66,-0.48,-0.42,-0.23,-0.23,-0.2,0.06,9,1
1989-10-01,1,6,36.701225,-0.21,-0.146,-0.303,-0.346,-0.68,-0.596,-0.657,-0.569,-0.387,-0.452,-0.116,-0.251,-0.225,-0.4,-0.38,-0.58,-0.47,-0.64,-0.8,-1.11,-1.33,-1.37,-1.95,-1.98,-2.18,-2.09,0.12,0.06,0.39,0.25,-0.17,-0.66,-0.89,-0.66,-0.48,-0.42,-0.23,-0.23,-0.2,10,1
1989-11-01,0,0,,-0.121,-0.21,-0.146,-0.303,-0.346,-0.68,-0.596,-0.657,-0.569,-0.387,-0.452,-0.116,-0.251,-0.3,-0.4,-0.38,-0.58,-0.47,-0.64,-0.8,-1.11,-1.33,-1.37,-1.95,-1.98,-2.18,-0.04,0.12,0.06,0.39,0.25,-0.17,-0.66,-0.89,-0.66,-0.48,-0.42,-0.23,-0.23,11,0
1989-12-01,0,0,,-0.159,-0.121,-0.21,-0.146,-0.303,-0.346,-0.68,-0.596,-0.657,-0.569,-0.387,-0.452,-0.116,-0.13,-0.3,-0.4,-0.38,-0.58,-0.47,-0.64,-0.8,-1.11,-1.33,-1.37,-1.95,-1.98,0.22,-0.04,0.12,0.06,0.39,0.25,-0.17,-0.66,-0.89,-0.66,-0.48,-0.42,-0.23,12,0
1990-01-01,0,0,,-0.09,-0.159,-0.121,-0.21,-0.146,-0.303,-0.346,-0.68,-0.596,-0.657,-0.569,-0.387,-0.452,0.02,-0.13,-0.3,-0.4,-0.38,-0.58,-0.47,-0.64,-0.8,-1.11,-1.33,-1.37,-1.95,-0.08,0.22,-0.04,0.12,0.06,0.39,0.25,-0.17,-0.66,-0.89,-0.66,-0.48,-0.42,1,0
1990-02-01,0,0,,0.201,-0.09,-0.159,-0.121,-0.21,-0.146,-0.303,-0.346,-0.68,-0.596,-0.657,-0.569,-0.387,0.36,0.02,-0.13,-0.3,-0.4,-0.38,-0.58,-0.47,-0.64,-0.8,-1.11,-1.33,-1.37,-0.1,-0.08,0.22,-0.04,0.12,0.06,0.39,0.25,-0.17,-0.66,-0.89,-0.66,-0.48,2,0
1990-03-01,0,0,,0.005,0.201,-0.09,-0.159,-0.121,-0.21,-0.146,-0.303,-0.346,-0.68,-0.596,-0.657,-0.569,0.2,0.36,0.02,-0.13,-0.3,-0.4,-0.38,-0.58,-0.47,-0.64,-0.8,-1.11,-1.33,-0.04,-0.1,-0.08,0.22,-0.04,0.12,0.06,0.39,0.25,-0.17,-0.66,-0.89,-0.66,3,0
1990-04-01,0,0,,-0.169,0.005,0.201,-0.09,-0.159,-0.121,-0.21,-0.146,-0.303,-0.346,-0.68,-0.596,-0.657,0.26,0.2,0.36,0.02,-0.13,-0.3,-0.4,-0.38,-0.58,-0.47,-0.64,-0.8,-1.11,0.06,-0.04,-0.1,-0.08,0.22,-0.04,0.12,0.06,0.39,0.25,-0.17,-0.66,-0.89,4,0
1990-05-01,1,1,9.672787,-0.241,-0.169,0.005,0.201,-0.09,-0.159,-0.121,-0.21,-0.146,-0.303,-0.346,-0.68,-0.596,0.32,0.26,0.2,0.36,0.02,-0.13,-0.3,-0.4,-0.38,-0.58,-0.47,-0.64,-0.8,0.13,0.06,-0.04,-0.1,-0.08,0.22,-0.04,0.12,0.06,0.39,0.25,-0.17,-0.66,5,1
1990-06-01,1,2,46.00623,-0.491,-0.241,-0.169,0.005,0.201,-0.09,-0.159,-0.121,-0.21,-0.146,-0.303,-0.346,-0.68,0.0,0.32,0.26,0.2,0.36,0.02,-0.13,-0.3,-0.4,-0.38,-0.58,-0.47,-0.64,-0.02,0.13,0.06,-0.04,-0.1,-0.08,0.22,-0.04,0.12,0.06,0.39,0.25,-0.17,6,1
1990-07-01,1,5,46.500214,-0.131,-0.491,-0.241,-0.169,0.005,0.201,-0.09,-0.159,-0.121,-0.21,-0.146,-0.303,-0.346,0.15,0.0,0.32,0.26,0.2,0.36,0.02,-0.13,-0.3,-0.4,-0.38,-0.58,-0.47,0.06,-0.02,0.13,0.06,-0.04,-0.1,-0.08,0.22,-0.04,0.12,0.06,0.39,0.25,7,1
1990-08-01,1,2,80.982735,-0.151,-0.131,-0.491,-0.241,-0.169,0.005,0.201,-0.09,-0.159,-0.121,-0.21,-0.146,-0.303,0.17,0.15,0.0,0.32,0.26,0.2,0.36,0.02,-0.13,-0.3,-0.4,-0.38,-0.58,0.3,0.06,-0.02,0.13,0.06,-0.04,-0.1,-0.08,0.22,-0.04,0.12,0.06,0.39,8,1
1990-09-01,1,2,32.200237,-0.203,-0.151,-0.131,-0.491,-0.241,-0.169,0.005,0.201,-0.09,-0.159,-0.121,-0.21,-0.146,0.12,0.17,0.15,0.0,0.32,0.26,0.2,0.36,0.02,-0.13,-0.3,-0.4,-0.38,0.4,0.3,0.06,-0.02,0.13,0.06,-0.04,-0.1,-0.08,0.22,-0.04,0.12,0.06,9,1
1990-10-01,1,5,21.72074,-0.191,-0.203,-0.151,-0.131,-0.491,-0.241,-0.169,0.005,0.201,-0.09,-0.159,-0.121,-0.21,0.13,0.12,0.17,0.15,0.0,0.32,0.26,0.2,0.36,0.02,-0.13,-0.3,-0.4,0.41,0.4,0.3,0.06,-0.02,0.13,0.06,-0.04,-0.1,-0.08,0.22,-0.04,0.12,10,1
1990-11-01,0,0,,-0.119,-0.191,-0.203,-0.151,-0.131,-0.491,-0.241,-0.169,0.005,0.201,-0.09,-0.159,-0.121,0.08,0.13,0.12,0.17,0.15,0.0,0.32,0.26,0.2,0.36,0.02,-0.13,-0.3,0.33,0.41,0.4,0.3,0.06,-0.02,0.13,0.06,-0.04,-0.1,-0.08,0.22,-0.04,11,0
1990-12-01,0,0,,0.114,-0.119,-0.191,-0.203,-0.151,-0.131,-0.491,-0.241,-0.169,0.005,0.201,-0.09,-0.159,0.32,0.08,0.13,0.12,0.17,0.15,0.0,0.32,0.26,0.2,0.36,0.02,-0.13,0.17,0.33,0.41,0.4,0.3,0.06,-0.02,0.13,0.06,-0.04,-0.1,-0.08,0.22,12,0
1991-01-01,0,0,,0.09,0.114,-0.119,-0.191,-0.203,-0.151,-0.131,-0.491,-0.241,-0.169,0.005,0.201,-0.09,0.51,0.32,0.08,0.13,0.12,0.17,0.15,0.0,0.32,0.26,0.2,0.36,0.02,-0.14,0.17,0.33,0.41,0.4,0.3,0.06,-0.02,0.13,0.06,-0.04,-0.1,-0.08,1,0
1991-02-01,0,0,,-0.052,0.09,0.114,-0.119,-0.191,-0.203,-0.151,-0.131,-0.491,-0.241,-0.169,0.005,0.201,0.32,0.51,0.32,0.08,0.13,0.12,0.17,0.15,0.0,0.32,0.26,0.2,0.36,-0.11,-0.14,0.17,0.33,0.41,0.4,0.3,0.06,-0.02,0.13,0.06,-0.04,-0.1,2,0
1991-03-01,0,0,,-0.019,-0.052,0.09,0.114,-0.119,-0.191,-0.203,-0.151,-0.131,-0.491,-0.241,-0.169,0.005,0.1,0.32,0.51,0.32,0.08,0.13,0.12,0.17,0.15,0.0,0.32,0.26,0.2,-0.22,-0.11,-0.14,0.17,0.33,0.41,0.4,0.3,0.06,-0.02,0.13,0.06,-0.04,3,0
1991-04-01,0,0,,0.175,-0.019,-0.052,0.09,0.114,-0.119,-0.191,-0.203,-0.151,-0.131,-0.491,-0.241,-0.169,0.21,0.1,0.32,0.51,0.32,0.08,0.13,0.12,0.17,0.15,0.0,0.32,0.26,-0.39,-0.22,-0.11,-0.14,0.17,0.33,0.41,0.4,0.3,0.06,-0.02,0.13,0.06,4,0
1991-05-01,1,1,19.886839,0.208,0.175,-0.019,-0.052,0.09,0.114,-0.119,-0.191,-0.203,-0.151,-0.131,-0.491,-0.241,0.44,0.21,0.1,0.32,0.51,0.32,0.08,0.13,0.12,0.17,0.15,0.0,0.32,-0.42,-0.39,-0.22,-0.11,-0.14,0.17,0.33,0.41,0.4,0.3,0.06,-0.02,0.13,5,1
1991-06-01,1,3,33.496883,0.123,0.208,0.175,-0.019,-0.052,0.09,0.114,-0.119,-0.191,-0.203,-0.151,-0.131,-0.491,0.65,0.44,0.21,0.1,0.32,0.51,0.32,0.08,0.13,0.12,0.17,0.15,0.0,-0.43,-0.42,-0.39,-0.22,-0.11,-0.14,0.17,0.33,0.41,0.4,0.3,0.06,-0.02,6,1
1991-07-01,1,4,108.89346,0.004,0.123,0.208,0.175,-0.019,-0.052,0.09,0.114,-0.119,-0.191,-0.203,-0.151,-0.131,0.62,0.65,0.44,0.21,0.1,0.32,0.51,0.32,0.08,0.13,0.12,0.17,0.15,-0.39,-0.43,-0.42,-0.39,-0.22,-0.11,-0.14,0.17,0.33,0.41,0.4,0.3,0.06,7,1
1991-08-01,1,5,95.27042,-0.295,0.004,0.123,0.208,0.175,-0.019,-0.052,0.09,0.114,-0.119,-0.191,-0.203,-0.151,0.43,0.62,0.65,0.44,0.21,0.1,0.32,0.51,0.32,0.08,0.13,0.12,0.17,-0.29,-0.39,-0.43,-0.42,-0.39,-0.22,-0.11,-0.14,0.17,0.33,0.41,0.4,0.3,8,1
1991-09-01,1,3,62.01671,-0.124,-0.295,0.004,0.123,0.208,0.175,-0.019,-0.052,0.09,0.114,-0.119,-0.191,-0.203,0.22,0.43,0.62,0.65,0.44,0.21,0.1,0.32,0.51,0.32,0.08,0.13,0.12,-0.14,-0.29,-0.39,-0.43,-0.42,-0.39,-0.22,-0.11,-0.14,0.17,0.33,0.41,0.4,9,1
1991-10-01,1,4,76.58924,-0.191,-0.124,-0.295,0.004,0.123,0.208,0.175,-0.019,-0.052,0.09,0.114,-0.119,-0.191,0.91,0.22,0.43,0.62,0.65,0.44,0.21,0.1,0.32,0.51,0.32,0.08,0.13,-0.11,-0.14,-0.29,-0.39,-0.43,-0.42,-0.39,-0.22,-0.11,-0.14,0.17,0.33,0.41,10,1
1991-11-01,0,0,,-0.223,-0.191,-0.124,-0.295,0.004,0.123,0.208,0.175,-0.019,-0.052,0.09,0.114,-0.119,1.14,0.91,0.22,0.43,0.62,0.65,0.44,0.21,0.1,0.32,0.51,0.32,0.08,-0.15,-0.11,-0.14,-0.29,-0.39,-0.43,-0.42,-0.39,-0.22,-0.11,-0.14,0.17,0.33,11,0
1991-12-01,0,0,,-0.123,-0.223,-0.191,-0.124,-0.295,0.004,0.123,0.208,0.175,-0.019,-0.052,0.09,0.114,1.62,1.14,0.91,0.22,0.43,0.62,0.65,0.44,0.21,0.1,0.32,0.51,0.32,-0.18,-0.15,-0.11,-0.14,-0.29,-0.39,-0.43,-0.42,-0.39,-0.22,-0.11,-0.14,0.17,12,0
1992-01-01,0,0,,-0.156,-0.123,-0.223,-0.191,-0.124,-0.295,0.004,0.123,0.208,0.175,-0.019,-0.052,0.09,1.61,1.62,1.14,0.91,0.22,0.43,0.62,0.65,0.44,0.21,0.1,0.32,0.51,0.0,-0.18,-0.15,-0.11,-0.14,-0.29,-0.39,-0.43,-0.42,-0.39,-0.22,-0.11,-0.14,1,0
1992-02-01,0,0,,-0.178,-0.156,-0.123,-0.223,-0.191,-0.124,-0.295,0.004,0.123,0.208,0.175,-0.019,-0.052,1.62,1.61,1.62,1.14,0.91,0.22,0.43,0.62,0.65,0.44,0.21,0.1,0.32,0.04,0.0,-0.18,-0.15,-0.11,-0.14,-0.29,-0.39,-0.43,-0.42,-0.39,-0.22,-0.11,2,0
1992-03-01,0,0,,-0.326,-0.178,-0.156,-0.123,-0.223,-0.191,-0.124,-0.295,0.004,0.123,0.208,0.175,-0.019,1.5,1.62,1.61,1.62,1.14,0.91,0.22,0.43,0.62,0.65,0.44,0.21,0.1,-0.18,0.04,0.0,-0.18,-0.15,-0.11,-0.14,-0.29,-0.39,-0.43,-0.42,-0.39,-0.22,3,0
1992-04-01,0,0,,-0.306,-0.326,-0.178,-0.156,-0.123,-0.223,-0.191,-0.124,-0.295,0.004,0.123,0.208,0.175,1.41,1.5,1.62,1.61,1.62,1.14,0.91,0.22,0.43,0.62,0.65,0.44,0.21,-0.29,-0.18,0.04,0.0,-0.18,-0.15,-0.11,-0.14,-0.29,-0.39,-0.43,-0.42,-0.39,4,0
1992-05-01,1,5,22.765005,-0.178,-0.306,-0.326,-0.178,-0.156,-0.123,-0.223,-0.191,-0.124,-0.295,0.004,0.123,0.208,1.27,1.41,1.5,1.62,1.61,1.62,1.14,0.91,0.22,0.43,0.62,0.65,0.44,-0.18,-0.29,-0.18,0.04,0.0,-0.18,-0.15,-0.11,-0.14,-0.29,-0.39,-0.43,-0.42,5,1
1992-06-01,1,5,43.807457,-0.195,-0.178,-0.306,-0.326,-0.178,-0.156,-0.123,-0.223,-0.191,-0.124,-0.295,0.004,0.123,0.53,1.27,1.41,1.5,1.62,1.61,1.62,1.14,0.91,0.22,0.43,0.62,0.65,-0.11,-0.18,-0.29,-0.18,0.04,0.0,-0.18,-0.15,-0.11,-0.14,-0.29,-0.39,-0.43,6,1
1992-07-01,1,5,61.204063,-0.009,-0.195,-0.178,-0.306,-0.326,-0.178,-0.156,-0.123,-0.223,-0.191,-0.124,-0.295,0.004,0.27,0.53,1.27,1.41,1.5,1.62,1.61,1.62,1.14,0.91,0.22,0.43,0.62,-0.01,-0.11,-0.18,-0.29,-0.18,0.04,0.0,-0.18,-0.15,-0.11,-0.14,-0.29,-0.39,7,1
1992-08-01,1,2,120.7254,-0.349,-0.009,-0.195,-0.178,-0.306,-0.326,-0.178,-0.156,-0.123,-0.223,-0.191,-0.124,-0.295,-0.15,0.27,0.53,1.27,1.41,1.5,1.62,1.61,1.62,1.14,0.91,0.22,0.43,-0.23,-0.01,-0.11,-0.18,-0.29,-0.18,0.04,0.0,-0.18,-0.15,-0.11,-0.14,-0.29,8,1
1992-09-01,1,4,54.128525,-0.398,-0.349,-0.009,-0.195,-0.178,-0.306,-0.326,-0.178,-0.156,-0.123,-0.223,-0.191,-0.124,-0.14,-0.15,0.27,0.53,1.27,1.41,1.5,1.62,1.61,1.62,1.14,0.91,0.22,-0.21,-0.23,-0.01,-0.11,-0.18,-0.29,-0.18,0.04,0.0,-0.18,-0.15,-0.11,-0.14,9,1
1992-10-01,1,2,22.892515,-0.469,-0.398,-0.349,-0.009,-0.195,-0.178,-0.306,-0.326,-0.178,-0.156,-0.123,-0.223,-0.191,-0.35,-0.14,-0.15,0.27,0.53,1.27,1.41,1.5,1.62,1.61,1.62,1.14,0.91,-0.06,-0.21,-0.23,-0.01,-0.11,-0.18,-0.29,-0.18,0.04,0.0,-0.18,-0.15,-0.11,10,1
1992-11-01,0,0,,-0.349,-0.469,-0.398,-0.349,-0.009,-0.195,-0.178,-0.306,-0.326,-0.178,-0.156,-0.123,-0.223,-0.14,-0.35,-0.14,-0.15,0.27,0.53,1.27,1.41,1.5,1.62,1.61,1.62,1.14,-0.3,-0.06,-0.21,-0.23,-0.01,-0.11,-0.18,-0.29,-0.18,0.04,0.0,-0.18,-0.15,11,0
1992-12-01,0,0,,-0.288,-0.349,-0.469,-0.398,-0.349,-0.009,-0.195,-0.178,-0.306,-0.326,-0.178,-0.156,-0.123,0.04,-0.14,-0.35,-0.14,-0.15,0.27,0.53,1.27,1.41,1.5,1.62,1.61,1.62,-0.23,-0.3,-0.06,-0.21,-0.23,-0.01,-0.11,-0.18,-0.29,-0.18,0.04,0.0,-0.18,12,0
1993-01-01,0,0,,-0.177,-0.288,-0.349,-0.469,-0.398,-0.349,-0.009,-0.195,-0.178,-0.306,-0.326,-0.178,-0.156,0.28,0.04,-0.14,-0.35,-0.14,-0.15,0.27,0.53,1.27,1.41,1.5,1.62,1.61,-0.25,-0.23,-0.3,-0.06,-0.21,-0.23,-0.01,-0.11,-0.18,-0.29,-0.18,0.04,0.0,1,0
1993-02-01,0,0,,-0.125,-0.177,-0.288,-0.349,-0.469,-0.398,-0.349,-0.009,-0.195,-0.178,-0.306,-0.326,-0.178,0.42,0.28,0.04,-0.14,-0.35,-0.14,-0.15,0.27,0.53,1.27,1.41,1.5,1.62,-0.25,-0.25,-0.23,-0.3,-0.06,-0.21,-0.23,-0.01,-0.11,-0.18,-0.29,-0.18,0.04,2,0
1993-03-01,0,0,,-0.369,-0.125,-0.177,-0.288,-0.349,-0.469,-0.398,-0.349,-0.009,-0.195,-0.178,-0.306,-0.326,0.47,0.42,0.28,0.04,-0.14,-0.35,-0.14,-0.15,0.27,0.53,1.27,1.41,1.5,-0.23,-0.25,-0.25,-0.23,-0.3,-0.06,-0.21,-0.23,-0.01,-0.11,-0.18,-0.29,-0.18,3,0
1993-04-01,0,0,,-0.314,-0.369,-0.125,-0.177,-0.288,-0.349,-0.469,-0.398,-0.349,-0.009,-0.195,-0.178,-0.306,0.92,0.47,0.42,0.28,0.04,-0.14,-0.35,-0.14,-0.15,0.27,0.53,1.27,1.41,-0.07,-0.23,-0.25,-0.25,-0.23,-0.3,-0.06,-0.21,-0.23,-0.01,-0.11,-0.18,-0.29,4,0
1993-05-01,1,2,5.619137,-0.084,-0.314,-0.369,-0.125,-0.177,-0.288,-0.349,-0.469,-0.398,-0.349,-0.009,-0.195,-0.178,0.93,0.92,0.47,0.42,0.28,0.04,-0.14,-0.35,-0.14,-0.15,0.27,0.53,1.27,-0.04,-0.07,-0.23,-0.25,-0.25,-0.23,-0.3,-0.06,-0.21,-0.23,-0.01,-0.11,-0.18,5,1
1993-06-01,1,3,40.434685,-0.141,-0.084,-0.314,-0.369,-0.125,-0.177,-0.288,-0.349,-0.469,-0.398,-0.349,-0.009,-0.195,0.64,0.93,0.92,0.47,0.42,0.28,0.04,-0.14,-0.35,-0.14,-0.15,0.27,0.53,0.07,-0.04,-0.07,-0.23,-0.25,-0.25,-0.23,-0.3,-0.06,-0.21,-0.23,-0.01,-0.11,6,1
1993-07-01,1,10,68.52878,-0.204,-0.141,-0.084,-0.314,-0.369,-0.125,-0.177,-0.288,-0.349,-0.469,-0.398,-0.349,-0.009,0.33,0.64,0.93,0.92,0.47,0.42,0.28,0.04,-0.14,-0.35,-0.14,-0.15,0.27,-0.17,0.07,-0.04,-0.07,-0.23,-0.25,-0.25,-0.23,-0.3,-0.06,-0.21,-0.23,-0.01,7,1
1993-08-01,1,6,79.153885,-0.261,-0.204,-0.141,-0.084,-0.314,-0.369,-0.125,-0.177,-0.288,-0.349,-0.469,-0.398,-0.349,0.16,0.33,0.64,0.93,0.92,0.47,0.42,0.28,0.04,-0.14,-0.35,-0.14,-0.15,-0.11,-0.17,0.07,-0.04,-0.07,-0.23,-0.25,-0.25,-0.23,-0.3,-0.06,-0.21,-0.23,8,1
1993-09-01,1,4,64.68071,-0.245,-0.261,-0.204,-0.141,-0.084,-0.314,-0.369,-0.125,-0.177,-0.288,-0.349,-0.469,-0.398,0.26,0.16,0.33,0.64,0.93,0.92,0.47,0.42,0.28,0.04,-0.14,-0.35,-0.14,-0.12,-0.11,-0.17,0.07,-0.04,-0.07,-0.23,-0.25,-0.25,-0.23,-0.3,-0.06,-0.21,9,1
1993-10-01,1,5,52.565025,-0.379,-0.245,-0.261,-0.204,-0.141,-0.084,-0.314,-0.369,-0.125,-0.177,-0.288,-0.349,-0.469,0.36,0.26,0.16,0.33,0.64,0.93,0.92,0.47,0.42,0.28,0.04,-0.14,-0.35,-0.13,-0.12,-0.11,-0.17,0.07,-0.04,-0.07,-0.23,-0.25,-0.25,-0.23,-0.3,-0.06,10,1
1993-11-01,1,1,8.972357,-0.176,-0.379,-0.245,-0.261,-0.204,-0.141,-0.084,-0.314,-0.369,-0.125,-0.177,-0.288,-0.349,0.28,0.36,0.26,0.16,0.33,0.64,0.93,0.92,0.47,0.42,0.28,0.04,-0.14,-0.34,-0.13,-0.12,-0.11,-0.17,0.07,-0.04,-0.07,-0.23,-0.25,-0.25,-0.23,-0.3,11,0
1993-12-01,0,0,,-0.277,-0.176,-0.379,-0.245,-0.261,-0.204,-0.141,-0.084,-0.314,-0.369,-0.125,-0.177,-0.288,0.19,0.28,0.36,0.26,0.16,0.33,0.64,0.93,0.92,0.47,0.42,0.28,0.04,-0.41,-0.34,-0.13,-0.12,-0.11,-0.17,0.07,-0.04,-0.07,-0.23,-0.25,-0.25,-0.23,12,0
1994-01-01,0,0,,-0.11,-0.277,-0.176,-0.379,-0.245,-0.261,-0.204,-0.141,-0.084,-0.314,-0.369,-0.125,-0.177,0.03,0.19,0.28,0.36,0.26,0.16,0.33,0.64,0.93,0.92,0.47,0.42,0.28,-0.59,-0.41,-0.34,-0.13,-0.12,-0.11,-0.17,0.07,-0.04,-0.07,-0.23,-0.25,-0.25,1,0
1994-02-01,0,0,,-0.289,-0.11,-0.277,-0.176,-0.379,-0.245,-0.261,-0.204,-0.141,-0.084,-0.314,-0.369,-0.125,-0.16,0.03,0.19,0.28,0.36,0.26,0.16,0.33,0.64,0.93,0.92,0.47,0.42,-0.61,-0.59,-0.41,-0.34,-0.13,-0.12,-0.11,-0.17,0.07,-0.04,-0.07,-0.23,-0.25,2,0
1994-03-01,0,0,,-0.31,-0.289,-0.11,-0.277,-0.176,-0.379,-0.245,-0.261,-0.204,-0.141,-0.084,-0.314,-0.369,-0.06,-0.16,0.03,0.19,0.28,0.36,0.26,0.16,0.33,0.64,0.93,0.92,0.47,-0.6,-0.61,-0.59,-0.41,-0.34,-0.13,-0.12,-0.11,-0.17,0.07,-0.04,-0.07,-0.23,3,0
1994-04-01,0,0,,-0.195,-0.31,-0.289,-0.11,-0.277,-0.176,-0.379,-0.245,-0.261,-0.204,-0.141,-0.084,-0.314,0.03,-0.06,-0.16,0.03,0.19,0.28,0.36,0.26,0.16,0.33,0.64,0.93,0.92,-0.46,-0.6,-0.61,-0.59,-0.41,-0.34,-0.13,-0.12,-0.11,-0.17,0.07,-0.04,-0.07,4,0
1994-05-01,1,2,13.559357,-0.074,-0.195,-0.31,-0.289,-0.11,-0.277,-0.176,-0.379,-0.245,-0.261,-0.204,-0.141,-0.084,0.14,0.03,-0.06,-0.16,0.03,0.19,0.28,0.36,0.26,0.16,0.33,0.64,0.93,-0.5,-0.46,-0.6,-0.61,-0.59,-0.41,-0.34,-0.13,-0.12,-0.11,-0.17,0.07,-0.04,5,1
1994-06-01,1,3,39.592575,-0.333,-0.074,-0.195,-0.31,-0.289,-0.11,-0.277,-0.176,-0.379,-0.245,-0.261,-0.204,-0.141,0.27,0.14,0.03,-0.06,-0.16,0.03,0.19,0.28,0.36,0.26,0.16,0.33,0.64,-0.43,-0.5,-0.46,-0.6,-0.61,-0.59,-0.41,-0.34,-0.13,-0.12,-0.11,-0.17,0.07,6,1
1994-07-01,1,6,69.9567,-0.241,-0.333,-0.074,-0.195,-0.31,-0.289,-0.11,-0.277,-0.176,-0.379,-0.245,-0.261,-0.204,0.16,0.27,0.14,0.03,-0.06,-0.16,0.03,0.19,0.28,0.36,0.26,0.16,0.33,-0.39,-0.43,-0.5,-0.46,-0.6,-0.61,-0.59,-0.41,-0.34,-0.13,-0.12,-0.11,-0.17,7,1
1994-08-01,1,7,90.52529,-0.222,-0.241,-0.333,-0.074,-0.195,-0.31,-0.289,-0.11,-0.277,-0.176,-0.379,-0.245,-0.261,0.52,0.16,0.27,0.14,0.03,-0.06,-0.16,0.03,0.19,0.28,0.36,0.26,0.16,-0.29,-0.39,-0.43,-0.5,-0.46,-0.6,-0.61,-0.59,-0.41,-0.34,-0.13,-0.12,-0.11,8,1
1994-09-01,1,8,101.281075,-0.394,-0.222,-0.241,-0.333,-0.074,-0.195,-0.31,-0.289,-0.11,-0.277,-0.176,-0.379,-0.245,0.4,0.52,0.16,0.27,0.14,0.03,-0.06,-0.16,0.03,0.19,0.28,0.36,0.26,-0.24,-0.29,-0.39,-0.43,-0.5,-0.46,-0.6,-0.61,-0.59,-0.41,-0.34,-0.13,-0.12,9,1
1994-10-01,1,8,50.453575,-0.022,-0.394,-0.222,-0.241,-0.333,-0.074,-0.195,-0.31,-0.289,-0.11,-0.277,-0.176,-0.379,0.9,0.4,0.52,0.16,0.27,0.14,0.03,-0.06,-0.16,0.03,0.19,0.28,0.36,-0.08,-0.24,-0.29,-0.39,-0.43,-0.5,-0.46,-0.6,-0.61,-0.59,-0.41,-0.34,-0.13,10,1
1994-11-01,1,1,14.934662,-0.138,-0.022,-0.394,-0.222,-0.241,-0.333,-0.074,-0.195,-0.31,-0.289,-0.11,-0.277,-0.176,1.14,0.9,0.4,0.52,0.16,0.27,0.14,0.03,-0.06,-0.16,0.03,0.19,0.28,-0.03,-0.08,-0.24,-0.29,-0.39,-0.43,-0.5,-0.46,-0.6,-0.61,-0.59,-0.41,-0.34,11,0
1994-12-01,0,0,,-0.064,-0.138,-0.022,-0.394,-0.222,-0.241,-0.333,-0.074,-0.195,-0.31,-0.289,-0.11,-0.277,1.21,1.14,0.9,0.4,0.52,0.16,0.27,0.14,0.03,-0.06,-0.16,0.03,0.19,-0.13,-0.03,-0.08,-0.24,-0.29,-0.39,-0.43,-0.5,-0.46,-0.6,-0.61,-0.59,-0.41,12,0
1995-01-01,0,0,,-0.121,-0.064,-0.138,-0.022,-0.394,-0.222,-0.241,-0.333,-0.074,-0.195,-0.31,-0.289,-0.11,1.1,1.21,1.14,0.9,0.4,0.52,0.16,0.27,0.14,0.03,-0.06,-0.16,0.03,-0.05,-0.13,-0.03,-0.08,-0.24,-0.29,-0.39,-0.43,-0.5,-0.46,-0.6,-0.61,-0.59,1,0
1995-02-01,0,0,,0.026,-0.121,-0.064,-0.138,-0.022,-0.394,-0.222,-0.241,-0.333,-0.074,-0.195,-0.31,-0.289,0.87,1.1,1.21,1.14,0.9,0.4,0.52,0.16,0.27,0.14,0.03,-0.06,-0.16,-0.04,-0.05,-0.13,-0.03,-0.08,-0.24,-0.29,-0.39,-0.43,-0.5,-0.46,-0.6,-0.61,2,0
1995-03-01,0,0,,-0.186,0.026,-0.121,-0.064,-0.138,-0.022,-0.394,-0.222,-0.241,-0.333,-0.074,-0.195,-0.31,0.49,0.87,1.1,1.21,1.14,0.9,0.4,0.52,0.16,0.27,0.14,0.03,-0.06,-0.05,-0.04,-0.05,-0.13,-0.03,-0.08,-0.24,-0.29,-0.39,-0.43,-0.5,-0.46,-0.6,3,0
1995-04-01,1,1,5.427054,-0.168,-0.186,0.026,-0.121,-0.064,-0.138,-0.022,-0.394,-0.222,-0.241,-0.333,-0.074,-0.195,0.27,0.49,0.87,1.1,1.21,1.14,0.9,0.4,0.52,0.16,0.27,0.14,0.03,0.11,-0.05,-0.04,-0.05,-0.13,-0.03,-0.08,-0.24,-0.29,-0.39,-0.43,-0.5,-0.46,4,0
1995-05-01,1,2,11.873543,-0.083,-0.168,-0.186,0.026,-0.121,-0.064,-0.138,-0.022,-0.394,-0.222,-0.241,-0.333,-0.074,0.03,0.27,0.49,0.87,1.1,1.21,1.14,0.9,0.4,0.52,0.16,0.27,0.14,0.3,0.11,-0.05,-0.04,-0.05,-0.13,-0.03,-0.08,-0.24,-0.29,-0.39,-0.43,-0.5,5,1
1995-06-01,1,2,39.4937,-0.049,-0.083,-0.168,-0.186,0.026,-0.121,-0.064,-0.138,-0.022,-0.394,-0.222,-0.241,-0.333,0.08,0.03,0.27,0.49,0.87,1.1,1.21,1.14,0.9,0.4,0.52,0.16,0.27,0.48,0.3,0.11,-0.05,-0.04,-0.05,-0.13,-0.03,-0.08,-0.24,-0.29,-0.39,-0.43,6,1
1995-07-01,1,6,75.29943,0.04,-0.049,-0.083,-0.168,-0.186,0.026,-0.121,-0.064,-0.138,-0.022,-0.394,-0.222,-0.241,0.03,0.08,0.03,0.27,0.49,0.87,1.1,1.21,1.14,0.9,0.4,0.52,0.16,0.58,0.48,0.3,0.11,-0.05,-0.04,-0.05,-0.13,-0.03,-0.08,-0.24,-0.29,-0.39,7,1
1995-08-01,1,5,101.77967,-0.075,0.04,-0.049,-0.083,-0.168,-0.186,0.026,-0.121,-0.064,-0.138,-0.022,-0.394,-0.222,-0.38,0.03,0.08,0.03,0.27,0.49,0.87,1.1,1.21,1.14,0.9,0.4,0.52,0.59,0.58,0.48,0.3,0.11,-0.05,-0.04,-0.05,-0.13,-0.03,-0.08,-0.24,-0.29,8,1
1995-09-01,1,2,60.863876,-0.167,-0.075,0.04,-0.049,-0.083,-0.168,-0.186,0.026,-0.121,-0.064,-0.138,-0.022,-0.394,-0.57,-0.38,0.03,0.08,0.03,0.27,0.49,0.87,1.1,1.21,1.14,0.9,0.4,0.4,0.59,0.58,0.48,0.3,0.11,-0.05,-0.04,-0.05,-0.13,-0.03,-0.08,-0.24,9,1
1995-10-01,1,3,39.956066,-0.179,-0.167,-0.075,0.04,-0.049,-0.083,-0.168,-0.186,0.026,-0.121,-0.064,-0.138,-0.022,-0.72,-0.57,-0.38,0.03,0.08,0.03,0.27,0.49,0.87,1.1,1.21,1.14,0.9,0.37,0.4,0.59,0.58,0.48,0.3,0.11,-0.05,-0.04,-0.05,-0.13,-0.03,-0.08,10,1
1995-11-01,1,1,5.635168,-0.154,-0.179,-0.167,-0.075,0.04,-0.049,-0.083,-0.168,-0.186,0.026,-0.121,-0.064,-0.138,-0.78,-0.72,-0.57,-0.38,0.03,0.08,0.03,0.27,0.49,0.87,1.1,1.21,1.14,0.51,0.37,0.4,0.59,0.58,0.48,0.3,0.11,-0.05,-0.04,-0.05,-0.13,-0.03,11,0
1995-12-01,0,0,,-0.12,-0.154,-0.179,-0.167,-0.075,0.04,-0.049,-0.083,-0.168,-0.186,0.026,-0.121,-0.064,-0.72,-0.78,-0.72,-0.57,-0.38,0.03,0.08,0.03,0.27,0.49,0.87,1.1,1.21,0.47,0.51,0.37,0.4,0.59,0.58,0.48,0.3,0.11,-0.05,-0.04,-0.05,-0.13,12,0
1996-01-01,0,0,,-0.051,-0.12,-0.154,-0.179,-0.167,-0.075,0.04,-0.049,-0.083,-0.168,-0.186,0.026,-0.121,-0.65,-0.72,-0.78,-0.72,-0.57,-0.38,0.03,0.08,0.03,0.27,0.49,0.87,1.1,0.74,0.47,0.51,0.37,0.4,0.59,0.58,0.48,0.3,0.11,-0.05,-0.04,-0.05,1,0
1996-02-01,0,0,,-0.042,-0.051,-0.12,-0.154,-0.179,-0.167,-0.075,0.04,-0.049,-0.083,-0.168,-0.186,0.026,-0.66,-0.65,-0.72,-0.78,-0.72,-0.57,-0.38,0.03,0.08,0.03,0.27,0.49,0.87,0.4,0.74,0.47,0.51,0.37,0.4,0.59,0.58,0.48,0.3,0.11,-0.05,-0.04,2,0
1996-03-01,0,0,,-0.155,-0.042,-0.051,-0.12,-0.154,-0.179,-0.167,-0.075,0.04,-0.049,-0.083,-0.168,-0.186,-0.48,-0.66,-0.65,-0.72,-0.78,-0.72,-0.57,-0.38,0.03,0.08,0.03,0.27,0.49,0.22,0.4,0.74,0.47,0.51,0.37,0.4,0.59,0.58,0.48,0.3,0.11,-0.05,3,0
1996-04-01,1,1,6.668032,-0.301,-0.155,-0.042,-0.051,-0.12,-0.154,-0.179,-0.167,-0.075,0.04,-0.049,-0.083,-0.168,-0.34,-0.48,-0.66,-0.65,-0.72,-0.78,-0.72,-0.57,-0.38,0.03,0.08,0.03,0.27,0.31,0.22,0.4,0.74,0.47,0.51,0.37,0.4,0.59,0.58,0.48,0.3,0.11,4,0
1996-05-01,1,2,15.084386,-0.412,-0.301,-0.155,-0.042,-0.051,-0.12,-0.154,-0.179,-0.167,-0.075,0.04,-0.049,-0.083,-0.4,-0.34,-0.48,-0.66,-0.65,-0.72,-0.78,-0.72,-0.57,-0.38,0.03,0.08,0.03,0.36,0.31,0.22,0.4,0.74,0.47,0.51,0.37,0.4,0.59,0.58,0.48,0.3,5,1
1996-06-01,1,3,45.81689,-0.394,-0.412,-0.301,-0.155,-0.042,-0.051,-0.12,-0.154,-0.179,-0.167,-0.075,0.04,-0.049,-0.12,-0.4,-0.34,-0.48,-0.66,-0.65,-0.72,-0.78,-0.72,-0.57,-0.38,0.03,0.08,0.18,0.36,0.31,0.22,0.4,0.74,0.47,0.51,0.37,0.4,0.59,0.58,0.48,6,1
1996-07-01,1,7,67.03183,-0.391,-0.394,-0.412,-0.301,-0.155,-0.042,-0.051,-0.12,-0.154,-0.179,-0.167,-0.075,0.04,-0.14,-0.12,-0.4,-0.34,-0.48,-0.66,-0.65,-0.72,-0.78,-0.72,-0.57,-0.38,0.03,0.12,0.18,0.36,0.31,0.22,0.4,0.74,0.47,0.51,0.37,0.4,0.59,0.58,7,1
1996-08-01,1,9,136.91498,-0.493,-0.391,-0.394,-0.412,-0.301,-0.155,-0.042,-0.051,-0.12,-0.154,-0.179,-0.167,-0.075,-0.3,-0.14,-0.12,-0.4,-0.34,-0.48,-0.66,-0.65,-0.72,-0.78,-0.72,-0.57,-0.38,-0.03,0.12,0.18,0.36,0.31,0.22,0.4,0.74,0.47,0.51,0.37,0.4,0.59,8,1
1996-09-01,1,3,33.298496,-0.539,-0.493,-0.391,-0.394,-0.412,-0.301,-0.155,-0.042,-0.051,-0.12,-0.154,-0.179,-0.167,-0.34,-0.3,-0.14,-0.12,-0.4,-0.34,-0.48,-0.66,-0.65,-0.72,-0.78,-0.72,-0.57,0.15,-0.03,0.12,0.18,0.36,0.31,0.22,0.4,0.74,0.47,0.51,0.37,0.4,9,1
1996-10-01,1,5,22.713247,-0.732,-0.539,-0.493,-0.391,-0.394,-0.412,-0.301,-0.155,-0.042,-0.051,-0.12,-0.154,-0.179,-0.28,-0.34,-0.3,-0.14,-0.12,-0.4,-0.34,-0.48,-0.66,-0.65,-0.72,-0.78,-0.72,0.08,0.15,-0.03,0.12,0.18,0.36,0.31,0.22,0.4,0.74,0.47,0.51,0.37,10,1
1996-11-01,1,2,8.068958,-0.551,-0.732,-0.539,-0.493,-0.391,-0.394,-0.412,-0.301,-0.155,-0.042,-0.051,-0.12,-0.154,-0.3,-0.28,-0.34,-0.3,-0.14,-0.12,-0.4,-0.34,-0.48,-0.66,-0.65,-0.72,-0.78,0.03,0.08,0.15,-0.03,0.12,0.18,0.36,0.31,0.22,0.4,0.74,0.47,0.51,11,0
1996-12-01,0,0,,-0.443,-0.551,-0.732,-0.539,-0.493,-0.391,-0.394,-0.412,-0.301,-0.155,-0.042,-0.051,-0.12,-0.43,-0.3,-0.28,-0.34,-0.3,-0.14,-0.12,-0.4,-0.34,-0.48,-0.66,-0.65,-0.72,0.14,0.03,0.08,0.15,-0.03,0.12,0.18,0.36,0.31,0.22,0.4,0.74,0.47,12,0
1997-01-01,0,0,,-0.438,-0.443,-0.551,-0.732,-0.539,-0.493,-0.391,-0.394,-0.412,-0.301,-0.155,-0.042,-0.051,-0.43,-0.43,-0.3,-0.28,-0.34,-0.3,-0.14,-0.12,-0.4,-0.34,-0.48,-0.66,-0.65,0.31,0.14,0.03,0.08,0.15,-0.03,0.12,0.18,0.36,0.31,0.22,0.4,0.74,1,0
1997-02-01,0,0,,-0.476,-0.438,-0.443,-0.551,-0.732,-0.539,-0.493,-0.391,-0.394,-0.412,-0.301,-0.155,-0.042,-0.24,-0.43,-0.43,-0.3,-0.28,-0.34,-0.3,-0.14,-0.12,-0.4,-0.34,-0.48,-0.66,0.34,0.31,0.14,0.03,0.08,0.15,-0.03,0.12,0.18,0.36,0.31,0.22,0.4,2,0
1997-03-01,0,0,,-0.189,-0.476,-0.438,-0.443,-0.551,-0.732,-0.539,-0.493,-0.391,-0.394,-0.412,-0.301,-0.155,-0.06,-0.24,-0.43,-0.43,-0.3,-0.28,-0.34,-0.3,-0.14,-0.12,-0.4,-0.34,-0.48,0.15,0.34,0.31,0.14,0.03,0.08,0.15,-0.03,0.12,0.18,0.36,0.31,0.22,3,0
1997-04-01,0,0,,-0.154,-0.189,-0.476,-0.438,-0.443,-0.551,-0.732,-0.539,-0.493,-0.391,-0.394,-0.412,-0.301,0.34,-0.06,-0.24,-0.43,-0.43,-0.3,-0.28,-0.34,-0.3,-0.14,-0.12,-0.4,-0.34,0.27,0.15,0.34,0.31,0.14,0.03,0.08,0.15,-0.03,0.12,0.18,0.36,0.31,4,0
1997-05-01,1,4,57.477097,-0.224,-0.154,-0.189,-0.476,-0.438,-0.443,-0.551,-0.732,-0.539,-0.493,-0.391,-0.394,-0.412,0.87,0.34,-0.06,-0.24,-0.43,-0.43,-0.3,-0.28,-0.34,-0.3,-0.14,-0.12,-0.4,0.43,0.27,0.15,0.34,0.31,0.14,0.03,0.08,0.15,-0.03,0.12,0.18,0.36,5,1
1997-06-01,1,10,39.15893,-0.095,-0.224,-0.154,-0.189,-0.476,-0.438,-0.443,-0.551,-0.732,-0.539,-0.493,-0.391,-0.394,1.15,0.87,0.34,-0.06,-0.24,-0.43,-0.43,-0.3,-0.28,-0.34,-0.3,-0.14,-0.12,0.54,0.43,0.27,0.15,0.34,0.31,0.14,0.03,0.08,0.15,-0.03,0.12,0.18,6,1
1997-07-01,1,3,45.06932,-0.035,-0.095,-0.224,-0.154,-0.189,-0.476,-0.438,-0.443,-0.551,-0.732,-0.539,-0.493,-0.391,1.6,1.15,0.87,0.34,-0.06,-0.24,-0.43,-0.43,-0.3,-0.28,-0.34,-0.3,-0.14,0.34,0.54,0.43,0.27,0.15,0.34,0.31,0.14,0.03,0.08,0.15,-0.03,0.12,7,1
1997-08-01,1,3,87.4434,0.087,-0.035,-0.095,-0.224,-0.154,-0.189,-0.476,-0.438,-0.443,-0.551,-0.732,-0.539,-0.493,1.94,1.6,1.15,0.87,0.34,-0.06,-0.24,-0.43,-0.43,-0.3,-0.28,-0.34,-0.3,0.16,0.34,0.54,0.43,0.27,0.15,0.34,0.31,0.14,0.03,0.08,0.15,-0.03,8,1
1997-09-01,1,7,56.118217,0.183,0.087,-0.035,-0.095,-0.224,-0.154,-0.189,-0.476,-0.438,-0.443,-0.551,-0.732,-0.539,2.1,1.94,1.6,1.15,0.87,0.34,-0.06,-0.24,-0.43,-0.43,-0.3,-0.28,-0.34,0.26,0.16,0.34,0.54,0.43,0.27,0.15,0.34,0.31,0.14,0.03,0.08,0.15,9,1
1997-10-01,1,4,18.339851,0.21,0.183,0.087,-0.035,-0.095,-0.224,-0.154,-0.189,-0.476,-0.438,-0.443,-0.551,-0.732,2.29,2.1,1.94,1.6,1.15,0.87,0.34,-0.06,-0.24,-0.43,-0.43,-0.3,-0.28,0.59,0.26,0.16,0.34,0.54,0.43,0.27,0.15,0.34,0.31,0.14,0.03,0.08,10,1
1997-11-01,1,1,5.5140224,0.411,0.21,0.183,0.087,-0.035,-0.095,-0.224,-0.154,-0.189,-0.476,-0.438,-0.443,-0.551,2.42,2.29,2.1,1.94,1.6,1.15,0.87,0.34,-0.06,-0.24,-0.43,-0.43,-0.3,0.58,0.59,0.26,0.16,0.34,0.54,0.43,0.27,0.15,0.34,0.31,0.14,0.03,11,0
1997-12-01,0,0,,0.458,0.411,0.21,0.183,0.087,-0.035,-0.095,-0.224,-0.154,-0.189,-0.476,-0.438,-0.443,2.3,2.42,2.29,2.1,1.94,1.6,1.15,0.87,0.34,-0.06,-0.24,-0.43,-0.43,0.44,0.58,0.59,0.26,0.16,0.34,0.54,0.43,0.27,0.15,0.34,0.31,0.14,12,0
1998-01-01,0,0,,0.661,0.458,0.411,0.21,0.183,0.087,-0.035,-0.095,-0.224,-0.154,-0.189,-0.476,-0.438,2.42,2.3,2.42,2.29,2.1,1.94,1.6,1.15,0.87,0.34,-0.06,-0.24,-0.43,0.43,0.44,0.58,0.59,0.26,0.16,0.34,0.54,0.43,0.27,0.15,0.34,0.31,1,0
1998-02-01,0,0,,0.807,0.661,0.458,0.411,0.21,0.183,0.087,-0.035,-0.095,-0.224,-0.154,-0.189,-0.476,2.08,2.42,2.3,2.42,2.29,2.1,1.94,1.6,1.15,0.87,0.34,-0.06,-0.24,0.77,0.43,0.44,0.58,0.59,0.26,0.16,0.34,0.54,0.43,0.27,0.15,0.34,2,0
1998-03-01,0,0,,0.634,0.807,0.661,0.458,0.411,0.21,0.183,0.087,-0.035,-0.095,-0.224,-0.154,-0.189,1.49,2.08,2.42,2.3,2.42,2.29,2.1,1.94,1.6,1.15,0.87,0.34,-0.06,0.75,0.77,0.43,0.44,0.58,0.59,0.26,0.16,0.34,0.54,0.43,0.27,0.15,3,0
1998-04-01,0,0,,0.558,0.634,0.807,0.661,0.458,0.411,0.21,0.183,0.087,-0.035,-0.095,-0.224,-0.154,0.9,1.49,2.08,2.42,2.3,2.42,2.29,2.1,1.94,1.6,1.15,0.87,0.34,0.59,0.75,0.77,0.43,0.44,0.58,0.59,0.26,0.16,0.34,0.54,0.43,0.27,4,0
1998-05-01,1,2,20.29652,0.538,0.558,0.634,0.807,0.661,0.458,0.411,0.21,0.183,0.087,-0.035,-0.095,-0.224,0.68,0.9,1.49,2.08,2.42,2.3,2.42,2.29,2.1,1.94,1.6,1.15,0.87,0.59,0.59,0.75,0.77,0.43,0.44,0.58,0.59,0.26,0.16,0.34,0.54,0.43,5,1
1998-06-01,1,3,42.047665,0.533,0.538,0.558,0.634,0.807,0.661,0.458,0.411,0.21,0.183,0.087,-0.035,-0.095,-0.39,0.68,0.9,1.49,2.08,2.42,2.3,2.42,2.29,2.1,1.94,1.6,1.15,0.66,0.59,0.59,0.75,0.77,0.43,0.44,0.58,0.59,0.26,0.16,0.34,0.54,6,1
1998-07-01,1,4,60.883327,0.264,0.533,0.538,0.558,0.634,0.807,0.661,0.458,0.411,0.21,0.183,0.087,-0.035,-0.73,-0.39,0.68,0.9,1.49,2.08,2.42,2.3,2.42,2.29,2.1,1.94,1.6,0.56,0.66,0.59,0.59,0.75,0.77,0.43,0.44,0.58,0.59,0.26,0.16,0.34,7,1
1998-08-01,1,5,81.62426,0.163,0.264,0.533,0.538,0.558,0.634,0.807,0.661,0.458,0.411,0.21,0.183,0.087,-0.83,-0.73,-0.39,0.68,0.9,1.49,2.08,2.42,2.3,2.42,2.29,2.1,1.94,0.67,0.56,0.66,0.59,0.59,0.75,0.77,0.43,0.44,0.58,0.59,0.26,0.16,8,1
1998-09-01,1,9,89.59624,0.032,0.163,0.264,0.533,0.538,0.558,0.634,0.807,0.661,0.458,0.411,0.21,0.183,-0.82,-0.83,-0.73,-0.39,0.68,0.9,1.49,2.08,2.42,2.3,2.42,2.29,2.1,0.51,0.67,0.56,0.66,0.59,0.59,0.75,0.77,0.43,0.44,0.58,0.59,0.26,9,1
1998-10-01,1,3,18.224024,-0.123,0.032,0.163,0.264,0.533,0.538,0.558,0.634,0.807,0.661,0.458,0.411,0.21,-1.19,-0.82,-0.83,-0.73,-0.39,0.68,0.9,1.49,2.08,2.42,2.3,2.42,2.29,0.49,0.51,0.67,0.56,0.66,0.59,0.59,0.75,0.77,0.43,0.44,0.58,0.59,10,1
1998-11-01,0,0,,-0.251,-0.123,0.032,0.163,0.264,0.533,0.538,0.558,0.634,0.807,0.661,0.458,0.411,-1.23,-1.19,-0.82,-0.83,-0.73,-0.39,0.68,0.9,1.49,2.08,2.42,2.3,2.42,0.43,0.49,0.51,0.67,0.56,0.66,0.59,0.59,0.75,0.77,0.43,0.44,0.58,11,0
1998-12-01,0,0,,-0.251,-0.251,-0.123,0.032,0.163,0.264,0.533,0.538,0.558,0.634,0.807,0.661,0.458,-1.51,-1.23,-1.19,-0.82,-0.83,-0.73,-0.39,0.68,0.9,1.49,2.08,2.42,2.3,0.29,0.43,0.49,0.51,0.67,0.56,0.66,0.59,0.59,0.75,0.77,0.43,0.44,12,0
1999-01-01,0,0,,-0.249,-0.251,-0.251,-0.123,0.032,0.163,0.264,0.533,0.538,0.558,0.634,0.807,0.661,-1.53,-1.51,-1.23,-1.19,-0.82,-0.83,-0.73,-0.39,0.68,0.9,1.49,2.08,2.42,-0.1,0.29,0.43,0.49,0.51,0.67,0.56,0.66,0.59,0.59,0.75,0.77,0.43,1,0
1999-02-01,0,0,,-0.249,-0.249,-0.251,-0.251,-0.123,0.032,0.163,0.264,0.533,0.538,0.558,0.634,0.807,-1.41,-1.53,-1.51,-1.23,-1.19,-0.82,-0.83,-0.73,-0.39,0.68,0.9,1.49,2.08,-0.2,-0.1,0.29,0.43,0.49,0.51,0.67,0.56,0.66,0.59,0.59,0.75,0.77,2,0
1999-03-01,0,0,,-0.066,-0.249,-0.249,-0.251,-0.251,-0.123,0.032,0.163,0.264,0.533,0.538,0.558,0.634,-0.92,-1.41,-1.53,-1.51,-1.23,-1.19,-0.82,-0.83,-0.73,-0.39,0.68,0.9,1.49,-0.23,-0.2,-0.1,0.29,0.43,0.49,0.51,0.67,0.56,0.66,0.59,0.59,0.75,3,0
1999-04-01,0,0,,-0.207,-0.066,-0.249,-0.249,-0.251,-0.251,-0.123,0.032,0.163,0.264,0.533,0.538,0.558,-0.81,-0.92,-1.41,-1.53,-1.51,-1.23,-1.19,-0.82,-0.83,-0.73,-0.39,0.68,0.9,-0.13,-0.23,-0.2,-0.1,0.29,0.43,0.49,0.51,0.67,0.56,0.66,0.59,0.59,4,0
1999-05-01,1,5,21.542858,-0.435,-0.207,-0.066,-0.249,-0.249,-0.251,-0.251,-0.123,0.032,0.163,0.264,0.533,0.538,-0.87,-0.81,-0.92,-1.41,-1.53,-1.51,-1.23,-1.19,-0.82,-0.83,-0.73,-0.39,0.68,0.11,-0.13,-0.23,-0.2,-0.1,0.29,0.43,0.49,0.51,0.67,0.56,0.66,0.59,5,1
1999-06-01,1,5,34.20565,-0.278,-0.435,-0.207,-0.066,-0.249,-0.249,-0.251,-0.251,-0.123,0.032,0.163,0.264,0.533,-0.95,-0.87,-0.81,-0.92,-1.41,-1.53,-1.51,-1.23,-1.19,-0.82,-0.83,-0.73,-0.39,0.15,0.11,-0.13,-0.23,-0.2,-0.1,0.29,0.43,0.49,0.51,0.67,0.56,0.66,6,1
1999-07-01,1,8,47.805244,-0.119,-0.278,-0.435,-0.207,-0.066,-0.249,-0.249,-0.251,-0.251,-0.123,0.032,0.163,0.264,-0.84,-0.95,-0.87,-0.81,-0.92,-1.41,-1.53,-1.51,-1.23,-1.19,-0.82,-0.83,-0.73,0.17,0.15,0.11,-0.13,-0.23,-0.2,-0.1,0.29,0.43,0.49,0.51,0.67,0.56,7,1
1999-08-01,1,8,102.98932,-0.185,-0.119,-0.278,-0.435,-0.207,-0.066,-0.249,-0.249,-0.251,-0.251,-0.123,0.032,0.163,-0.98,-0.84,-0.95,-0.87,-0.81,-0.92,-1.41,-1.53,-1.51,-1.23,-1.19,-0.82,-0.83,0.34,0.17,0.15,0.11,-0.13,-0.23,-0.2,-0.1,0.29,0.43,0.49,0.51,0.67,8,1
1999-09-01,1,10,61.92706,-0.12,-0.185,-0.119,-0.278,-0.435,-0.207,-0.066,-0.249,-0.249,-0.251,-0.251,-0.123,0.032,-0.84,-0.98,-0.84,-0.95,-0.87,-0.81,-0.92,-1.41,-1.53,-1.51,-1.23,-1.19,-0.82,0.38,0.34,0.17,0.15,0.11,-0.13,-0.23,-0.2,-0.1,0.29,0.43,0.49,0.51,9,1
1999-10-01,1,12,64.98665,-0.373,-0.12,-0.185,-0.119,-0.278,-0.435,-0.207,-0.066,-0.249,-0.249,-0.251,-0.251,-0.123,-1.03,-0.84,-0.98,-0.84,-0.95,-0.87,-0.81,-0.92,-1.41,-1.53,-1.51,-1.23,-1.19,0.25,0.38,0.34,0.17,0.15,0.11,-0.13,-0.23,-0.2,-0.1,0.29,0.43,0.49,10,1
1999-11-01,0,0,,-0.242,-0.373,-0.12,-0.185,-0.119,-0.278,-0.435,-0.207,-0.066,-0.249,-0.249,-0.251,-0.251,-1.41,-1.03,-0.84,-0.98,-0.84,-0.95,-0.87,-0.81,-0.92,-1.41,-1.53,-1.51,-1.23,0.13,0.25,0.38,0.34,0.17,0.15,0.11,-0.13,-0.23,-0.2,-0.1,0.29,0.43,11,0
1999-12-01,0,0,,-0.288,-0.242,-0.373,-0.12,-0.185,-0.119,-0.278,-0.435,-0.207,-0.066,-0.249,-0.249,-0.251,-1.54,-1.41,-1.03,-0.84,-0.98,-0.84,-0.95,-0.87,-0.81,-0.92,-1.41,-1.53,-1.51,0.27,0.13,0.25,0.38,0.34,0.17,0.15,0.11,-0.13,-0.23,-0.2,-0.1,0.29,12,0
2000-01-01,0,0,,-0.304,-0.288,-0.242,-0.373,-0.12,-0.185,-0.119,-0.278,-0.435,-0.207,-0.066,-0.249,-0.249,-1.79,-1.54,-1.41,-1.03,-0.84,-0.98,-0.84,-0.95,-0.87,-0.81,-0.92,-1.41,-1.53,-0.18,0.27,0.13,0.25,0.38,0.34,0.17,0.15,0.11,-0.13,-0.23,-0.2,-0.1,1,0
2000-02-01,0,0,,-0.364,-0.304,-0.288,-0.242,-0.373,-0.12,-0.185,-0.119,-0.278,-0.435,-0.207,-0.066,-0.249,-1.53,-1.79,-1.54,-1.41,-1.03,-0.84,-0.98,-0.84,-0.95,-0.87,-0.81,-0.92,-1.41,-0.1,-0.18,0.27,0.13,0.25,0.38,0.34,0.17,0.15,0.11,-0.13,-0.23,-0.2,2,0
2000-03-01,0,0,,-0.248,-0.364,-0.304,-0.288,-0.242,-0.373,-0.12,-0.185,-0.119,-0.278,-0.435,-0.207,-0.066,-1.26,-1.53,-1.79,-1.54,-1.41,-1.03,-0.84,-0.98,-0.84,-0.95,-0.87,-0.81,-0.92,0.06,-0.1,-0.18,0.27,0.13,0.25,0.38,0.34,0.17,0.15,0.11,-0.13,-0.23,3,0
2000-04-01,1,2,7.7564545,-0.224,-0.248,-0.364,-0.304,-0.288,-0.242,-0.373,-0.12,-0.185,-0.119,-0.278,-0.435,-0.207,-0.8,-1.26,-1.53,-1.79,-1.54,-1.41,-1.03,-0.84,-0.98,-0.84,-0.95,-0.87,-0.81,-0.01,0.06,-0.1,-0.18,0.27,0.13,0.25,0.38,0.34,0.17,0.15,0.11,-0.13,4,0
2000-05-01,1,2,19.836891,-0.255,-0.224,-0.248,-0.364,-0.304,-0.288,-0.242,-0.373,-0.12,-0.185,-0.119,-0.278,-0.435,-0.8,-0.8,-1.26,-1.53,-1.79,-1.54,-1.41,-1.03,-0.84,-0.98,-0.84,-0.95,-0.87,-0.06,-0.01,0.06,-0.1,-0.18,0.27,0.13,0.25,0.38,0.34,0.17,0.15,0.11,5,1
2000-06-01,1,6,33.504833,-0.467,-0.255,-0.224,-0.248,-0.364,-0.304,-0.288,-0.242,-0.373,-0.12,-0.185,-0.119,-0.278,-0.75,-0.8,-0.8,-1.26,-1.53,-1.79,-1.54,-1.41,-1.03,-0.84,-0.98,-0.84,-0.95,-0.16,-0.06,-0.01,0.06,-0.1,-0.18,0.27,0.13,0.25,0.38,0.34,0.17,0.15,6,1
2000-07-01,1,7,45.725372,-0.3,-0.467,-0.255,-0.224,-0.248,-0.364,-0.304,-0.288,-0.242,-0.373,-0.12,-0.185,-0.119,-0.57,-0.75,-0.8,-0.8,-1.26,-1.53,-1.79,-1.54,-1.41,-1.03,-0.84,-0.98,-0.84,0.01,-0.16,-0.06,-0.01,0.06,-0.1,-0.18,0.27,0.13,0.25,0.38,0.34,0.17,7,1
2000-08-01,1,8,64.88782,-0.116,-0.3,-0.467,-0.255,-0.224,-0.248,-0.364,-0.304,-0.288,-0.242,-0.373,-0.12,-0.185,-0.36,-0.57,-0.75,-0.8,-0.8,-1.26,-1.53,-1.79,-1.54,-1.41,-1.03,-0.84,-0.98,0.15,0.01,-0.16,-0.06,-0.01,0.06,-0.1,-0.18,0.27,0.13,0.25,0.38,0.34,8,1
2000-09-01,1,8,65.394844,-0.098,-0.116,-0.3,-0.467,-0.255,-0.224,-0.248,-0.364,-0.304,-0.288,-0.242,-0.373,-0.12,-0.39,-0.36,-0.57,-0.75,-0.8,-0.8,-1.26,-1.53,-1.79,-1.54,-1.41,-1.03,-0.84,0.02,0.15,0.01,-0.16,-0.06,-0.01,0.06,-0.1,-0.18,0.27,0.13,0.25,0.38,9,1
2000-10-01,1,11,54.904613,-0.137,-0.098,-0.116,-0.3,-0.467,-0.255,-0.224,-0.248,-0.364,-0.304,-0.288,-0.242,-0.373,-0.55,-0.39,-0.36,-0.57,-0.75,-0.8,-0.8,-1.26,-1.53,-1.79,-1.54,-1.41,-1.03,0.0,0.02,0.15,0.01,-0.16,-0.06,-0.01,0.06,-0.1,-0.18,0.27,0.13,0.25,10,1
2000-11-01,1,3,7.855469,-0.188,-0.137,-0.098,-0.116,-0.3,-0.467,-0.255,-0.224,-0.248,-0.364,-0.304,-0.288,-0.242,-0.75,-0.55,-0.39,-0.36,-0.57,-0.75,-0.8,-0.8,-1.26,-1.53,-1.79,-1.54,-1.41,-0.12,0.0,0.02,0.15,0.01,-0.16,-0.06,-0.01,0.06,-0.1,-0.18,0.27,0.13,11,0
2000-12-01,0,0,,-0.304,-0.188,-0.137,-0.098,-0.116,-0.3,-0.467,-0.255,-0.224,-0.248,-0.364,-0.304,-0.288,-0.92,-0.75,-0.55,-0.39,-0.36,-0.57,-0.75,-0.8,-0.8,-1.26,-1.53,-1.79,-1.54,-0.19,-0.12,0.0,0.02,0.15,0.01,-0.16,-0.06,-0.01,0.06,-0.1,-0.18,0.27,12,0
2001-01-01,0,0,,-0.487,-0.304,-0.188,-0.137,-0.098,-0.116,-0.3,-0.467,-0.255,-0.224,-0.248,-0.364,-0.304,-0.88,-0.92,-0.75,-0.55,-0.39,-0.36,-0.57,-0.75,-0.8,-0.8,-1.26,-1.53,-1.79,-0.13,-0.19,-0.12,0.0,0.02,0.15,0.01,-0.16,-0.06,-0.01,0.06,-0.1,-0.18,1,0
2001-02-01,0,0,,-0.318,-0.487,-0.304,-0.188,-0.137,-0.098,-0.116,-0.3,-0.467,-0.255,-0.224,-0.248,-0.364,-0.63,-0.88,-0.92,-0.75,-0.55,-0.39,-0.36,-0.57,-0.75,-0.8,-0.8,-1.26,-1.53,-0.15,-0.13,-0.19,-0.12,0.0,0.02,0.15,0.01,-0.16,-0.06,-0.01,0.06,-0.1,2,0
2001-03-01,0,0,,-0.099,-0.318,-0.487,-0.304,-0.188,-0.137,-0.098,-0.116,-0.3,-0.467,-0.255,-0.224,-0.248,-0.48,-0.63,-0.88,-0.92,-0.75,-0.55,-0.39,-0.36,-0.57,-0.75,-0.8,-0.8,-1.26,0.15,-0.15,-0.13,-0.19,-0.12,0.0,0.02,0.15,0.01,-0.16,-0.06,-0.01,0.06,3,0
2001-04-01,0,0,,-0.08,-0.099,-0.318,-0.487,-0.304,-0.188,-0.137,-0.098,-0.116,-0.3,-0.467,-0.255,-0.224,-0.3,-0.48,-0.63,-0.88,-0.92,-0.75,-0.55,-0.39,-0.36,-0.57,-0.75,-0.8,-0.8,0.05,0.15,-0.15,-0.13,-0.19,-0.12,0.0,0.02,0.15,0.01,-0.16,-0.06,-0.01,4,0
2001-05-01,1,2,15.953575,0.027,-0.08,-0.099,-0.318,-0.487,-0.304,-0.188,-0.137,-0.098,-0.116,-0.3,-0.467,-0.255,-0.3,-0.3,-0.48,-0.63,-0.88,-0.92,-0.75,-0.55,-0.39,-0.36,-0.57,-0.75,-0.8,0.06,0.05,0.15,-0.15,-0.13,-0.19,-0.12,0.0,0.02,0.15,0.01,-0.16,-0.06,5,1
2001-06-01,1,6,49.013103,0.08,0.027,-0.08,-0.099,-0.318,-0.487,-0.304,-0.188,-0.137,-0.098,-0.116,-0.3,-0.467,-0.11,-0.3,-0.3,-0.48,-0.63,-0.88,-0.92,-0.75,-0.55,-0.39,-0.36,-0.57,-0.75,0.24,0.06,0.05,0.15,-0.15,-0.13,-0.19,-0.12,0.0,0.02,0.15,0.01,-0.16,6,1
2001-07-01,1,8,49.032326,-0.113,0.08,0.027,-0.08,-0.099,-0.318,-0.487,-0.304,-0.188,-0.137,-0.098,-0.116,-0.3,0.01,-0.11,-0.3,-0.3,-0.48,-0.63,-0.88,-0.92,-0.75,-0.55,-0.39,-0.36,-0.57,0.3,0.24,0.06,0.05,0.15,-0.15,-0.13,-0.19,-0.12,0.0,0.02,0.15,0.01,7,1
2001-08-01,1,6,73.27955,-0.199,-0.113,0.08,0.027,-0.08,-0.099,-0.318,-0.487,-0.304,-0.188,-0.137,-0.098,-0.116,-0.07,0.01,-0.11,-0.3,-0.3,-0.48,-0.63,-0.88,-0.92,-0.75,-0.55,-0.39,-0.36,0.34,0.3,0.24,0.06,0.05,0.15,-0.15,-0.13,-0.19,-0.12,0.0,0.02,0.15,8,1
2001-09-01,1,4,37.156876,-0.102,-0.199,-0.113,0.08,0.027,-0.08,-0.099,-0.318,-0.487,-0.304,-0.188,-0.137,-0.098,-0.28,-0.07,0.01,-0.11,-0.3,-0.3,-0.48,-0.63,-0.88,-0.92,-0.75,-0.55,-0.39,0.51,0.34,0.3,0.24,0.06,0.05,0.15,-0.15,-0.13,-0.19,-0.12,0.0,0.02,9,1
2001-10-01,1,4,30.839205,-0.275,-0.102,-0.199,-0.113,0.08,0.027,-0.08,-0.099,-0.318,-0.487,-0.304,-0.188,-0.137,-0.26,-0.28,-0.07,0.01,-0.11,-0.3,-0.3,-0.48,-0.63,-0.88,-0.92,-0.75,-0.55,0.48,0.51,0.34,0.3,0.24,0.06,0.05,0.15,-0.15,-0.13,-0.19,-0.12,0.0,10,1
2001-11-01,1,1,6.54819,-0.064,-0.275,-0.102,-0.199,-0.113,0.08,0.027,-0.08,-0.099,-0.318,-0.487,-0.304,-0.188,-0.28,-0.26,-0.28,-0.07,0.01,-0.11,-0.3,-0.3,-0.48,-0.63,-0.88,-0.92,-0.75,0.62,0.48,0.51,0.34,0.3,0.24,0.06,0.05,0.15,-0.15,-0.13,-0.19,-0.12,11,0
2001-12-01,0,0,,0.112,-0.064,-0.275,-0.102,-0.199,-0.113,0.08,0.027,-0.08,-0.099,-0.318,-0.487,-0.304,-0.46,-0.28,-0.26,-0.28,-0.07,0.01,-0.11,-0.3,-0.3,-0.48,-0.63,-0.88,-0.92,0.66,0.62,0.48,0.51,0.34,0.3,0.24,0.06,0.05,0.15,-0.15,-0.13,-0.19,12,0
2002-01-01,0,0,,0.117,0.112,-0.064,-0.275,-0.102,-0.199,-0.113,0.08,0.027,-0.08,-0.099,-0.318,-0.487,-0.14,-0.46,-0.28,-0.26,-0.28,-0.07,0.01,-0.11,-0.3,-0.3,-0.48,-0.63,-0.88,0.78,0.66,0.62,0.48,0.51,0.34,0.3,0.24,0.06,0.05,0.15,-0.15,-0.13,1,0
2002-02-01,0,0,,-0.131,0.117,0.112,-0.064,-0.275,-0.102,-0.199,-0.113,0.08,0.027,-0.08,-0.099,-0.318,0.0,-0.14,-0.46,-0.28,-0.26,-0.28,-0.07,0.01,-0.11,-0.3,-0.3,-0.48,-0.63,0.53,0.78,0.66,0.62,0.48,0.51,0.34,0.3,0.24,0.06,0.05,0.15,-0.15,2,0
2002-03-01,0,0,,0.141,-0.131,0.117,0.112,-0.064,-0.275,-0.102,-0.199,-0.113,0.08,0.027,-0.08,-0.099,0.11,0.0,-0.14,-0.46,-0.28,-0.26,-0.28,-0.07,0.01,-0.11,-0.3,-0.3,-0.48,0.37,0.53,0.78,0.66,0.62,0.48,0.51,0.34,0.3,0.24,0.06,0.05,0.15,3,0
2002-04-01,1,1,6.926834,-0.054,0.141,-0.131,0.117,0.112,-0.064,-0.275,-0.102,-0.199,-0.113,0.08,0.027,-0.08,0.14,0.11,0.0,-0.14,-0.46,-0.28,-0.26,-0.28,-0.07,0.01,-0.11,-0.3,-0.3,-0.02,0.37,0.53,0.78,0.66,0.62,0.48,0.51,0.34,0.3,0.24,0.06,0.05,4,0
2002-05-01,1,3,23.417953,-0.277,-0.054,0.141,-0.131,0.117,0.112,-0.064,-0.275,-0.102,-0.199,-0.113,0.08,0.027,0.21,0.14,0.11,0.0,-0.14,-0.46,-0.28,-0.26,-0.28,-0.07,0.01,-0.11,-0.3,-0.19,-0.02,0.37,0.53,0.78,0.66,0.62,0.48,0.51,0.34,0.3,0.24,0.06,5,1
2002-06-01,1,6,46.793705,-0.165,-0.277,-0.054,0.141,-0.131,0.117,0.112,-0.064,-0.275,-0.102,-0.199,-0.113,0.08,0.68,0.21,0.14,0.11,0.0,-0.14,-0.46,-0.28,-0.26,-0.28,-0.07,0.01,-0.11,-0.13,-0.19,-0.02,0.37,0.53,0.78,0.66,0.62,0.48,0.51,0.34,0.3,0.24,6,1
2002-07-01,1,6,61.456757,-0.104,-0.165,-0.277,-0.054,0.141,-0.131,0.117,0.112,-0.064,-0.275,-0.102,-0.199,-0.113,0.57,0.68,0.21,0.14,0.11,0.0,-0.14,-0.46,-0.28,-0.26,-0.28,-0.07,0.01,-0.06,-0.13,-0.19,-0.02,0.37,0.53,0.78,0.66,0.62,0.48,0.51,0.34,0.3,7,1
2002-08-01,1,7,84.4551,-0.133,-0.104,-0.165,-0.277,-0.054,0.141,-0.131,0.117,0.112,-0.064,-0.275,-0.102,-0.199,0.7,0.57,0.68,0.21,0.14,0.11,0.0,-0.14,-0.46,-0.28,-0.26,-0.28,-0.07,-0.05,-0.06,-0.13,-0.19,-0.02,0.37,0.53,0.78,0.66,0.62,0.48,0.51,0.34,8,1
2002-09-01,1,4,45.362743,0.293,-0.133,-0.104,-0.165,-0.277,-0.054,0.141,-0.131,0.117,0.112,-0.064,-0.275,-0.102,0.82,0.7,0.57,0.68,0.21,0.14,0.11,0.0,-0.14,-0.46,-0.28,-0.26,-0.28,0.07,-0.05,-0.06,-0.13,-0.19,-0.02,0.37,0.53,0.78,0.66,0.62,0.48,0.51,9,1
2002-10-01,1,10,51.24341,0.219,0.293,-0.133,-0.104,-0.165,-0.277,-0.054,0.141,-0.131,0.117,0.112,-0.064,-0.275,1.16,0.82,0.7,0.57,0.68,0.21,0.14,0.11,0.0,-0.14,-0.46,-0.28,-0.26,0.36,0.07,-0.05,-0.06,-0.13,-0.19,-0.02,0.37,0.53,0.78,0.66,0.62,0.48,10,1
2002-11-01,0,0,,0.013,0.219,0.293,-0.133,-0.104,-0.165,-0.277,-0.054,0.141,-0.131,0.117,0.112,-0.064,1.41,1.16,0.82,0.7,0.57,0.68,0.21,0.14,0.11,0.0,-0.14,-0.46,-0.28,0.22,0.36,0.07,-0.05,-0.06,-0.13,-0.19,-0.02,0.37,0.53,0.78,0.66,0.62,11,0
2002-12-01,0,0,,0.147,0.013,0.219,0.293,-0.133,-0.104,-0.165,-0.277,-0.054,0.141,-0.131,0.117,0.112,1.41,1.41,1.16,0.82,0.7,0.57,0.68,0.21,0.14,0.11,0.0,-0.14,-0.46,0.2,0.22,0.36,0.07,-0.05,-0.06,-0.13,-0.19,-0.02,0.37,0.53,0.78,0.66,12,0
2003-01-01,0,0,,-0.034,0.147,0.013,0.219,0.293,-0.133,-0.104,-0.165,-0.277,-0.054,0.141,-0.131,0.117,0.98,1.41,1.41,1.16,0.82,0.7,0.57,0.68,0.21,0.14,0.11,0.0,-0.14,0.27,0.2,0.22,0.36,0.07,-0.05,-0.06,-0.13,-0.19,-0.02,0.37,0.53,0.78,1,0
2003-02-01,0,0,,0.243,-0.034,0.147,0.013,0.219,0.293,-0.133,-0.104,-0.165,-0.277,-0.054,0.141,-0.131,0.64,0.98,1.41,1.41,1.16,0.82,0.7,0.57,0.68,0.21,0.14,0.11,0.0,0.0,0.27,0.2,0.22,0.36,0.07,-0.05,-0.06,-0.13,-0.19,-0.02,0.37,0.53,2,0
2003-03-01,0,0,,0.148,0.243,-0.034,0.147,0.013,0.219,0.293,-0.133,-0.104,-0.165,-0.277,-0.054,0.141,0.48,0.64,0.98,1.41,1.41,1.16,0.82,0.7,0.57,0.68,0.21,0.14,0.11,0.04,0.0,0.27,0.2,0.22,0.36,0.07,-0.05,-0.06,-0.13,-0.19,-0.02,0.37,3,0
2003-04-01,0,0,,0.091,0.148,0.243,-0.034,0.147,0.013,0.219,0.293,-0.133,-0.104,-0.165,-0.277,-0.054,-0.03,0.48,0.64,0.98,1.41,1.41,1.16,0.82,0.7,0.57,0.68,0.21,0.14,0.0,0.04,0.0,0.27,0.2,0.22,0.36,0.07,-0.05,-0.06,-0.13,-0.19,-0.02,4,0
2003-05-01,1,1,17.84243,-0.058,0.091,0.148,0.243,-0.034,0.147,0.013,0.219,0.293,-0.133,-0.104,-0.165,-0.277,-0.52,-0.03,0.48,0.64,0.98,1.41,1.41,1.16,0.82,0.7,0.57,0.68,0.21,0.06,0.0,0.04,0.0,0.27,0.2,0.22,0.36,0.07,-0.05,-0.06,-0.13,-0.19,5,1
2003-06-01,1,5,47.98437,0.157,-0.058,0.091,0.148,0.243,-0.034,0.147,0.013,0.219,0.293,-0.133,-0.104,-0.165,-0.19,-0.52,-0.03,0.48,0.64,0.98,1.41,1.41,1.16,0.82,0.7,0.57,0.68,0.22,0.06,0.0,0.04,0.0,0.27,0.2,0.22,0.36,0.07,-0.05,-0.06,-0.13,6,1
2003-07-01,1,9,61.886044,0.09,0.157,-0.058,0.091,0.148,0.243,-0.034,0.147,0.013,0.219,0.293,-0.133,-0.104,0.14,-0.19,-0.52,-0.03,0.48,0.64,0.98,1.41,1.41,1.16,0.82,0.7,0.57,0.36,0.22,0.06,0.0,0.04,0.0,0.27,0.2,0.22,0.36,0.07,-0.05,-0.06,7,1
2003-08-01,1,7,73.705315,0.021,0.09,0.157,-0.058,0.091,0.148,0.243,-0.034,0.147,0.013,0.219,0.293,-0.133,0.05,0.14,-0.19,-0.52,-0.03,0.48,0.64,0.98,1.41,1.41,1.16,0.82,0.7,0.59,0.36,0.22,0.06,0.0,0.04,0.0,0.27,0.2,0.22,0.36,0.07,-0.05,8,1
2003-09-01,1,7,60.215076,0.055,0.021,0.09,0.157,-0.058,0.091,0.148,0.243,-0.034,0.147,0.013,0.219,0.293,0.15,0.05,0.14,-0.19,-0.52,-0.03,0.48,0.64,0.98,1.41,1.41,1.16,0.82,0.66,0.59,0.36,0.22,0.06,0.0,0.04,0.0,0.27,0.2,0.22,0.36,0.07,9,1
2003-10-01,1,10,32.302406,-0.064,0.055,0.021,0.09,0.157,-0.058,0.091,0.148,0.243,-0.034,0.147,0.013,0.219,0.46,0.15,0.05,0.14,-0.19,-0.52,-0.03,0.48,0.64,0.98,1.41,1.41,1.16,0.8,0.66,0.59,0.36,0.22,0.06,0.0,0.04,0.0,0.27,0.2,0.22,0.36,10,1
2003-11-01,0,0,,-0.11,-0.064,0.055,0.021,0.09,0.157,-0.058,0.091,0.148,0.243,-0.034,0.147,0.013,0.39,0.46,0.15,0.05,0.14,-0.19,-0.52,-0.03,0.48,0.64,0.98,1.41,1.41,0.48,0.8,0.66,0.59,0.36,0.22,0.06,0.0,0.04,0.0,0.27,0.2,0.22,11,0
2003-12-01,0,0,,-0.025,-0.11,-0.064,0.055,0.021,0.09,0.157,-0.058,0.091,0.148,0.243,-0.034,0.147,0.32,0.39,0.46,0.15,0.05,0.14,-0.19,-0.52,-0.03,0.48,0.64,0.98,1.41,0.49,0.48,0.8,0.66,0.59,0.36,0.22,0.06,0.0,0.04,0.0,0.27,0.2,12,0
2004-01-01,0,0,,0.124,-0.025,-0.11,-0.064,0.055,0.021,0.09,0.157,-0.058,0.091,0.148,0.243,-0.034,0.26,0.32,0.39,0.46,0.15,0.05,0.14,-0.19,-0.52,-0.03,0.48,0.64,0.98,0.5,0.49,0.48,0.8,0.66,0.59,0.36,0.22,0.06,0.0,0.04,0.0,0.27,1,0
2004-02-01,0,0,,0.013,0.124,-0.025,-0.11,-0.064,0.055,0.021,0.09,0.157,-0.058,0.091,0.148,0.243,0.17,0.26,0.32,0.39,0.46,0.15,0.05,0.14,-0.19,-0.52,-0.03,0.48,0.64,0.51,0.5,0.49,0.48,0.8,0.66,0.59,0.36,0.22,0.06,0.0,0.04,0.0,2,0
2004-03-01,0,0,,-0.102,0.013,0.124,-0.025,-0.11,-0.064,0.055,0.021,0.09,0.157,-0.058,0.091,0.148,-0.1,0.17,0.26,0.32,0.39,0.46,0.15,0.05,0.14,-0.19,-0.52,-0.03,0.48,0.36,0.51,0.5,0.49,0.48,0.8,0.66,0.59,0.36,0.22,0.06,0.0,0.04,3,0
2004-04-01,0,0,,-0.087,-0.102,0.013,0.124,-0.025,-0.11,-0.064,0.055,0.021,0.09,0.157,-0.058,0.091,0.06,-0.1,0.17,0.26,0.32,0.39,0.46,0.15,0.05,0.14,-0.19,-0.52,-0.03,0.46,0.36,0.51,0.5,0.49,0.48,0.8,0.66,0.59,0.36,0.22,0.06,0.0,4,0
2004-05-01,1,3,25.413275,-0.509,-0.087,-0.102,0.013,0.124,-0.025,-0.11,-0.064,0.055,0.021,0.09,0.157,-0.058,0.1,0.06,-0.1,0.17,0.26,0.32,0.39,0.46,0.15,0.05,0.14,-0.19,-0.52,0.17,0.46,0.36,0.51,0.5,0.49,0.48,0.8,0.66,0.59,0.36,0.22,0.06,5,1
2004-06-01,1,5,33.055424,-0.49,-0.509,-0.087,-0.102,0.013,0.124,-0.025,-0.11,-0.064,0.055,0.021,0.09,0.157,0.14,0.1,0.06,-0.1,0.17,0.26,0.32,0.39,0.46,0.15,0.05,0.14,-0.19,0.27,0.17,0.46,0.36,0.51,0.5,0.49,0.48,0.8,0.66,0.59,0.36,0.22,6,1
2004-07-01,1,7,105.58898,-0.406,-0.49,-0.509,-0.087,-0.102,0.013,0.124,-0.025,-0.11,-0.064,0.055,0.021,0.09,0.41,0.14,0.1,0.06,-0.1,0.17,0.26,0.32,0.39,0.46,0.15,0.05,0.14,0.46,0.27,0.17,0.46,0.36,0.51,0.5,0.49,0.48,0.8,0.66,0.59,0.36,7,1
2004-08-01,1,6,59.35164,-0.138,-0.406,-0.49,-0.509,-0.087,-0.102,0.013,0.124,-0.025,-0.11,-0.064,0.055,0.021,0.66,0.41,0.14,0.1,0.06,-0.1,0.17,0.26,0.32,0.39,0.46,0.15,0.05,0.68,0.46,0.27,0.17,0.46,0.36,0.51,0.5,0.49,0.48,0.8,0.66,0.59,8,1
2004-09-01,1,4,56.380665,-0.084,-0.138,-0.406,-0.49,-0.509,-0.087,-0.102,0.013,0.124,-0.025,-0.11,-0.064,0.055,0.67,0.66,0.41,0.14,0.1,0.06,-0.1,0.17,0.26,0.32,0.39,0.46,0.15,0.59,0.68,0.46,0.27,0.17,0.46,0.36,0.51,0.5,0.49,0.48,0.8,0.66,9,1
2004-10-01,1,5,45.588512,-0.094,-0.084,-0.138,-0.406,-0.49,-0.509,-0.087,-0.102,0.013,0.124,-0.025,-0.11,-0.064,0.73,0.67,0.66,0.41,0.14,0.1,0.06,-0.1,0.17,0.26,0.32,0.39,0.46,0.62,0.59,0.68,0.46,0.27,0.17,0.46,0.36,0.51,0.5,0.49,0.48,0.8,10,1
2004-11-01,1,1,6.004444,-0.049,-0.094,-0.084,-0.138,-0.406,-0.49,-0.509,-0.087,-0.102,0.013,0.124,-0.025,-0.11,0.62,0.73,0.67,0.66,0.41,0.14,0.1,0.06,-0.1,0.17,0.26,0.32,0.39,0.63,0.62,0.59,0.68,0.46,0.27,0.17,0.46,0.36,0.51,0.5,0.49,0.48,11,0
2004-12-01,0,0,,0.033,-0.049,-0.094,-0.084,-0.138,-0.406,-0.49,-0.509,-0.087,-0.102,0.013,0.124,-0.025,0.71,0.62,0.73,0.67,0.66,0.41,0.14,0.1,0.06,-0.1,0.17,0.26,0.32,0.53,0.63,0.62,0.59,0.68,0.46,0.27,0.17,0.46,0.36,0.51,0.5,0.49,12,0
2005-01-01,0,0,,-0.007,0.033,-0.049,-0.094,-0.084,-0.138,-0.406,-0.49,-0.509,-0.087,-0.102,0.013,0.124,0.56,0.71,0.62,0.73,0.67,0.66,0.41,0.14,0.1,0.06,-0.1,0.17,0.26,0.46,0.53,0.63,0.62,0.59,0.68,0.46,0.27,0.17,0.46,0.36,0.51,0.5,1,0
2005-02-01,0,0,,-0.047,-0.007,0.033,-0.049,-0.094,-0.084,-0.138,-0.406,-0.49,-0.509,-0.087,-0.102,0.013,0.26,0.56,0.71,0.62,0.73,0.67,0.66,0.41,0.14,0.1,0.06,-0.1,0.17,0.38,0.46,0.53,0.63,0.62,0.59,0.68,0.46,0.27,0.17,0.46,0.36,0.51,2,0
2005-03-01,0,0,,0.041,-0.047,-0.007,0.033,-0.049,-0.094,-0.084,-0.138,-0.406,-0.49,-0.509,-0.087,-0.102,0.28,0.26,0.56,0.71,0.62,0.73,0.67,0.66,0.41,0.14,0.1,0.06,-0.1,0.68,0.38,0.46,0.53,0.63,0.62,0.59,0.68,0.46,0.27,0.17,0.46,0.36,3,0
2005-04-01,0,0,,0.117,0.041,-0.047,-0.007,0.033,-0.049,-0.094,-0.084,-0.138,-0.406,-0.49,-0.509,-0.087,0.28,0.28,0.26,0.56,0.71,0.62,0.73,0.67,0.66,0.41,0.14,0.1,0.06,0.81,0.68,0.38,0.46,0.53,0.63,0.62,0.59,0.68,0.46,0.27,0.17,0.46,4,0
2005-05-01,1,8,24.990713,0.079,0.117,0.041,-0.047,-0.007,0.033,-0.049,-0.094,-0.084,-0.138,-0.406,-0.49,-0.509,0.3,0.28,0.28,0.26,0.56,0.71,0.62,0.73,0.67,0.66,0.41,0.14,0.1,1.01,0.81,0.68,0.38,0.46,0.53,0.63,0.62,0.59,0.68,0.46,0.27,0.17,5,1
2005-06-01,1,10,36.430725,-0.009,0.079,0.117,0.041,-0.047,-0.007,0.033,-0.049,-0.094,-0.084,-0.138,-0.406,-0.49,0.22,0.3,0.28,0.28,0.26,0.56,0.71,0.62,0.73,0.67,0.66,0.41,0.14,0.92,1.01,0.81,0.68,0.38,0.46,0.53,0.63,0.62,0.59,0.68,0.46,0.27,6,1
2005-07-01,1,9,55.864117,-0.076,-0.009,0.079,0.117,0.041,-0.047,-0.007,0.033,-0.049,-0.094,-0.084,-0.138,-0.406,-0.01,0.22,0.3,0.28,0.28,0.26,0.56,0.71,0.62,0.73,0.67,0.66,0.41,0.84,0.92,1.01,0.81,0.68,0.38,0.46,0.53,0.63,0.62,0.59,0.68,0.46,7,1
2005-08-01,1,6,66.78845,-0.095,-0.076,-0.009,0.079,0.117,0.041,-0.047,-0.007,0.033,-0.049,-0.094,-0.084,-0.138,-0.04,-0.01,0.22,0.3,0.28,0.28,0.26,0.56,0.71,0.62,0.73,0.67,0.66,0.74,0.84,0.92,1.01,0.81,0.68,0.38,0.46,0.53,0.63,0.62,0.59,0.68,8,1
2005-09-01,1,6,79.86,-0.103,-0.095,-0.076,-0.009,0.079,0.117,0.041,-0.047,-0.007,0.033,-0.049,-0.094,-0.084,-0.08,-0.04,-0.01,0.22,0.3,0.28,0.28,0.26,0.56,0.71,0.62,0.73,0.67,0.73,0.74,0.84,0.92,1.01,0.81,0.68,0.38,0.46,0.53,0.63,0.62,0.59,9,1
2005-10-01,1,9,80.75924,-0.169,-0.103,-0.095,-0.076,-0.009,0.079,0.117,0.041,-0.047,-0.007,0.033,-0.049,-0.094,-0.15,-0.08,-0.04,-0.01,0.22,0.3,0.28,0.28,0.26,0.56,0.71,0.62,0.73,0.54,0.73,0.74,0.84,0.92,1.01,0.81,0.68,0.38,0.46,0.53,0.63,0.62,10,1
2005-11-01,0,0,,-0.253,-0.169,-0.103,-0.095,-0.076,-0.009,0.079,0.117,0.041,-0.047,-0.007,0.033,-0.049,-0.44,-0.15,-0.08,-0.04,-0.01,0.22,0.3,0.28,0.28,0.26,0.56,0.71,0.62,0.4,0.54,0.73,0.74,0.84,0.92,1.01,0.81,0.68,0.38,0.46,0.53,0.63,11,0
2005-12-01,0,0,,-0.406,-0.253,-0.169,-0.103,-0.095,-0.076,-0.009,0.079,0.117,0.041,-0.047,-0.007,0.033,-0.75,-0.44,-0.15,-0.08,-0.04,-0.01,0.22,0.3,0.28,0.28,0.26,0.56,0.71,0.55,0.4,0.54,0.73,0.74,0.84,0.92,1.01,0.81,0.68,0.38,0.46,0.53,12,0
2006-01-01,0,0,,-0.407,-0.406,-0.253,-0.169,-0.103,-0.095,-0.076,-0.009,0.079,0.117,0.041,-0.047,-0.007,-0.98,-0.75,-0.44,-0.15,-0.08,-0.04,-0.01,0.22,0.3,0.28,0.28,0.26,0.56,0.41,0.55,0.4,0.54,0.73,0.74,0.84,0.92,1.01,0.81,0.68,0.38,0.46,1,0
2006-02-01,0,0,,-0.256,-0.407,-0.406,-0.253,-0.169,-0.103,-0.095,-0.076,-0.009,0.079,0.117,0.041,-0.047,-0.71,-0.98,-0.75,-0.44,-0.15,-0.08,-0.04,-0.01,0.22,0.3,0.28,0.28,0.26,0.19,0.41,0.55,0.4,0.54,0.73,0.74,0.84,0.92,1.01,0.81,0.68,0.38,2,0
2006-03-01,0,0,,-0.242,-0.256,-0.407,-0.406,-0.253,-0.169,-0.103,-0.095,-0.076,-0.009,0.079,0.117,0.041,-0.73,-0.71,-0.98,-0.75,-0.44,-0.15,-0.08,-0.04,-0.01,0.22,0.3,0.28,0.28,0.18,0.19,0.41,0.55,0.4,0.54,0.73,0.74,0.84,0.92,1.01,0.81,0.68,3,0
2006-04-01,0,0,,-0.155,-0.242,-0.256,-0.407,-0.406,-0.253,-0.169,-0.103,-0.095,-0.076,-0.009,0.079,0.117,-0.3,-0.73,-0.71,-0.98,-0.75,-0.44,-0.15,-0.08,-0.04,-0.01,0.22,0.3,0.28,0.41,0.18,0.19,0.41,0.55,0.4,0.54,0.73,0.74,0.84,0.92,1.01,0.81,4,0
2006-05-01,1,1,12.386927,-0.111,-0.155,-0.242,-0.256,-0.407,-0.406,-0.253,-0.169,-0.103,-0.095,-0.076,-0.009,0.079,-0.11,-0.3,-0.73,-0.71,-0.98,-0.75,-0.44,-0.15,-0.08,-0.04,-0.01,0.22,0.3,0.43,0.41,0.18,0.19,0.41,0.55,0.4,0.54,0.73,0.74,0.84,0.92,1.01,5,1
2006-06-01,1,9,33.498234,-0.122,-0.111,-0.155,-0.242,-0.256,-0.407,-0.406,-0.253,-0.169,-0.103,-0.095,-0.076,-0.009,0.09,-0.11,-0.3,-0.73,-0.71,-0.98,-0.75,-0.44,-0.15,-0.08,-0.04,-0.01,0.22,0.52,0.43,0.41,0.18,0.19,0.41,0.55,0.4,0.54,0.73,0.74,0.84,0.92,6,1
2006-07-01,1,6,49.142776,-0.068,-0.122,-0.111,-0.155,-0.242,-0.256,-0.407,-0.406,-0.253,-0.169,-0.103,-0.095,-0.076,0.03,0.09,-0.11,-0.3,-0.73,-0.71,-0.98,-0.75,-0.44,-0.15,-0.08,-0.04,-0.01,0.36,0.52,0.43,0.41,0.18,0.19,0.41,0.55,0.4,0.54,0.73,0.74,0.84,7,1
2006-08-01,1,5,89.12944,0.062,-0.068,-0.122,-0.111,-0.155,-0.242,-0.256,-0.407,-0.406,-0.253,-0.169,-0.103,-0.095,0.37,0.03,0.09,-0.11,-0.3,-0.73,-0.71,-0.98,-0.75,-0.44,-0.15,-0.08,-0.04,0.53,0.36,0.52,0.43,0.41,0.18,0.19,0.41,0.55,0.4,0.54,0.73,0.74,8,1
2006-09-01,1,4,73.27029,0.006,0.062,-0.068,-0.122,-0.111,-0.155,-0.242,-0.256,-0.407,-0.406,-0.253,-0.169,-0.103,0.63,0.37,0.03,0.09,-0.11,-0.3,-0.73,-0.71,-0.98,-0.75,-0.44,-0.15,-0.08,0.69,0.53,0.36,0.52,0.43,0.41,0.18,0.19,0.41,0.55,0.4,0.54,0.73,9,1
2006-10-01,1,4,50.07188,0.039,0.006,0.062,-0.068,-0.122,-0.111,-0.155,-0.242,-0.256,-0.407,-0.406,-0.253,-0.169,0.76,0.63,0.37,0.03,0.09,-0.11,-0.3,-0.73,-0.71,-0.98,-0.75,-0.44,-0.15,0.74,0.69,0.53,0.36,0.52,0.43,0.41,0.18,0.19,0.41,0.55,0.4,0.54,10,1
2006-11-01,0,0,,0.254,0.039,0.006,0.062,-0.068,-0.122,-0.111,-0.155,-0.242,-0.256,-0.407,-0.406,-0.253,0.98,0.76,0.63,0.37,0.03,0.09,-0.11,-0.3,-0.73,-0.71,-0.98,-0.75,-0.44,0.71,0.74,0.69,0.53,0.36,0.52,0.43,0.41,0.18,0.19,0.41,0.55,0.4,11,0
2006-12-01,0,0,,0.251,0.254,0.039,0.006,0.062,-0.068,-0.122,-0.111,-0.155,-0.242,-0.256,-0.407,-0.406,1.1,0.98,0.76,0.63,0.37,0.03,0.09,-0.11,-0.3,-0.73,-0.71,-0.98,-0.75,0.47,0.71,0.74,0.69,0.53,0.36,0.52,0.43,0.41,0.18,0.19,0.41,0.55,12,0
2007-01-01,0,0,,0.25,0.251,0.254,0.039,0.006,0.062,-0.068,-0.122,-0.111,-0.155,-0.242,-0.256,-0.407,0.59,1.1,0.98,0.76,0.63,0.37,0.03,0.09,-0.11,-0.3,-0.73,-0.71,-0.98,0.46,0.47,0.71,0.74,0.69,0.53,0.36,0.52,0.43,0.41,0.18,0.19,0.41,1,0
2007-02-01,0,0,,0.278,0.25,0.251,0.254,0.039,0.006,0.062,-0.068,-0.122,-0.111,-0.155,-0.242,-0.256,0.12,0.59,1.1,0.98,0.76,0.63,0.37,0.03,0.09,-0.11,-0.3,-0.73,-0.71,0.56,0.46,0.47,0.71,0.74,0.69,0.53,0.36,0.52,0.43,0.41,0.18,0.19,2,0
2007-03-01,0,0,,0.069,0.278,0.25,0.251,0.254,0.039,0.006,0.062,-0.068,-0.122,-0.111,-0.155,-0.242,-0.15,0.12,0.59,1.1,0.98,0.76,0.63,0.37,0.03,0.09,-0.11,-0.3,-0.73,0.33,0.56,0.46,0.47,0.71,0.74,0.69,0.53,0.36,0.52,0.43,0.41,0.18,3,0
2007-04-01,0,0,,0.045,0.069,0.278,0.25,0.251,0.254,0.039,0.006,0.062,-0.068,-0.122,-0.111,-0.155,-0.16,-0.15,0.12,0.59,1.1,0.98,0.76,0.63,0.37,0.03,0.09,-0.11,-0.3,0.4,0.33,0.56,0.46,0.47,0.71,0.74,0.69,0.53,0.36,0.52,0.43,0.41,4,0
2007-05-01,1,2,18.814966,0.176,0.045,0.069,0.278,0.25,0.251,0.254,0.039,0.006,0.062,-0.068,-0.122,-0.111,-0.39,-0.16,-0.15,0.12,0.59,1.1,0.98,0.76,0.63,0.37,0.03,0.09,-0.11,0.21,0.4,0.33,0.56,0.46,0.47,0.71,0.74,0.69,0.53,0.36,0.52,0.43,5,1
2007-06-01,1,3,31.810509,0.211,0.176,0.045,0.069,0.278,0.25,0.251,0.254,0.039,0.006,0.062,-0.068,-0.122,-0.16,-0.39,-0.16,-0.15,0.12,0.59,1.1,0.98,0.76,0.63,0.37,0.03,0.09,0.16,0.21,0.4,0.33,0.56,0.46,0.47,0.71,0.74,0.69,0.53,0.36,0.52,6,1
2007-07-01,1,7,60.392784,-0.017,0.211,0.176,0.045,0.069,0.278,0.25,0.251,0.254,0.039,0.006,0.062,-0.068,-0.37,-0.16,-0.39,-0.16,-0.15,0.12,0.59,1.1,0.98,0.76,0.63,0.37,0.03,0.09,0.16,0.21,0.4,0.33,0.56,0.46,0.47,0.71,0.74,0.69,0.53,0.36,7,1
2007-08-01,1,7,67.44543,0.122,-0.017,0.211,0.176,0.045,0.069,0.278,0.25,0.251,0.254,0.039,0.006,0.062,-0.57,-0.37,-0.16,-0.39,-0.16,-0.15,0.12,0.59,1.1,0.98,0.76,0.63,0.37,0.01,0.09,0.16,0.21,0.4,0.33,0.56,0.46,0.47,0.71,0.74,0.69,0.53,8,1
2007-09-01,1,3,56.86829,0.041,0.122,-0.017,0.211,0.176,0.045,0.069,0.278,0.25,0.251,0.254,0.039,0.006,-1.04,-0.57,-0.37,-0.16,-0.39,-0.16,-0.15,0.12,0.59,1.1,0.98,0.76,0.63,0.11,0.01,0.09,0.16,0.21,0.4,0.33,0.56,0.46,0.47,0.71,0.74,0.69,9,1
2007-10-01,1,5,40.76773,-0.141,0.041,0.122,-0.017,0.211,0.176,0.045,0.069,0.278,0.25,0.251,0.254,0.039,-1.4,-1.04,-0.57,-0.37,-0.16,-0.39,-0.16,-0.15,0.12,0.59,1.1,0.98,0.76,0.24,0.11,0.01,0.09,0.16,0.21,0.4,0.33,0.56,0.46,0.47,0.71,0.74,10,1
2007-11-01,1,1,7.696461,-0.224,-0.141,0.041,0.122,-0.017,0.211,0.176,0.045,0.069,0.278,0.25,0.251,0.254,-1.58,-1.4,-1.04,-0.57,-0.37,-0.16,-0.39,-0.16,-0.15,0.12,0.59,1.1,0.98,0.24,0.24,0.11,0.01,0.09,0.16,0.21,0.4,0.33,0.56,0.46,0.47,0.71,11,0
2007-12-01,0,0,,-0.254,-0.224,-0.141,0.041,0.122,-0.017,0.211,0.176,0.045,0.069,0.278,0.25,0.251,-1.61,-1.58,-1.4,-1.04,-0.57,-0.37,-0.16,-0.39,-0.16,-0.15,0.12,0.59,1.1,0.09,0.24,0.24,0.11,0.01,0.09,0.16,0.21,0.4,0.33,0.56,0.46,0.47,12,0
2008-01-01,0,0,,-0.052,-0.254,-0.224,-0.141,0.041,0.122,-0.017,0.211,0.176,0.045,0.069,0.278,0.25,-1.79,-1.61,-1.58,-1.4,-1.04,-0.57,-0.37,-0.16,-0.39,-0.16,-0.15,0.12,0.59,0.14,0.09,0.24,0.24,0.11,0.01,0.09,0.16,0.21,0.4,0.33,0.56,0.46,1,0
2008-02-01,0,0,,-0.363,-0.052,-0.254,-0.224,-0.141,0.041,0.122,-0.017,0.211,0.176,0.045,0.069,0.278,-1.7,-1.79,-1.61,-1.58,-1.4,-1.04,-0.57,-0.37,-0.16,-0.39,-0.16,-0.15,0.12,0.18,0.14,0.09,0.24,0.24,0.11,0.01,0.09,0.16,0.21,0.4,0.33,0.56,2,0
2008-03-01,0,0,,-0.481,-0.363,-0.052,-0.254,-0.224,-0.141,0.041,0.122,-0.017,0.211,0.176,0.045,0.069,-1.17,-1.7,-1.79,-1.61,-1.58,-1.4,-1.04,-0.57,-0.37,-0.16,-0.39,-0.16,-0.15,0.27,0.18,0.14,0.09,0.24,0.24,0.11,0.01,0.09,0.16,0.21,0.4,0.33,3,0
2008-04-01,0,0,,-0.497,-0.481,-0.363,-0.052,-0.254,-0.224,-0.141,0.041,0.122,-0.017,0.211,0.176,0.045,-0.89,-1.17,-1.7,-1.79,-1.61,-1.58,-1.4,-1.04,-0.57,-0.37,-0.16,-0.39,-0.16,0.09,0.27,0.18,0.14,0.09,0.24,0.24,0.11,0.01,0.09,0.16,0.21,0.4,4,0
2008-05-01,1,3,26.832903,-0.334,-0.497,-0.481,-0.363,-0.052,-0.254,-0.224,-0.141,0.041,0.122,-0.017,0.211,0.176,-0.64,-0.89,-1.17,-1.7,-1.79,-1.61,-1.58,-1.4,-1.04,-0.57,-0.37,-0.16,-0.39,0.28,0.09,0.27,0.18,0.14,0.09,0.24,0.24,0.11,0.01,0.09,0.16,0.21,5,1
2008-06-01,1,8,51.119328,-0.209,-0.334,-0.497,-0.481,-0.363,-0.052,-0.254,-0.224,-0.141,0.041,0.122,-0.017,0.211,-0.44,-0.64,-0.89,-1.17,-1.7,-1.79,-1.61,-1.58,-1.4,-1.04,-0.57,-0.37,-0.16,0.39,0.28,0.09,0.27,0.18,0.14,0.09,0.24,0.24,0.11,0.01,0.09,0.16,6,1
2008-07-01,1,6,61.390038,-0.166,-0.209,-0.334,-0.497,-0.481,-0.363,-0.052,-0.254,-0.224,-0.141,0.041,0.122,-0.017,-0.04,-0.44,-0.64,-0.89,-1.17,-1.7,-1.79,-1.61,-1.58,-1.4,-1.04,-0.57,-0.37,0.45,0.39,0.28,0.09,0.27,0.18,0.14,0.09,0.24,0.24,0.11,0.01,0.09,7,1
2008-08-01,1,11,97.309105,-0.064,-0.166,-0.209,-0.334,-0.497,-0.481,-0.363,-0.052,-0.254,-0.224,-0.141,0.041,0.122,-0.04,-0.04,-0.44,-0.64,-0.89,-1.17,-1.7,-1.79,-1.61,-1.58,-1.4,-1.04,-0.57,0.45,0.45,0.39,0.28,0.09,0.27,0.18,0.14,0.09,0.24,0.24,0.11,0.01,8,1
2008-09-01,1,6,47.39052,0.144,-0.064,-0.166,-0.209,-0.334,-0.497,-0.481,-0.363,-0.052,-0.254,-0.224,-0.141,0.041,-0.28,-0.04,-0.04,-0.44,-0.64,-0.89,-1.17,-1.7,-1.79,-1.61,-1.58,-1.4,-1.04,0.57,0.45,0.45,0.39,0.28,0.09,0.27,0.18,0.14,0.09,0.24,0.24,0.11,9,1
2008-10-01,1,8,38.12434,0.036,0.144,-0.064,-0.166,-0.209,-0.334,-0.497,-0.481,-0.363,-0.052,-0.254,-0.224,-0.141,-0.3,-0.28,-0.04,-0.04,-0.44,-0.64,-0.89,-1.17,-1.7,-1.79,-1.61,-1.58,-1.4,0.43,0.57,0.45,0.45,0.39,0.28,0.09,0.27,0.18,0.14,0.09,0.24,0.24,10,1
2008-11-01,1,1,7.7275653,-0.116,0.036,0.144,-0.064,-0.166,-0.209,-0.334,-0.497,-0.481,-0.363,-0.052,-0.254,-0.224,-0.37,-0.3,-0.28,-0.04,-0.04,-0.44,-0.64,-0.89,-1.17,-1.7,-1.79,-1.61,-1.58,0.27,0.43,0.57,0.45,0.45,0.39,0.28,0.09,0.27,0.18,0.14,0.09,0.24,11,0
2008-12-01,0,0,,-0.158,-0.116,0.036,0.144,-0.064,-0.166,-0.209,-0.334,-0.497,-0.481,-0.363,-0.052,-0.254,-0.9,-0.37,-0.3,-0.28,-0.04,-0.04,-0.44,-0.64,-0.89,-1.17,-1.7,-1.79,-1.61,0.26,0.27,0.43,0.57,0.45,0.45,0.39,0.28,0.09,0.27,0.18,0.14,0.09,12,0
2009-01-01,0,0,,-0.093,-0.158,-0.116,0.036,0.144,-0.064,-0.166,-0.209,-0.334,-0.497,-0.481,-0.363,-0.052,-1.0,-0.9,-0.37,-0.3,-0.28,-0.04,-0.04,-0.44,-0.64,-0.89,-1.17,-1.7,-1.79,0.07,0.26,0.27,0.43,0.57,0.45,0.45,0.39,0.28,0.09,0.27,0.18,0.14,1,0
2009-02-01,0,0,,-0.042,-0.093,-0.158,-0.116,0.036,0.144,-0.064,-0.166,-0.209,-0.334,-0.497,-0.481,-0.363,-0.71,-1.0,-0.9,-0.37,-0.3,-0.28,-0.04,-0.04,-0.44,-0.64,-0.89,-1.17,-1.7,-0.37,0.07,0.26,0.27,0.43,0.57,0.45,0.45,0.39,0.28,0.09,0.27,0.18,2,0
2009-03-01,0,0,,0.034,-0.042,-0.093,-0.158,-0.116,0.036,0.144,-0.064,-0.166,-0.209,-0.334,-0.497,-0.481,-0.72,-0.71,-1.0,-0.9,-0.37,-0.3,-0.28,-0.04,-0.04,-0.44,-0.64,-0.89,-1.17,-0.34,-0.37,0.07,0.26,0.27,0.43,0.57,0.45,0.45,0.39,0.28,0.09,0.27,3,0
2009-04-01,0,0,,-0.054,0.034,-0.042,-0.093,-0.158,-0.116,0.036,0.144,-0.064,-0.166,-0.209,-0.334,-0.497,-0.25,-0.72,-0.71,-1.0,-0.9,-0.37,-0.3,-0.28,-0.04,-0.04,-0.44,-0.64,-0.89,-0.31,-0.34,-0.37,0.07,0.26,0.27,0.43,0.57,0.45,0.45,0.39,0.28,0.09,4,0
2009-05-01,1,5,26.902336,0.069,-0.054,0.034,-0.042,-0.093,-0.158,-0.116,0.036,0.144,-0.064,-0.166,-0.209,-0.334,0.17,-0.25,-0.72,-0.71,-1.0,-0.9,-0.37,-0.3,-0.28,-0.04,-0.04,-0.44,-0.64,-0.23,-0.31,-0.34,-0.37,0.07,0.26,0.27,0.43,0.57,0.45,0.45,0.39,0.28,5,1
2009-06-01,1,6,49.653984,0.225,0.069,-0.054,0.034,-0.042,-0.093,-0.158,-0.116,0.036,0.144,-0.064,-0.166,-0.209,0.49,0.17,-0.25,-0.72,-0.71,-1.0,-0.9,-0.37,-0.3,-0.28,-0.04,-0.04,-0.44,0.05,-0.23,-0.31,-0.34,-0.37,0.07,0.26,0.27,0.43,0.57,0.45,0.45,0.39,6,1
2009-07-01,1,8,53.501957,0.184,0.225,0.069,-0.054,0.034,-0.042,-0.093,-0.158,-0.116,0.036,0.144,-0.064,-0.166,0.69,0.49,0.17,-0.25,-0.72,-0.71,-1.0,-0.9,-0.37,-0.3,-0.28,-0.04,-0.04,0.45,0.05,-0.23,-0.31,-0.34,-0.37,0.07,0.26,0.27,0.43,0.57,0.45,0.45,7,1
2009-08-01,1,6,132.5725,0.257,0.184,0.225,0.069,-0.054,0.034,-0.042,-0.093,-0.158,-0.116,0.036,0.144,-0.064,0.62,0.69,0.49,0.17,-0.25,-0.72,-0.71,-1.0,-0.9,-0.37,-0.3,-0.28,-0.04,0.41,0.45,0.05,-0.23,-0.31,-0.34,-0.37,0.07,0.26,0.27,0.43,0.57,0.45,8,1
2009-09-01,1,8,57.791245,0.123,0.257,0.184,0.225,0.069,-0.054,0.034,-0.042,-0.093,-0.158,-0.116,0.036,0.144,0.68,0.62,0.69,0.49,0.17,-0.25,-0.72,-0.71,-1.0,-0.9,-0.37,-0.3,-0.28,0.35,0.41,0.45,0.05,-0.23,-0.31,-0.34,-0.37,0.07,0.26,0.27,0.43,0.57,9,1
2009-10-01,1,4,23.40087,0.293,0.123,0.257,0.184,0.225,0.069,-0.054,0.034,-0.042,-0.093,-0.158,-0.116,0.036,0.96,0.68,0.62,0.69,0.49,0.17,-0.25,-0.72,-0.71,-1.0,-0.9,-0.37,-0.3,0.63,0.35,0.41,0.45,0.05,-0.23,-0.31,-0.34,-0.37,0.07,0.26,0.27,0.43,10,1
2009-11-01,1,1,20.671108,0.129,0.293,0.123,0.257,0.184,0.225,0.069,-0.054,0.034,-0.042,-0.093,-0.158,-0.116,1.49,0.96,0.68,0.62,0.69,0.49,0.17,-0.25,-0.72,-0.71,-1.0,-0.9,-0.37,0.51,0.63,0.35,0.41,0.45,0.05,-0.23,-0.31,-0.34,-0.37,0.07,0.26,0.27,11,0
2009-12-01,0,0,,0.368,0.129,0.293,0.123,0.257,0.184,0.225,0.069,-0.054,0.034,-0.042,-0.093,-0.158,1.81,1.49,0.96,0.68,0.62,0.69,0.49,0.17,-0.25,-0.72,-0.71,-1.0,-0.9,0.54,0.51,0.63,0.35,0.41,0.45,0.05,-0.23,-0.31,-0.34,-0.37,0.07,0.26,12,0
2010-01-01,0,0,,0.384,0.368,0.129,0.293,0.123,0.257,0.184,0.225,0.069,-0.054,0.034,-0.042,-0.093,1.43,1.81,1.49,0.96,0.68,0.62,0.69,0.49,0.17,-0.25,-0.72,-0.71,-1.0,0.8,0.54,0.51,0.63,0.35,0.41,0.45,0.05,-0.23,-0.31,-0.34,-0.37,0.07,1,0
2010-02-01,0,0,,0.498,0.384,0.368,0.129,0.293,0.123,0.257,0.184,0.225,0.069,-0.054,0.034,-0.042,1.18,1.43,1.81,1.49,0.96,0.68,0.62,0.69,0.49,0.17,-0.25,-0.72,-0.71,1.07,0.8,0.54,0.51,0.63,0.35,0.41,0.45,0.05,-0.23,-0.31,-0.34,-0.37,2,0
2010-03-01,0,0,,0.598,0.498,0.384,0.368,0.129,0.293,0.123,0.257,0.184,0.225,0.069,-0.054,0.034,1.07,1.18,1.43,1.81,1.49,0.96,0.68,0.62,0.69,0.49,0.17,-0.25,-0.72,1.27,1.07,0.8,0.54,0.51,0.63,0.35,0.41,0.45,0.05,-0.23,-0.31,-0.34,3,0
2010-04-01,1,2,8.576926,0.594,0.598,0.498,0.384,0.368,0.129,0.293,0.123,0.257,0.184,0.225,0.069,-0.054,0.56,1.07,1.18,1.43,1.81,1.49,0.96,0.68,0.62,0.69,0.49,0.17,-0.25,1.4,1.27,1.07,0.8,0.54,0.51,0.63,0.35,0.41,0.45,0.05,-0.23,-0.31,4,0
2010-05-01,1,3,26.000551,0.284,0.594,0.598,0.498,0.384,0.368,0.129,0.293,0.123,0.257,0.184,0.225,0.069,-0.15,0.56,1.07,1.18,1.43,1.81,1.49,0.96,0.68,0.62,0.69,0.49,0.17,1.35,1.4,1.27,1.07,0.8,0.54,0.51,0.63,0.35,0.41,0.45,0.05,-0.23,5,1
2010-06-01,1,9,38.11913,0.18,0.284,0.594,0.598,0.498,0.384,0.368,0.129,0.293,0.123,0.257,0.184,0.225,-0.62,-0.15,0.56,1.07,1.18,1.43,1.81,1.49,0.96,0.68,0.62,0.69,0.49,1.11,1.35,1.4,1.27,1.07,0.8,0.54,0.51,0.63,0.35,0.41,0.45,0.05,6,1
2010-07-01,1,9,65.47892,0.248,0.18,0.284,0.594,0.598,0.498,0.384,0.368,0.129,0.293,0.123,0.257,0.184,-0.89,-0.62,-0.15,0.56,1.07,1.18,1.43,1.81,1.49,0.96,0.68,0.62,0.69,1.01,1.11,1.35,1.4,1.27,1.07,0.8,0.54,0.51,0.63,0.35,0.41,0.45,7,1
2010-08-01,1,8,77.8258,0.17,0.248,0.18,0.284,0.594,0.598,0.498,0.384,0.368,0.129,0.293,0.123,0.257,-1.33,-0.89,-0.62,-0.15,0.56,1.07,1.18,1.43,1.81,1.49,0.96,0.68,0.62,0.97,1.01,1.11,1.35,1.4,1.27,1.07,0.8,0.54,0.51,0.63,0.35,0.41,8,1
2010-09-01,1,14,86.8048,-0.128,0.17,0.248,0.18,0.284,0.594,0.598,0.498,0.384,0.368,0.129,0.293,0.123,-1.56,-1.33,-0.89,-0.62,-0.15,0.56,1.07,1.18,1.43,1.81,1.49,0.96,0.68,0.75,0.97,1.01,1.11,1.35,1.4,1.27,1.07,0.8,0.54,0.51,0.63,0.35,9,1
2010-10-01,1,7,39.752605,-0.079,-0.128,0.17,0.248,0.18,0.284,0.594,0.598,0.498,0.384,0.368,0.129,0.293,-1.65,-1.56,-1.33,-0.89,-0.62,-0.15,0.56,1.07,1.18,1.43,1.81,1.49,0.96,0.77,0.75,0.97,1.01,1.11,1.35,1.4,1.27,1.07,0.8,0.54,0.51,0.63,10,1
2010-11-01,0,0,,-0.254,-0.079,-0.128,0.17,0.248,0.18,0.284,0.594,0.598,0.498,0.384,0.368,0.129,-1.57,-1.65,-1.56,-1.33,-0.89,-0.62,-0.15,0.56,1.07,1.18,1.43,1.81,1.49,0.7,0.77,0.75,0.97,1.01,1.11,1.35,1.4,1.27,1.07,0.8,0.54,0.51,11,0
2010-12-01,0,0,,-0.254,-0.254,-0.079,-0.128,0.17,0.248,0.18,0.284,0.594,0.598,0.498,0.384,0.368,-1.63,-1.57,-1.65,-1.56,-1.33,-0.89,-0.62,-0.15,0.56,1.07,1.18,1.43,1.81,0.96,0.7,0.77,0.75,0.97,1.01,1.11,1.35,1.4,1.27,1.07,0.8,0.54,12,0
2011-01-01,0,0,,-0.243,-0.254,-0.254,-0.079,-0.128,0.17,0.248,0.18,0.284,0.594,0.598,0.498,0.384,-1.7,-1.63,-1.57,-1.65,-1.56,-1.33,-0.89,-0.62,-0.15,0.56,1.07,1.18,1.43,0.97,0.96,0.7,0.77,0.75,0.97,1.01,1.11,1.35,1.4,1.27,1.07,0.8,1,0
2011-02-01,0,0,,-0.148,-0.243,-0.254,-0.254,-0.079,-0.128,0.17,0.248,0.18,0.284,0.594,0.598,0.498,-1.26,-1.7,-1.63,-1.57,-1.65,-1.56,-1.33,-0.89,-0.62,-0.15,0.56,1.07,1.18,0.53,0.97,0.96,0.7,0.77,0.75,0.97,1.01,1.11,1.35,1.4,1.27,1.07,2,0
2011-03-01,0,0,,-0.123,-0.148,-0.243,-0.254,-0.254,-0.079,-0.128,0.17,0.248,0.18,0.284,0.594,0.598,-0.98,-1.26,-1.7,-1.63,-1.57,-1.65,-1.56,-1.33,-0.89,-0.62,-0.15,0.56,1.07,0.41,0.53,0.97,0.96,0.7,0.77,0.75,0.97,1.01,1.11,1.35,1.4,1.27,3,0
2011-04-01,0,0,,-0.313,-0.123,-0.148,-0.243,-0.254,-0.254,-0.079,-0.128,0.17,0.248,0.18,0.284,0.594,-0.74,-0.98,-1.26,-1.7,-1.63,-1.57,-1.65,-1.56,-1.33,-0.89,-0.62,-0.15,0.56,0.33,0.41,0.53,0.97,0.96,0.7,0.77,0.75,0.97,1.01,1.11,1.35,1.4,4,0
2011-05-01,1,2,12.3364525,-0.274,-0.313,-0.123,-0.148,-0.243,-0.254,-0.254,-0.079,-0.128,0.17,0.248,0.18,0.284,-0.53,-0.74,-0.98,-1.26,-1.7,-1.63,-1.57,-1.65,-1.56,-1.33,-0.89,-0.62,-0.15,0.41,0.33,0.41,0.53,0.97,0.96,0.7,0.77,0.75,0.97,1.01,1.11,1.35,5,1
2011-06-01,1,7,30.026367,-0.084,-0.274,-0.313,-0.123,-0.148,-0.243,-0.254,-0.254,-0.079,-0.128,0.17,0.248,0.18,-0.25,-0.53,-0.74,-0.98,-1.26,-1.7,-1.63,-1.57,-1.65,-1.56,-1.33,-0.89,-0.62,0.59,0.41,0.33,0.41,0.53,0.97,0.96,0.7,0.77,0.75,0.97,1.01,1.11,6,1
2011-07-01,1,5,73.51543,-0.05,-0.084,-0.274,-0.313,-0.123,-0.148,-0.243,-0.254,-0.254,-0.079,-0.128,0.17,0.248,-0.23,-0.25,-0.53,-0.74,-0.98,-1.26,-1.7,-1.63,-1.57,-1.65,-1.56,-1.33,-0.89,0.43,0.59,0.41,0.33,0.41,0.53,0.97,0.96,0.7,0.77,0.75,0.97,1.01,7,1
2011-08-01,1,7,129.83322,0.121,-0.05,-0.084,-0.274,-0.313,-0.123,-0.148,-0.243,-0.254,-0.254,-0.079,-0.128,0.17,-0.66,-0.23,-0.25,-0.53,-0.74,-0.98,-1.26,-1.7,-1.63,-1.57,-1.65,-1.56,-1.33,0.49,0.43,0.59,0.41,0.33,0.41,0.53,0.97,0.96,0.7,0.77,0.75,0.97,8,1
2011-09-01,1,4,48.71471,0.014,0.121,-0.05,-0.084,-0.274,-0.313,-0.123,-0.148,-0.243,-0.254,-0.254,-0.079,-0.128,-0.76,-0.66,-0.23,-0.25,-0.53,-0.74,-0.98,-1.26,-1.7,-1.63,-1.57,-1.65,-1.56,0.36,0.49,0.43,0.59,0.41,0.33,0.41,0.53,0.97,0.96,0.7,0.77,0.75,9,1
2011-10-01,1,3,38.068504,0.169,0.014,0.121,-0.05,-0.084,-0.274,-0.313,-0.123,-0.148,-0.243,-0.254,-0.254,-0.079,-0.93,-0.76,-0.66,-0.23,-0.25,-0.53,-0.74,-0.98,-1.26,-1.7,-1.63,-1.57,-1.65,0.44,0.36,0.49,0.43,0.59,0.41,0.33,0.41,0.53,0.97,0.96,0.7,0.77,10,1
2011-11-01,0,0,,0.185,0.169,0.014,0.121,-0.05,-0.084,-0.274,-0.313,-0.123,-0.148,-0.243,-0.254,-0.254,-1.09,-0.93,-0.76,-0.66,-0.23,-0.25,-0.53,-0.74,-0.98,-1.26,-1.7,-1.63,-1.57,0.21,0.44,0.36,0.49,0.43,0.59,0.41,0.33,0.41,0.53,0.97,0.96,0.7,11,0
2011-12-01,0,0,,-0.027,0.185,0.169,0.014,0.121,-0.05,-0.084,-0.274,-0.313,-0.123,-0.148,-0.243,-0.254,-1.05,-1.09,-0.93,-0.76,-0.66,-0.23,-0.25,-0.53,-0.74,-0.98,-1.26,-1.7,-1.63,0.23,0.21,0.44,0.36,0.49,0.43,0.59,0.41,0.33,0.41,0.53,0.97,0.96,12,0
2012-01-01,0,0,,-0.113,-0.027,0.185,0.169,0.014,0.121,-0.05,-0.084,-0.274,-0.313,-0.123,-0.148,-0.243,-0.93,-1.05,-1.09,-0.93,-0.76,-0.66,-0.23,-0.25,-0.53,-0.74,-0.98,-1.26,-1.7,0.16,0.23,0.21,0.44,0.36,0.49,0.43,0.59,0.41,0.33,0.41,0.53,0.97,1,0
2012-02-01,0,0,,-0.229,-0.113,-0.027,0.185,0.169,0.014,0.121,-0.05,-0.084,-0.274,-0.313,-0.123,-0.148,-0.61,-0.93,-1.05,-1.09,-0.93,-0.76,-0.66,-0.23,-0.25,-0.53,-0.74,-0.98,-1.26,-0.02,0.16,0.23,0.21,0.44,0.36,0.49,0.43,0.59,0.41,0.33,0.41,0.53,2,0
2012-03-01,0,0,,-0.254,-0.229,-0.113,-0.027,0.185,0.169,0.014,0.121,-0.05,-0.084,-0.274,-0.313,-0.123,-0.48,-0.61,-0.93,-1.05,-1.09,-0.93,-0.76,-0.66,-0.23,-0.25,-0.53,-0.74,-0.98,-0.26,-0.02,0.16,0.23,0.21,0.44,0.36,0.49,0.43,0.59,0.41,0.33,0.41,3,0
2012-04-01,0,0,,-0.245,-0.254,-0.229,-0.113,-0.027,0.185,0.169,0.014,0.121,-0.05,-0.084,-0.274,-0.313,-0.29,-0.48,-0.61,-0.93,-1.05,-1.09,-0.93,-0.76,-0.66,-0.23,-0.25,-0.53,-0.74,-0.17,-0.26,-0.02,0.16,0.23,0.21,0.44,0.36,0.49,0.43,0.59,0.41,0.33,4,0
2012-05-01,1,5,26.485157,-0.083,-0.245,-0.254,-0.229,-0.113,-0.027,0.185,0.169,0.014,0.121,-0.05,-0.084,-0.274,-0.18,-0.29,-0.48,-0.61,-0.93,-1.05,-1.09,-0.93,-0.76,-0.66,-0.23,-0.25,-0.53,0.09,-0.17,-0.26,-0.02,0.16,0.23,0.21,0.44,0.36,0.49,0.43,0.59,0.41,5,1
2012-06-01,1,6,32.00874,-0.066,-0.083,-0.245,-0.254,-0.229,-0.113,-0.027,0.185,0.169,0.014,0.121,-0.05,-0.084,0.14,-0.18,-0.29,-0.48,-0.61,-0.93,-1.05,-1.09,-0.93,-0.76,-0.66,-0.23,-0.25,0.31,0.09,-0.17,-0.26,-0.02,0.16,0.23,0.21,0.44,0.36,0.49,0.43,0.59,6,1
2012-07-01,1,9,61.933823,0.125,-0.066,-0.083,-0.245,-0.254,-0.229,-0.113,-0.027,0.185,0.169,0.014,0.121,-0.05,0.44,0.14,-0.18,-0.29,-0.48,-0.61,-0.93,-1.05,-1.09,-0.93,-0.76,-0.66,-0.23,0.3,0.31,0.09,-0.17,-0.26,-0.02,0.16,0.23,0.21,0.44,0.36,0.49,0.43,7,1
2012-08-01,1,10,76.145676,0.294,0.125,-0.066,-0.083,-0.245,-0.254,-0.229,-0.113,-0.027,0.185,0.169,0.014,0.121,0.66,0.44,0.14,-0.18,-0.29,-0.48,-0.61,-0.93,-1.05,-1.09,-0.93,-0.76,-0.66,0.52,0.3,0.31,0.09,-0.17,-0.26,-0.02,0.16,0.23,0.21,0.44,0.36,0.49,8,1
2012-09-01,1,12,79.0133,0.376,0.294,0.125,-0.066,-0.083,-0.245,-0.254,-0.229,-0.113,-0.027,0.185,0.169,0.014,0.44,0.66,0.44,0.14,-0.18,-0.29,-0.48,-0.61,-0.93,-1.05,-1.09,-0.93,-0.76,0.72,0.52,0.3,0.31,0.09,-0.17,-0.26,-0.02,0.16,0.23,0.21,0.44,0.36,9,1
2012-10-01,1,7,32.41147,0.226,0.376,0.294,0.125,-0.066,-0.083,-0.245,-0.254,-0.229,-0.113,-0.027,0.185,0.169,0.23,0.44,0.66,0.44,0.14,-0.18,-0.29,-0.48,-0.61,-0.93,-1.05,-1.09,-0.93,0.78,0.72,0.52,0.3,0.31,0.09,-0.17,-0.26,-0.02,0.16,0.23,0.21,0.44,10,1
2012-11-01,0,0,,0.022,0.226,0.376,0.294,0.125,-0.066,-0.083,-0.245,-0.254,-0.229,-0.113,-0.027,0.185,0.33,0.23,0.44,0.66,0.44,0.14,-0.18,-0.29,-0.48,-0.61,-0.93,-1.05,-1.09,0.75,0.78,0.72,0.52,0.3,0.31,0.09,-0.17,-0.26,-0.02,0.16,0.23,0.21,11,0
2012-12-01,0,0,,0.213,0.022,0.226,0.376,0.294,0.125,-0.066,-0.083,-0.245,-0.254,-0.229,-0.113,-0.027,-0.13,0.33,0.23,0.44,0.66,0.44,0.14,-0.18,-0.29,-0.48,-0.61,-0.93,-1.05,0.55,0.75,0.78,0.72,0.52,0.3,0.31,0.09,-0.17,-0.26,-0.02,0.16,0.23,12,0
2013-01-01,0,0,,0.054,0.213,0.022,0.226,0.376,0.294,0.125,-0.066,-0.083,-0.245,-0.254,-0.229,-0.113,-0.42,-0.13,0.33,0.23,0.44,0.66,0.44,0.14,-0.18,-0.29,-0.48,-0.61,-0.93,0.44,0.55,0.75,0.78,0.72,0.52,0.3,0.31,0.09,-0.17,-0.26,-0.02,0.16,1,0
2013-02-01,0,0,,0.233,0.054,0.213,0.022,0.226,0.376,0.294,0.125,-0.066,-0.083,-0.245,-0.254,-0.229,-0.4,-0.42,-0.13,0.33,0.23,0.44,0.66,0.44,0.14,-0.18,-0.29,-0.48,-0.61,0.4,0.44,0.55,0.75,0.78,0.72,0.52,0.3,0.31,0.09,-0.17,-0.26,-0.02,2,0
2013-03-01,0,0,,0.126,0.233,0.054,0.213,0.022,0.226,0.376,0.294,0.125,-0.066,-0.083,-0.245,-0.254,-0.14,-0.4,-0.42,-0.13,0.33,0.23,0.44,0.66,0.44,0.14,-0.18,-0.29,-0.48,0.7,0.4,0.44,0.55,0.75,0.78,0.72,0.52,0.3,0.31,0.09,-0.17,-0.26,3,0
2013-04-01,0,0,,-0.142,0.126,0.233,0.054,0.213,0.022,0.226,0.376,0.294,0.125,-0.066,-0.083,-0.245,-0.08,-0.14,-0.4,-0.42,-0.13,0.33,0.23,0.44,0.66,0.44,0.14,-0.18,-0.29,0.53,0.7,0.4,0.44,0.55,0.75,0.78,0.72,0.52,0.3,0.31,0.09,-0.17,4,0
2013-05-01,1,1,11.751355,-0.287,-0.142,0.126,0.233,0.054,0.213,0.022,0.226,0.376,0.294,0.125,-0.066,-0.083,-0.28,-0.08,-0.14,-0.4,-0.42,-0.13,0.33,0.23,0.44,0.66,0.44,0.14,-0.18,0.64,0.53,0.7,0.4,0.44,0.55,0.75,0.78,0.72,0.52,0.3,0.31,0.09,5,1
2013-06-01,1,3,24.734234,-0.269,-0.287,-0.142,0.126,0.233,0.054,0.213,0.022,0.226,0.376,0.294,0.125,-0.066,-0.33,-0.28,-0.08,-0.14,-0.4,-0.42,-0.13,0.33,0.23,0.44,0.66,0.44,0.14,0.32,0.64,0.53,0.7,0.4,0.44,0.55,0.75,0.78,0.72,0.52,0.3,0.31,6,1
2013-07-01,1,4,53.89398,-0.123,-0.269,-0.287,-0.142,0.126,0.233,0.054,0.213,0.022,0.226,0.376,0.294,0.125,-0.28,-0.33,-0.28,-0.08,-0.14,-0.4,-0.42,-0.13,0.33,0.23,0.44,0.66,0.44,0.34,0.32,0.64,0.53,0.7,0.4,0.44,0.55,0.75,0.78,0.72,0.52,0.3,7,1
2013-08-01,1,10,101.13345,-0.119,-0.123,-0.269,-0.287,-0.142,0.126,0.233,0.054,0.213,0.022,0.226,0.376,0.294,-0.29,-0.28,-0.33,-0.28,-0.08,-0.14,-0.4,-0.42,-0.13,0.33,0.23,0.44,0.66,0.56,0.34,0.32,0.64,0.53,0.7,0.4,0.44,0.55,0.75,0.78,0.72,0.52,8,1
2013-09-01,1,8,58.60125,-0.183,-0.119,-0.123,-0.269,-0.287,-0.142,0.126,0.233,0.054,0.213,0.022,0.226,0.376,-0.09,-0.29,-0.28,-0.33,-0.28,-0.08,-0.14,-0.4,-0.42,-0.13,0.33,0.23,0.44,0.61,0.56,0.34,0.32,0.64,0.53,0.7,0.4,0.44,0.55,0.75,0.78,0.72,9,1
2013-10-01,1,5,40.027122,-0.013,-0.183,-0.119,-0.123,-0.269,-0.287,-0.142,0.126,0.233,0.054,0.213,0.022,0.226,-0.24,-0.09,-0.29,-0.28,-0.33,-0.28,-0.08,-0.14,-0.4,-0.42,-0.13,0.33,0.23,0.66,0.61,0.56,0.34,0.32,0.64,0.53,0.7,0.4,0.44,0.55,0.75,0.78,10,1
2013-11-01,0,0,,0.225,-0.013,-0.183,-0.119,-0.123,-0.269,-0.287,-0.142,0.126,0.233,0.054,0.213,0.022,-0.02,-0.24,-0.09,-0.29,-0.28,-0.33,-0.28,-0.08,-0.14,-0.4,-0.42,-0.13,0.33,0.32,0.66,0.61,0.56,0.34,0.32,0.64,0.53,0.7,0.4,0.44,0.55,0.75,11,0
2013-12-01,0,0,,-0.011,0.225,-0.013,-0.183,-0.119,-0.123,-0.269,-0.287,-0.142,0.126,0.233,0.054,0.213,-0.09,-0.02,-0.24,-0.09,-0.29,-0.28,-0.33,-0.28,-0.08,-0.14,-0.4,-0.42,-0.13,0.27,0.32,0.66,0.61,0.56,0.34,0.32,0.64,0.53,0.7,0.4,0.44,0.55,12,0
2014-01-01,0,0,,-0.077,-0.011,0.225,-0.013,-0.183,-0.119,-0.123,-0.269,-0.287,-0.142,0.126,0.233,0.054,-0.42,-0.09,-0.02,-0.24,-0.09,-0.29,-0.28,-0.33,-0.28,-0.08,-0.14,-0.4,-0.42,0.13,0.27,0.32,0.66,0.61,0.56,0.34,0.32,0.64,0.53,0.7,0.4,0.44,1,0
2014-02-01,0,0,,-0.088,-0.077,-0.011,0.225,-0.013,-0.183,-0.119,-0.123,-0.269,-0.287,-0.142,0.126,0.233,-0.45,-0.42,-0.09,-0.02,-0.24,-0.09,-0.29,-0.28,-0.33,-0.28,-0.08,-0.14,-0.4,-0.08,0.13,0.27,0.32,0.66,0.61,0.56,0.34,0.32,0.64,0.53,0.7,0.4,2,0
2014-03-01,0,0,,-0.099,-0.088,-0.077,-0.011,0.225,-0.013,-0.183,-0.119,-0.123,-0.269,-0.287,-0.142,0.126,-0.07,-0.45,-0.42,-0.09,-0.02,-0.24,-0.09,-0.29,-0.28,-0.33,-0.28,-0.08,-0.14,-0.35,-0.08,0.13,0.27,0.32,0.66,0.61,0.56,0.34,0.32,0.64,0.53,0.7,3,0
2014-04-01,0,0,,0.021,-0.099,-0.088,-0.077,-0.011,0.225,-0.013,-0.183,-0.119,-0.123,-0.269,-0.287,-0.142,0.28,-0.07,-0.45,-0.42,-0.09,-0.02,-0.24,-0.09,-0.29,-0.28,-0.33,-0.28,-0.08,-0.21,-0.35,-0.08,0.13,0.27,0.32,0.66,0.61,0.56,0.34,0.32,0.64,0.53,4,0
2014-05-01,1,7,28.967836,0.163,0.021,-0.099,-0.088,-0.077,-0.011,0.225,-0.013,-0.183,-0.119,-0.123,-0.269,-0.287,0.45,0.28,-0.07,-0.45,-0.42,-0.09,-0.02,-0.24,-0.09,-0.29,-0.28,-0.33,-0.28,-0.06,-0.21,-0.35,-0.08,0.13,0.27,0.32,0.66,0.61,0.56,0.34,0.32,0.64,5,1
2014-06-01,1,2,36.11966,0.132,0.163,0.021,-0.099,-0.088,-0.077,-0.011,0.225,-0.013,-0.183,-0.119,-0.123,-0.269,0.48,0.45,0.28,-0.07,-0.45,-0.42,-0.09,-0.02,-0.24,-0.09,-0.29,-0.28,-0.33,-0.05,-0.06,-0.21,-0.35,-0.08,0.13,0.27,0.32,0.66,0.61,0.56,0.34,0.32,6,1
2014-07-01,1,6,43.099922,0.03,0.132,0.163,0.021,-0.099,-0.088,-0.077,-0.011,0.225,-0.013,-0.183,-0.119,-0.123,0.13,0.48,0.45,0.28,-0.07,-0.45,-0.42,-0.09,-0.02,-0.24,-0.09,-0.29,-0.28,0.14,-0.05,-0.06,-0.21,-0.35,-0.08,0.13,0.27,0.32,0.66,0.61,0.56,0.34,7,1
2014-08-01,1,5,193.93799,-0.075,0.03,0.132,0.163,0.021,-0.099,-0.088,-0.077,-0.011,0.225,-0.013,-0.183,-0.119,0.14,0.13,0.48,0.45,0.28,-0.07,-0.45,-0.42,-0.09,-0.02,-0.24,-0.09,-0.29,0.23,0.14,-0.05,-0.06,-0.21,-0.35,-0.08,0.13,0.27,0.32,0.66,0.61,0.56,8,1
2014-09-01,1,8,57.381317,-0.005,-0.075,0.03,0.132,0.163,0.021,-0.099,-0.088,-0.077,-0.011,0.225,-0.013,-0.183,0.37,0.14,0.13,0.48,0.45,0.28,-0.07,-0.45,-0.42,-0.09,-0.02,-0.24,-0.09,0.51,0.23,0.14,-0.05,-0.06,-0.21,-0.35,-0.08,0.13,0.27,0.32,0.66,0.61,9,1
2014-10-01,1,4,24.966785,0.151,-0.005,-0.075,0.03,0.132,0.163,0.021,-0.099,-0.088,-0.077,-0.011,0.225,-0.013,0.48,0.37,0.14,0.13,0.48,0.45,0.28,-0.07,-0.45,-0.42,-0.09,-0.02,-0.24,0.56,0.51,0.23,0.14,-0.05,-0.06,-0.21,-0.35,-0.08,0.13,0.27,0.32,0.66,10,1
2014-11-01,0,0,,0.27,0.151,-0.005,-0.075,0.03,0.132,0.163,0.021,-0.099,-0.088,-0.077,-0.011,0.225,0.89,0.48,0.37,0.14,0.13,0.48,0.45,0.28,-0.07,-0.45,-0.42,-0.09,-0.02,0.35,0.56,0.51,0.23,0.14,-0.05,-0.06,-0.21,-0.35,-0.08,0.13,0.27,0.32,11,0
2014-12-01,0,0,,0.175,0.27,0.151,-0.005,-0.075,0.03,0.132,0.163,0.021,-0.099,-0.088,-0.077,-0.011,0.77,0.89,0.48,0.37,0.14,0.13,0.48,0.45,0.28,-0.07,-0.45,-0.42,-0.09,0.34,0.35,0.56,0.51,0.23,0.14,-0.05,-0.06,-0.21,-0.35,-0.08,0.13,0.27,12,0
2015-01-01,0,0,,-0.083,0.175,0.27,0.151,-0.005,-0.075,0.03,0.132,0.163,0.021,-0.099,-0.088,-0.077,0.59,0.77,0.89,0.48,0.37,0.14,0.13,0.48,0.45,0.28,-0.07,-0.45,-0.42,0.17,0.34,0.35,0.56,0.51,0.23,0.14,-0.05,-0.06,-0.21,-0.35,-0.08,0.13,1,0
2015-02-01,0,0,,-0.153,-0.083,0.175,0.27,0.151,-0.005,-0.075,0.03,0.132,0.163,0.021,-0.099,-0.088,0.57,0.59,0.77,0.89,0.48,0.37,0.14,0.13,0.48,0.45,0.28,-0.07,-0.45,0.11,0.17,0.34,0.35,0.56,0.51,0.23,0.14,-0.05,-0.06,-0.21,-0.35,-0.08,2,0
2015-03-01,0,0,,-0.016,-0.153,-0.083,0.175,0.27,0.151,-0.005,-0.075,0.03,0.132,0.163,0.021,-0.099,0.48,0.57,0.59,0.77,0.89,0.48,0.37,0.14,0.13,0.48,0.45,0.28,-0.07,-0.11,0.11,0.17,0.34,0.35,0.56,0.51,0.23,0.14,-0.05,-0.06,-0.21,-0.35,3,0
2015-04-01,0,0,,0.129,-0.016,-0.153,-0.083,0.175,0.27,0.151,-0.005,-0.075,0.03,0.132,0.163,0.021,0.9,0.48,0.57,0.59,0.77,0.89,0.48,0.37,0.14,0.13,0.48,0.45,0.28,-0.24,-0.11,0.11,0.17,0.34,0.35,0.56,0.51,0.23,0.14,-0.05,-0.06,-0.21,4,0
2015-05-01,1,2,11.725855,0.447,0.129,-0.016,-0.153,-0.083,0.175,0.27,0.151,-0.005,-0.075,0.03,0.132,0.163,1.04,0.9,0.48,0.57,0.59,0.77,0.89,0.48,0.37,0.14,0.13,0.48,0.45,0.08,-0.24,-0.11,0.11,0.17,0.34,0.35,0.56,0.51,0.23,0.14,-0.05,-0.06,5,1
2015-06-01,1,1,11.056979,0.43,0.447,0.129,-0.016,-0.153,-0.083,0.175,0.27,0.151,-0.005,-0.075,0.03,0.132,1.28,1.04,0.9,0.48,0.57,0.59,0.77,0.89,0.48,0.37,0.14,0.13,0.48,-0.07,0.08,-0.24,-0.11,0.11,0.17,0.34,0.35,0.56,0.51,0.23,0.14,-0.05,6,1
2015-07-01,1,6,85.69566,0.518,0.43,0.447,0.129,-0.016,-0.153,-0.083,0.175,0.27,0.151,-0.005,-0.075,0.03,1.56,1.28,1.04,0.9,0.48,0.57,0.59,0.77,0.89,0.48,0.37,0.14,0.13,0.16,-0.07,0.08,-0.24,-0.11,0.11,0.17,0.34,0.35,0.56,0.51,0.23,0.14,7,1
2015-08-01,1,12,127.101105,0.59,0.518,0.43,0.447,0.129,-0.016,-0.153,-0.083,0.175,0.27,0.151,-0.005,-0.075,1.87,1.56,1.28,1.04,0.9,0.48,0.57,0.59,0.77,0.89,0.48,0.37,0.14,0.43,0.16,-0.07,0.08,-0.24,-0.11,0.11,0.17,0.34,0.35,0.56,0.51,0.23,8,1
2015-09-01,1,10,73.49162,0.595,0.59,0.518,0.43,0.447,0.129,-0.016,-0.153,-0.083,0.175,0.27,0.151,-0.005,2.01,1.87,1.56,1.28,1.04,0.9,0.48,0.57,0.59,0.77,0.89,0.48,0.37,0.72,0.43,0.16,-0.07,0.08,-0.24,-0.11,0.11,0.17,0.34,0.35,0.56,0.51,9,1
2015-10-01,1,9,53.42309,0.588,0.595,0.59,0.518,0.43,0.447,0.129,-0.016,-0.153,-0.083,0.175,0.27,0.151,2.21,2.01,1.87,1.56,1.28,1.04,0.9,0.48,0.57,0.59,0.77,0.89,0.48,0.93,0.72,0.43,0.16,-0.07,0.08,-0.24,-0.11,0.11,0.17,0.34,0.35,0.56,10,1
2015-11-01,1,1,9.825269,0.6,0.588,0.595,0.59,0.518,0.43,0.447,0.129,-0.016,-0.153,-0.083,0.175,0.27,2.57,2.21,2.01,1.87,1.56,1.28,1.04,0.9,0.48,0.57,0.59,0.77,0.89,0.49,0.93,0.72,0.43,0.16,-0.07,0.08,-0.24,-0.11,0.11,0.17,0.34,0.35,11,0
2015-12-01,0,0,,0.767,0.6,0.588,0.595,0.59,0.518,0.43,0.447,0.129,-0.016,-0.153,-0.083,0.175,2.56,2.57,2.21,2.01,1.87,1.56,1.28,1.04,0.9,0.48,0.57,0.59,0.77,0.42,0.49,0.93,0.72,0.43,0.16,-0.07,0.08,-0.24,-0.11,0.11,0.17,0.34,12,0
2016-01-01,0,0,,0.796,0.767,0.6,0.588,0.595,0.59,0.518,0.43,0.447,0.129,-0.016,-0.153,-0.083,2.56,2.56,2.57,2.21,2.01,1.87,1.56,1.28,1.04,0.9,0.48,0.57,0.59,0.5,0.42,0.49,0.93,0.72,0.43,0.16,-0.07,0.08,-0.24,-0.11,0.11,0.17,1,0
2016-02-01,0,0,,0.449,0.796,0.767,0.6,0.588,0.595,0.59,0.518,0.43,0.447,0.129,-0.016,-0.153,2.11,2.56,2.56,2.57,2.21,2.01,1.87,1.56,1.28,1.04,0.9,0.48,0.57,0.45,0.5,0.42,0.49,0.93,0.72,0.43,0.16,-0.07,0.08,-0.24,-0.11,0.11,2,0
2016-03-01,0,0,,0.844,0.449,0.796,0.767,0.6,0.588,0.595,0.59,0.518,0.43,0.447,0.129,-0.016,1.6,2.11,2.56,2.56,2.57,2.21,2.01,1.87,1.56,1.28,1.04,0.9,0.48,0.39,0.45,0.5,0.42,0.49,0.93,0.72,0.43,0.16,-0.07,0.08,-0.24,-0.11,3,0
2016-04-01,1,1,8.410407,0.707,0.844,0.449,0.796,0.767,0.6,0.588,0.595,0.59,0.518,0.43,0.447,0.129,1.05,1.6,2.11,2.56,2.56,2.57,2.21,2.01,1.87,1.56,1.28,1.04,0.9,0.32,0.39,0.45,0.5,0.42,0.49,0.93,0.72,0.43,0.16,-0.07,0.08,-0.24,4,0
2016-05-01,0,0,,0.429,0.707,0.844,0.449,0.796,0.767,0.6,0.588,0.595,0.59,0.518,0.43,0.447,0.45,1.05,1.6,2.11,2.56,2.56,2.57,2.21,2.01,1.87,1.56,1.28,1.04,0.38,0.32,0.39,0.45,0.5,0.42,0.49,0.93,0.72,0.43,0.16,-0.07,0.08,5,1
2016-06-01,1,1,17.177153,0.105,0.429,0.707,0.844,0.449,0.796,0.767,0.6,0.588,0.595,0.59,0.518,0.43,0.06,0.45,1.05,1.6,2.11,2.56,2.56,2.57,2.21,2.01,1.87,1.56,1.28,0.39,0.38,0.32,0.39,0.45,0.5,0.42,0.49,0.93,0.72,0.43,0.16,-0.07,6,1
2016-07-01,1,9,68.08245,-0.138,0.105,0.429,0.707,0.844,0.449,0.796,0.767,0.6,0.588,0.595,0.59,0.518,-0.25,0.06,0.45,1.05,1.6,2.11,2.56,2.56,2.57,2.21,2.01,1.87,1.56,0.37,0.39,0.38,0.32,0.39,0.45,0.5,0.42,0.49,0.93,0.72,0.43,0.16,7,1
2016-08-01,1,6,93.80754,0.154,-0.138,0.105,0.429,0.707,0.844,0.449,0.796,0.767,0.6,0.588,0.595,0.59,-0.48,-0.25,0.06,0.45,1.05,1.6,2.11,2.56,2.56,2.57,2.21,2.01,1.87,0.49,0.37,0.39,0.38,0.32,0.39,0.45,0.5,0.42,0.49,0.93,0.72,0.43,8,1
2016-09-01,1,6,76.091606,0.064,0.154,-0.138,0.105,0.429,0.707,0.844,0.449,0.796,0.767,0.6,0.588,0.595,-0.46,-0.48,-0.25,0.06,0.45,1.05,1.6,2.11,2.56,2.56,2.57,2.21,2.01,0.39,0.49,0.37,0.39,0.38,0.32,0.39,0.45,0.5,0.42,0.49,0.93,0.72,9,1
2016-10-01,1,3,12.461588,-0.007,0.064,0.154,-0.138,0.105,0.429,0.707,0.844,0.449,0.796,0.767,0.6,0.588,-0.75,-0.46,-0.48,-0.25,0.06,0.45,1.05,1.6,2.11,2.56,2.56,2.57,2.21,0.55,0.39,0.49,0.37,0.39,0.38,0.32,0.39,0.45,0.5,0.42,0.49,0.93,10,1
2016-11-01,1,1,5.79739,-0.001,-0.007,0.064,0.154,-0.138,0.105,0.429,0.707,0.844,0.449,0.796,0.767,0.6,-0.63,-0.75,-0.46,-0.48,-0.25,0.06,0.45,1.05,1.6,2.11,2.56,2.56,2.57,0.46,0.55,0.39,0.49,0.37,0.39,0.38,0.32,0.39,0.45,0.5,0.42,0.49,11,0
2016-12-01,0,0,,0.117,-0.001,-0.007,0.064,0.154,-0.138,0.105,0.429,0.707,0.844,0.449,0.796,0.767,-0.51,-0.63,-0.75,-0.46,-0.48,-0.25,0.06,0.45,1.05,1.6,2.11,2.56,2.56,0.52,0.46,0.55,0.39,0.49,0.37,0.39,0.38,0.32,0.39,0.45,0.5,0.42,12,0
2017-01-01,0,0,,0.044,0.117,-0.001,-0.007,0.064,0.154,-0.138,0.105,0.429,0.707,0.844,0.449,0.796,-0.34,-0.51,-0.63,-0.75,-0.46,-0.48,-0.25,0.06,0.45,1.05,1.6,2.11,2.56,0.49,0.52,0.46,0.55,0.39,0.49,0.37,0.39,0.38,0.32,0.39,0.45,0.5,1,0
2017-02-01,0,0,,0.058,0.044,0.117,-0.001,-0.007,0.064,0.154,-0.138,0.105,0.429,0.707,0.844,0.449,-0.01,-0.34,-0.51,-0.63,-0.75,-0.46,-0.48,-0.25,0.06,0.45,1.05,1.6,2.11,0.23,0.49,0.52,0.46,0.55,0.39,0.49,0.37,0.39,0.38,0.32,0.39,0.45,2,0
2017-03-01,0,0,,0.03,0.058,0.044,0.117,-0.001,-0.007,0.064,0.154,-0.138,0.105,0.429,0.707,0.844,-0.09,-0.01,-0.34,-0.51,-0.63,-0.75,-0.46,-0.48,-0.25,0.06,0.45,1.05,1.6,0.13,0.23,0.49,0.52,0.46,0.55,0.39,0.49,0.37,0.39,0.38,0.32,0.39,3,0
2017-04-01,1,1,5.5346503,0.121,0.03,0.058,0.044,0.117,-0.001,-0.007,0.064,0.154,-0.138,0.105,0.429,0.707,0.22,-0.09,-0.01,-0.34,-0.51,-0.63,-0.75,-0.46,-0.48,-0.25,0.06,0.45,1.05,0.47,0.13,0.23,0.49,0.52,0.46,0.55,0.39,0.49,0.37,0.39,0.38,0.32,4,0
2017-05-01,1,4,29.035599,0.303,0.121,0.03,0.058,0.044,0.117,-0.001,-0.007,0.064,0.154,-0.138,0.105,0.429,0.3,0.22,-0.09,-0.01,-0.34,-0.51,-0.63,-0.75,-0.46,-0.48,-0.25,0.06,0.45,0.58,0.47,0.13,0.23,0.49,0.52,0.46,0.55,0.39,0.49,0.37,0.39,0.38,5,1
2017-06-01,1,8,43.823135,0.197,0.303,0.121,0.03,0.058,0.044,0.117,-0.001,-0.007,0.064,0.154,-0.138,0.105,0.22,0.3,0.22,-0.09,-0.01,-0.34,-0.51,-0.63,-0.75,-0.46,-0.48,-0.25,0.06,0.6,0.58,0.47,0.13,0.23,0.49,0.52,0.46,0.55,0.39,0.49,0.37,0.39,6,1
2017-07-01,1,6,76.67176,0.426,0.197,0.303,0.121,0.03,0.058,0.044,0.117,-0.001,-0.007,0.064,0.154,-0.138,0.22,0.22,0.3,0.22,-0.09,-0.01,-0.34,-0.51,-0.63,-0.75,-0.46,-0.48,-0.25,0.6,0.6,0.58,0.47,0.13,0.23,0.49,0.52,0.46,0.55,0.39,0.49,0.37,7,1
2017-08-01,1,10,98.15205,0.43,0.426,0.197,0.303,0.121,0.03,0.058,0.044,0.117,-0.001,-0.007,0.064,0.154,-0.18,0.22,0.22,0.3,0.22,-0.09,-0.01,-0.34,-0.51,-0.63,-0.75,-0.46,-0.48,0.67,0.6,0.6,0.58,0.47,0.13,0.23,0.49,0.52,0.46,0.55,0.39,0.49,8,1
2017-09-01,1,6,49.683075,0.176,0.43,0.426,0.197,0.303,0.121,0.03,0.058,0.044,0.117,-0.001,-0.007,0.064,-0.56,-0.18,0.22,0.22,0.3,0.22,-0.09,-0.01,-0.34,-0.51,-0.63,-0.75,-0.46,0.52,0.67,0.6,0.6,0.58,0.47,0.13,0.23,0.49,0.52,0.46,0.55,0.39,9,1
2017-10-01,1,2,18.912111,0.254,0.176,0.43,0.426,0.197,0.303,0.121,0.03,0.058,0.044,0.117,-0.001,-0.007,-0.52,-0.56,-0.18,0.22,0.22,0.3,0.22,-0.09,-0.01,-0.34,-0.51,-0.63,-0.75,0.45,0.52,0.67,0.6,0.6,0.58,0.47,0.13,0.23,0.49,0.52,0.46,0.55,10,1
2017-11-01,0,0,,0.095,0.254,0.176,0.43,0.426,0.197,0.303,0.121,0.03,0.058,0.044,0.117,-0.001,-0.84,-0.52,-0.56,-0.18,0.22,0.22,0.3,0.22,-0.09,-0.01,-0.34,-0.51,-0.63,0.53,0.45,0.52,0.67,0.6,0.6,0.58,0.47,0.13,0.23,0.49,0.52,0.46,11,0
2017-12-01,0,0,,-0.18,0.095,0.254,0.176,0.43,0.426,0.197,0.303,0.121,0.03,0.058,0.044,0.117,-0.85,-0.84,-0.52,-0.56,-0.18,0.22,0.22,0.3,0.22,-0.09,-0.01,-0.34,-0.51,0.54,0.53,0.45,0.52,0.67,0.6,0.6,0.58,0.47,0.13,0.23,0.49,0.52,12,0
2018-01-01,0,0,,-0.388,-0.18,0.095,0.254,0.176,0.43,0.426,0.197,0.303,0.121,0.03,0.058,0.044,-0.86,-0.85,-0.84,-0.52,-0.56,-0.18,0.22,0.22,0.3,0.22,-0.09,-0.01,-0.34,0.28,0.54,0.53,0.45,0.52,0.67,0.6,0.6,0.58,0.47,0.13,0.23,0.49,1,0
2018-02-01,0,0,,0.067,-0.388,-0.18,0.095,0.254,0.176,0.43,0.426,0.197,0.303,0.121,0.03,0.058,-0.73,-0.86,-0.85,-0.84,-0.52,-0.56,-0.18,0.22,0.22,0.3,0.22,-0.09,-0.01,-0.09,0.28,0.54,0.53,0.45,0.52,0.67,0.6,0.6,0.58,0.47,0.13,0.23,2,0
2018-03-01,0,0,,-0.022,0.067,-0.388,-0.18,0.095,0.254,0.176,0.43,0.426,0.197,0.303,0.121,0.03,-0.73,-0.73,-0.86,-0.85,-0.84,-0.52,-0.56,-0.18,0.22,0.22,0.3,0.22,-0.09,0.02,-0.09,0.28,0.54,0.53,0.45,0.52,0.67,0.6,0.6,0.58,0.47,0.13,3,0
2018-04-01,0,0,,0.051,-0.022,0.067,-0.388,-0.18,0.095,0.254,0.176,0.43,0.426,0.197,0.303,0.121,-0.36,-0.73,-0.73,-0.86,-0.85,-0.84,-0.52,-0.56,-0.18,0.22,0.22,0.3,0.22,-0.17,0.02,-0.09,0.28,0.54,0.53,0.45,0.52,0.67,0.6,0.6,0.58,0.47,4,0
2018-05-01,0,0,,0.05,0.051,-0.022,0.067,-0.388,-0.18,0.095,0.254,0.176,0.43,0.426,0.197,0.303,-0.12,-0.36,-0.73,-0.73,-0.86,-0.85,-0.84,-0.52,-0.56,-0.18,0.22,0.22,0.3,-0.4,-0.17,0.02,-0.09,0.28,0.54,0.53,0.45,0.52,0.67,0.6,0.6,0.58,5,1
2018-06-01,1,5,37.518517,-0.026,0.05,0.051,-0.022,0.067,-0.388,-0.18,0.095,0.254,0.176,0.43,0.426,0.197,0.12,-0.12,-0.36,-0.73,-0.73,-0.86,-0.85,-0.84,-0.52,-0.56,-0.18,0.22,0.22,-0.48,-0.4,-0.17,0.02,-0.09,0.28,0.54,0.53,0.45,0.52,0.67,0.6,0.6,6,1
2018-07-01,1,7,80.501114,-0.144,-0.026,0.05,0.051,-0.022,0.067,-0.388,-0.18,0.095,0.254,0.176,0.43,0.426,0.27,0.12,-0.12,-0.36,-0.73,-0.73,-0.86,-0.85,-0.84,-0.52,-0.56,-0.18,0.22,-0.21,-0.48,-0.4,-0.17,0.02,-0.09,0.28,0.54,0.53,0.45,0.52,0.67,0.6,7,1
2018-08-01,1,3,75.499054,-0.012,-0.144,-0.026,0.05,0.051,-0.022,0.067,-0.388,-0.18,0.095,0.254,0.176,0.43,0.05,0.27,0.12,-0.12,-0.36,-0.73,-0.73,-0.86,-0.85,-0.84,-0.52,-0.56,-0.18,0.01,-0.21,-0.48,-0.4,-0.17,0.02,-0.09,0.28,0.54,0.53,0.45,0.52,0.67,8,1
2018-09-01,1,6,86.331795,0.329,-0.012,-0.144,-0.026,0.05,0.051,-0.022,0.067,-0.388,-0.18,0.095,0.254,0.176,0.3,0.05,0.27,0.12,-0.12,-0.36,-0.73,-0.73,-0.86,-0.85,-0.84,-0.52,-0.56,0.33,0.01,-0.21,-0.48,-0.4,-0.17,0.02,-0.09,0.28,0.54,0.53,0.45,0.52,9,1
2018-10-01,1,6,39.874672,0.389,0.329,-0.012,-0.144,-0.026,0.05,0.051,-0.022,0.067,-0.388,-0.18,0.095,0.254,0.84,0.3,0.05,0.27,0.12,-0.12,-0.36,-0.73,-0.73,-0.86,-0.85,-0.84,-0.52,0.29,0.33,0.01,-0.21,-0.48,-0.4,-0.17,0.02,-0.09,0.28,0.54,0.53,0.45,10,1
2018-11-01,0,0,,0.367,0.389,0.329,-0.012,-0.144,-0.026,0.05,0.051,-0.022,0.067,-0.388,-0.18,0.095,1.0,0.84,0.3,0.05,0.27,0.12,-0.12,-0.36,-0.73,-0.73,-0.86,-0.85,-0.84,-0.01,0.29,0.33,0.01,-0.21,-0.48,-0.4,-0.17,0.02,-0.09,0.28,0.54,0.53,11,0
2018-12-01,0,0,,0.321,0.367,0.389,0.329,-0.012,-0.144,-0.026,0.05,0.051,-0.022,0.067,-0.388,-0.18,0.97,1.0,0.84,0.3,0.05,0.27,0.12,-0.12,-0.36,-0.73,-0.73,-0.86,-0.85,-0.04,-0.01,0.29,0.33,0.01,-0.21,-0.48,-0.4,-0.17,0.02,-0.09,0.28,0.54,12,0
2019-01-01,0,0,,0.393,0.321,0.367,0.389,0.329,-0.012,-0.144,-0.026,0.05,0.051,-0.022,0.067,-0.388,0.51,0.97,1.0,0.84,0.3,0.05,0.27,0.12,-0.12,-0.36,-0.73,-0.73,-0.86,0.08,-0.04,-0.01,0.29,0.33,0.01,-0.21,-0.48,-0.4,-0.17,0.02,-0.09,0.28,1,0
2019-02-01,0,0,,0.303,0.393,0.321,0.367,0.389,0.329,-0.012,-0.144,-0.026,0.05,0.051,-0.022,0.067,0.62,0.51,0.97,1.0,0.84,0.3,0.05,0.27,0.12,-0.12,-0.36,-0.73,-0.73,0.14,0.08,-0.04,-0.01,0.29,0.33,0.01,-0.21,-0.48,-0.4,-0.17,0.02,-0.09,2,0
2019-03-01,0,0,,0.253,0.303,0.393,0.321,0.367,0.389,0.329,-0.012,-0.144,-0.026,0.05,0.051,-0.022,0.81,0.62,0.51,0.97,1.0,0.84,0.3,0.05,0.27,0.12,-0.12,-0.36,-0.73,0.01,0.14,0.08,-0.04,-0.01,0.29,0.33,0.01,-0.21,-0.48,-0.4,-0.17,0.02,3,0
2019-04-01,0,0,,0.377,0.253,0.303,0.393,0.321,0.367,0.389,0.329,-0.012,-0.144,-0.026,0.05,0.051,0.67,0.81,0.62,0.51,0.97,1.0,0.84,0.3,0.05,0.27,0.12,-0.12,-0.36,-0.02,0.01,0.14,0.08,-0.04,-0.01,0.29,0.33,0.01,-0.21,-0.48,-0.4,-0.17,4,0
2019-05-01,0,0,,0.471,0.377,0.253,0.303,0.393,0.321,0.367,0.389,0.329,-0.012,-0.144,-0.026,0.05,0.61,0.67,0.81,0.62,0.51,0.97,1.0,0.84,0.3,0.05,0.27,0.12,-0.12,0.12,-0.02,0.01,0.14,0.08,-0.04,-0.01,0.29,0.33,0.01,-0.21,-0.48,-0.4,5,1
2019-06-01,1,2,47.089077,0.507,0.471,0.377,0.253,0.303,0.393,0.321,0.367,0.389,0.329,-0.012,-0.144,-0.026,0.66,0.61,0.67,0.81,0.62,0.51,0.97,1.0,0.84,0.3,0.05,0.27,0.12,0.3,0.12,-0.02,0.01,0.14,0.08,-0.04,-0.01,0.29,0.33,0.01,-0.21,-0.48,6,1
2019-07-01,1,2,40.20317,0.333,0.507,0.471,0.377,0.253,0.303,0.393,0.321,0.367,0.389,0.329,-0.012,-0.144,0.41,0.66,0.61,0.67,0.81,0.62,0.51,0.97,1.0,0.84,0.3,0.05,0.27,0.37,0.3,0.12,-0.02,0.01,0.14,0.08,-0.04,-0.01,0.29,0.33,0.01,-0.21,7,1
2019-08-01,1,9,101.74882,0.252,0.333,0.507,0.471,0.377,0.253,0.303,0.393,0.321,0.367,0.389,0.329,-0.012,0.19,0.41,0.66,0.61,0.67,0.81,0.62,0.51,0.97,1.0,0.84,0.3,0.05,0.42,0.37,0.3,0.12,-0.02,0.01,0.14,0.08,-0.04,-0.01,0.29,0.33,0.01,8,1
2019-09-01,1,4,78.186966,0.257,0.252,0.333,0.507,0.471,0.377,0.253,0.303,0.393,0.321,0.367,0.389,0.329,0.11,0.19,0.41,0.66,0.61,0.67,0.81,0.62,0.51,0.97,1.0,0.84,0.3,0.57,0.42,0.37,0.3,0.12,-0.02,0.01,0.14,0.08,-0.04,-0.01,0.29,0.33,9,1
2019-10-01,1,7,42.537888,0.719,0.257,0.252,0.333,0.507,0.471,0.377,0.253,0.303,0.393,0.321,0.367,0.389,0.55,0.11,0.19,0.41,0.66,0.61,0.67,0.81,0.62,0.51,0.97,1.0,0.84,0.44,0.57,0.42,0.37,0.3,0.12,-0.02,0.01,0.14,0.08,-0.04,-0.01,0.29,10,1
2019-11-01,0,0,,0.667,0.719,0.257,0.252,0.333,0.507,0.471,0.377,0.253,0.303,0.393,0.321,0.367,0.74,0.55,0.11,0.19,0.41,0.66,0.61,0.67,0.81,0.62,0.51,0.97,1.0,0.26,0.44,0.57,0.42,0.37,0.3,0.12,-0.02,0.01,0.14,0.08,-0.04,-0.01,11,0
2019-12-01,0,0,,0.479,0.667,0.719,0.257,0.252,0.333,0.507,0.471,0.377,0.253,0.303,0.393,0.321,0.51,0.74,0.55,0.11,0.19,0.41,0.66,0.61,0.67,0.81,0.62,0.51,0.97,0.25,0.26,0.44,0.57,0.42,0.37,0.3,0.12,-0.02,0.01,0.14,0.08,-0.04,12,0
2020-01-01,0,0,,0.676,0.479,0.667,0.719,0.257,0.252,0.333,0.507,0.471,0.377,0.253,0.303,0.393,0.64,0.51,0.74,0.55,0.11,0.19,0.41,0.66,0.61,0.67,0.81,0.62,0.51,0.25,0.25,0.26,0.44,0.57,0.42,0.37,0.3,0.12,-0.02,0.01,0.14,0.08,1,0
2020-02-01,0,0,,0.575,0.676,0.479,0.667,0.719,0.257,0.252,0.333,0.507,0.471,0.377,0.253,0.303,0.48,0.64,0.51,0.74,0.55,0.11,0.19,0.41,0.66,0.61,0.67,0.81,0.62,0.5,0.25,0.25,0.26,0.44,0.57,0.42,0.37,0.3,0.12,-0.02,0.01,0.14,2,0
2020-03-01,0,0,,0.387,0.575,0.676,0.479,0.667,0.719,0.257,0.252,0.333,0.507,0.471,0.377,0.253,0.36,0.48,0.64,0.51,0.74,0.55,0.11,0.19,0.41,0.66,0.61,0.67,0.81,0.73,0.5,0.25,0.25,0.26,0.44,0.57,0.42,0.37,0.3,0.12,-0.02,0.01,3,0
2020-04-01,0,0,,0.511,0.387,0.575,0.676,0.479,0.667,0.719,0.257,0.252,0.333,0.507,0.471,0.377,0.49,0.36,0.48,0.64,0.51,0.74,0.55,0.11,0.19,0.41,0.66,0.61,0.67,0.62,0.73,0.5,0.25,0.25,0.26,0.44,0.57,0.42,0.37,0.3,0.12,-0.02,4,0
2020-05-01,0,0,,0.434,0.511,0.387,0.575,0.676,0.479,0.667,0.719,0.257,0.252,0.333,0.507,0.471,-0.12,0.49,0.36,0.48,0.64,0.51,0.74,0.55,0.11,0.19,0.41,0.66,0.61,0.52,0.62,0.73,0.5,0.25,0.25,0.26,0.44,0.57,0.42,0.37,0.3,0.12,5,1
2020-06-01,1,6,59.83029,0.514,0.434,0.511,0.387,0.575,0.676,0.479,0.667,0.719,0.257,0.252,0.333,0.507,-0.21,-0.12,0.49,0.36,0.48,0.64,0.51,0.74,0.55,0.11,0.19,0.41,0.66,0.72,0.52,0.62,0.73,0.5,0.25,0.25,0.26,0.44,0.57,0.42,0.37,0.3,6,1
2020-07-01,1,14,92.497284,0.443,0.514,0.434,0.511,0.387,0.575,0.676,0.479,0.667,0.719,0.257,0.252,0.333,-0.04,-0.21,-0.12,0.49,0.36,0.48,0.64,0.51,0.74,0.55,0.11,0.19,0.41,0.65,0.72,0.52,0.62,0.73,0.5,0.25,0.25,0.26,0.44,0.57,0.42,0.37,7,1
2020-08-01,1,7,90.23691,0.107,0.443,0.514,0.434,0.511,0.387,0.575,0.676,0.479,0.667,0.719,0.257,0.252,-0.42,-0.04,-0.21,-0.12,0.49,0.36,0.48,0.64,0.51,0.74,0.55,0.11,0.19,0.59,0.65,0.72,0.52,0.62,0.73,0.5,0.25,0.25,0.26,0.44,0.57,0.42,8,1
2020-09-01,1,12,83.642784,0.004,0.107,0.443,0.514,0.434,0.511,0.387,0.575,0.676,0.479,0.667,0.719,0.257,-0.66,-0.42,-0.04,-0.21,-0.12,0.49,0.36,0.48,0.64,0.51,0.74,0.55,0.11,0.52,0.59,0.65,0.72,0.52,0.62,0.73,0.5,0.25,0.25,0.26,0.44,0.57,9,1
2020-10-01,1,7,30.3883,0.155,0.004,0.107,0.443,0.514,0.434,0.511,0.387,0.575,0.676,0.479,0.667,0.719,-1.19,-0.66,-0.42,-0.04,-0.21,-0.12,0.49,0.36,0.48,0.64,0.51,0.74,0.55,0.61,0.52,0.59,0.65,0.72,0.52,0.62,0.73,0.5,0.25,0.25,0.26,0.44,10,1
2020-11-01,0,0,,0.103,0.155,0.004,0.107,0.443,0.514,0.434,0.511,0.387,0.575,0.676,0.479,0.667,-1.01,-1.19,-0.66,-0.42,-0.04,-0.21,-0.12,0.49,0.36,0.48,0.64,0.51,0.74,0.39,0.61,0.52,0.59,0.65,0.72,0.52,0.62,0.73,0.5,0.25,0.25,0.26,11,0
2020-12-01,0,0,,0.035,0.103,0.155,0.004,0.107,0.443,0.514,0.434,0.511,0.387,0.575,0.676,0.479,-0.98,-1.01,-1.19,-0.66,-0.42,-0.04,-0.21,-0.12,0.49,0.36,0.48,0.64,0.51,0.46,0.39,0.61,0.52,0.59,0.65,0.72,0.52,0.62,0.73,0.5,0.25,0.25,12,0
2021-01-01,0,0,,-0.077,0.035,0.103,0.155,0.004,0.107,0.443,0.514,0.434,0.511,0.387,0.575,0.676,-1.04,-0.98,-1.01,-1.19,-0.66,-0.42,-0.04,-0.21,-0.12,0.49,0.36,0.48,0.64,0.52,0.46,0.39,0.61,0.52,0.59,0.65,0.72,0.52,0.62,0.73,0.5,0.25,1,0
2021-02-01,0,0,,0.061,-0.077,0.035,0.103,0.155,0.004,0.107,0.443,0.514,0.434,0.511,0.387,0.575,-0.94,-1.04,-0.98,-1.01,-1.19,-0.66,-0.42,-0.04,-0.21,-0.12,0.49,0.36,0.48,0.41,0.52,0.46,0.39,0.61,0.52,0.59,0.65,0.72,0.52,0.62,0.73,0.5,2,0
2021-03-01,0,0,,0.131,0.061,-0.077,0.035,0.103,0.155,0.004,0.107,0.443,0.514,0.434,0.511,0.387,-0.72,-0.94,-1.04,-0.98,-1.01,-1.19,-0.66,-0.42,-0.04,-0.21,-0.12,0.49,0.36,0.14,0.41,0.52,0.46,0.39,0.61,0.52,0.59,0.65,0.72,0.52,0.62,0.73,3,0
2021-04-01,0,0,,0.035,0.131,0.061,-0.077,0.035,0.103,0.155,0.004,0.107,0.443,0.514,0.434,0.511,-0.55,-0.72,-0.94,-1.04,-0.98,-1.01,-1.19,-0.66,-0.42,-0.04,-0.21,-0.12,0.49,0.32,0.14,0.41,0.52,0.46,0.39,0.61,0.52,0.59,0.65,0.72,0.52,0.62,4,0
2021-05-01,1,1,15.870099,0.035,0.035,0.131,0.061,-0.077,0.035,0.103,0.155,0.004,0.107,0.443,0.514,0.434,-0.41,-0.55,-0.72,-0.94,-1.04,-0.98,-1.01,-1.19,-0.66,-0.42,-0.04,-0.21,-0.12,0.24,0.32,0.14,0.41,0.52,0.46,0.39,0.61,0.52,0.59,0.65,0.72,0.52,5,1
2021-06-01,1,4,33.989017,-0.014,0.035,0.035,0.131,0.061,-0.077,0.035,0.103,0.155,0.004,0.107,0.443,0.514,-0.06,-0.41,-0.55,-0.72,-0.94,-1.04,-0.98,-1.01,-1.19,-0.66,-0.42,-0.04,-0.21,0.14,0.24,0.32,0.14,0.41,0.52,0.46,0.39,0.61,0.52,0.59,0.65,0.72,6,1
2021-07-01,1,2,61.578907,0.092,-0.014,0.035,0.035,0.131,0.061,-0.077,0.035,0.103,0.155,0.004,0.107,0.443,-0.2,-0.06,-0.41,-0.55,-0.72,-0.94,-1.04,-0.98,-1.01,-1.19,-0.66,-0.42,-0.04,0.25,0.14,0.24,0.32,0.14,0.41,0.52,0.46,0.39,0.61,0.52,0.59,0.65,7,1
2021-08-01,1,11,79.540535,0.047,0.092,-0.014,0.035,0.035,0.131,0.061,-0.077,0.035,0.103,0.155,0.004,0.107,-0.38,-0.2,-0.06,-0.41,-0.55,-0.72,-0.94,-1.04,-0.98,-1.01,-1.19,-0.66,-0.42,0.26,0.25,0.14,0.24,0.32,0.14,0.41,0.52,0.46,0.39,0.61,0.52,0.59,8,1
2021-09-01,1,5,93.10952,0.078,0.047,0.092,-0.014,0.035,0.035,0.131,0.061,-0.077,0.035,0.103,0.155,0.004,-0.5,-0.38,-0.2,-0.06,-0.41,-0.55,-0.72,-0.94,-1.04,-0.98,-1.01,-1.19,-0.66,0.54,0.26,0.25,0.14,0.24,0.32,0.14,0.41,0.52,0.46,0.39,0.61,0.52,9,1
2021-10-01,1,6,31.10869,-0.069,0.078,0.047,0.092,-0.014,0.035,0.035,0.131,0.061,-0.077,0.035,0.103,0.155,-0.78,-0.5,-0.38,-0.2,-0.06,-0.41,-0.55,-0.72,-0.94,-1.04,-0.98,-1.01,-1.19,0.46,0.54,0.26,0.25,0.14,0.24,0.32,0.14,0.41,0.52,0.46,0.39,0.61,10,1
2021-11-01,1,1,5.893817,0.035,-0.069,0.078,0.047,0.092,-0.014,0.035,0.035,0.131,0.061,-0.077,0.035,0.103,-0.88,-0.78,-0.5,-0.38,-0.2,-0.06,-0.41,-0.55,-0.72,-0.94,-1.04,-0.98,-1.01,0.42,0.46,0.54,0.26,0.25,0.14,0.24,0.32,0.14,0.41,0.52,0.46,0.39,11,0
2021-12-01,0,0,,0.124,0.035,-0.069,0.078,0.047,0.092,-0.014,0.035,0.035,0.131,0.061,-0.077,0.035,-1.07,-0.88,-0.78,-0.5,-0.38,-0.2,-0.06,-0.41,-0.55,-0.72,-0.94,-1.04,-0.98,0.46,0.42,0.46,0.54,0.26,0.25,0.14,0.24,0.32,0.14,0.41,0.52,0.46,12,0
2022-01-01,0,0,,0.239,0.124,0.035,-0.069,0.078,0.047,0.092,-0.014,0.035,0.035,0.131,0.061,-0.077,-0.77,-1.07,-0.88,-0.78,-0.5,-0.38,-0.2,-0.06,-0.41,-0.55,-0.72,-0.94,-1.04,0.61,0.46,0.42,0.46,0.54,0.26,0.25,0.14,0.24,0.32,0.14,0.41,0.52,1,0
2022-02-01,0,0,,0.037,0.239,0.124,0.035,-0.069,0.078,0.047,0.092,-0.014,0.035,0.035,0.131,0.061,-0.68,-0.77,-1.07,-0.88,-0.78,-0.5,-0.38,-0.2,-0.06,-0.41,-0.55,-0.72,-0.94,0.57,0.61,0.46,0.42,0.46,0.54,0.26,0.25,0.14,0.24,0.32,0.14,0.41,2,0
2022-03-01,0,0,,0.038,0.037,0.239,0.124,0.035,-0.069,0.078,0.047,0.092,-0.014,0.035,0.035,0.131,-0.84,-0.68,-0.77,-1.07,-0.88,-0.78,-0.5,-0.38,-0.2,-0.06,-0.41,-0.55,-0.72,0.08,0.57,0.61,0.46,0.42,0.46,0.54,0.26,0.25,0.14,0.24,0.32,0.14,3,0
2022-04-01,0,0,,0.157,0.038,0.037,0.239,0.124,0.035,-0.069,0.078,0.047,0.092,-0.014,0.035,0.035,-0.9,-0.84,-0.68,-0.77,-1.07,-0.88,-0.78,-0.5,-0.38,-0.2,-0.06,-0.41,-0.55,0.04,0.08,0.57,0.61,0.46,0.42,0.46,0.54,0.26,0.25,0.14,0.24,0.32,4,0
2022-05-01,1,5,37.519184,-0.057,0.157,0.038,0.037,0.239,0.124,0.035,-0.069,0.078,0.047,0.092,-0.014,0.035,-1.02,-0.9,-0.84,-0.68,-0.77,-1.07,-0.88,-0.78,-0.5,-0.38,-0.2,-0.06,-0.41,0.34,0.04,0.08,0.57,0.61,0.46,0.42,0.46,0.54,0.26,0.25,0.14,0.24,5,1
2022-06-01,1,7,46.85489,-0.09,-0.057,0.157,0.038,0.037,0.239,0.124,0.035,-0.069,0.078,0.047,0.092,-0.014,-0.77,-1.02,-0.9,-0.84,-0.68,-0.77,-1.07,-0.88,-0.78,-0.5,-0.38,-0.2,-0.06,0.48,0.34,0.04,0.08,0.57,0.61,0.46,0.42,0.46,0.54,0.26,0.25,0.14,6,1
2022-07-01,1,6,81.95135,-0.231,-0.09,-0.057,0.157,0.038,0.037,0.239,0.124,0.035,-0.069,0.078,0.047,0.092,-0.56,-0.77,-1.02,-0.9,-0.84,-0.68,-0.77,-1.07,-0.88,-0.78,-0.5,-0.38,-0.2,0.32,0.48,0.34,0.04,0.08,0.57,0.61,0.46,0.42,0.46,0.54,0.26,0.25,7,1
2022-08-01,1,5,89.736916,-0.075,-0.231,-0.09,-0.057,0.157,0.038,0.037,0.239,0.124,0.035,-0.069,0.078,0.047,-0.96,-0.56,-0.77,-1.02,-0.9,-0.84,-0.68,-0.77,-1.07,-0.88,-0.78,-0.5,-0.38,0.47,0.32,0.48,0.34,0.04,0.08,0.57,0.61,0.46,0.42,0.46,0.54,0.26,8,1
2022-09-01,1,10,68.260666,-0.095,-0.075,-0.231,-0.09,-0.057,0.157,0.038,0.037,0.239,0.124,0.035,-0.069,0.078,-1.06,-0.96,-0.56,-0.77,-1.02,-0.9,-0.84,-0.68,-0.77,-1.07,-0.88,-0.78,-0.5,0.62,0.47,0.32,0.48,0.34,0.04,0.08,0.57,0.61,0.46,0.42,0.46,0.54,9,1
2022-10-01,1,5,56.44857,-0.349,-0.095,-0.075,-0.231,-0.09,-0.057,0.157,0.038,0.037,0.239,0.124,0.035,-0.069,-0.99,-1.06,-0.96,-0.56,-0.77,-1.02,-0.9,-0.84,-0.68,-0.77,-1.07,-0.88,-0.78,0.5,0.62,0.47,0.32,0.48,0.34,0.04,0.08,0.57,0.61,0.46,0.42,0.46,10,1
2022-11-01,0,0,,-0.135,-0.349,-0.095,-0.075,-0.231,-0.09,-0.057,0.157,0.038,0.037,0.239,0.124,0.035,-0.76,-0.99,-1.06,-0.96,-0.56,-0.77,-1.02,-0.9,-0.84,-0.68,-0.77,-1.07,-0.88,0.33,0.5,0.62,0.47,0.32,0.48,0.34,0.04,0.08,0.57,0.61,0.46,0.42,11,0
2022-12-01,0,0,,-0.001,-0.135,-0.349,-0.095,-0.075,-0.231,-0.09,-0.057,0.157,0.038,0.037,0.239,0.124,-0.86,-0.76,-0.99,-1.06,-0.96,-0.56,-0.77,-1.02,-0.9,-0.84,-0.68,-0.77,-1.07,0.47,0.33,0.5,0.62,0.47,0.32,0.48,0.34,0.04,0.08,0.57,0.61,0.46,12,0
2023-01-01,0,0,,-0.084,-0.001,-0.135,-0.349,-0.095,-0.075,-0.231,-0.09,-0.057,0.157,0.038,0.037,0.239,-0.78,-0.86,-0.76,-0.99,-1.06,-0.96,-0.56,-0.77,-1.02,-0.9,-0.84,-0.68,-0.77,0.47,0.47,0.33,0.5,0.62,0.47,0.32,0.48,0.34,0.04,0.08,0.57,0.61,1,0
2023-02-01,0,0,,-0.057,-0.084,-0.001,-0.135,-0.349,-0.095,-0.075,-0.231,-0.09,-0.057,0.157,0.038,0.037,-0.62,-0.78,-0.86,-0.76,-0.99,-1.06,-0.96,-0.56,-0.77,-1.02,-0.9,-0.84,-0.68,0.22,0.47,0.47,0.33,0.5,0.62,0.47,0.32,0.48,0.34,0.04,0.08,0.57,2,0
2023-03-01,0,0,,0.13,-0.057,-0.084,-0.001,-0.135,-0.349,-0.095,-0.075,-0.231,-0.09,-0.057,0.157,0.038,-0.13,-0.62,-0.78,-0.86,-0.76,-0.99,-1.06,-0.96,-0.56,-0.77,-1.02,-0.9,-0.84,0.64,0.22,0.47,0.47,0.33,0.5,0.62,0.47,0.32,0.48,0.34,0.04,0.08,3,0
2023-04-01,0,0,,0.412,0.13,-0.057,-0.084,-0.001,-0.135,-0.349,-0.095,-0.075,-0.231,-0.09,-0.057,0.157,0.24,-0.13,-0.62,-0.78,-0.86,-0.76,-0.99,-1.06,-0.96,-0.56,-0.77,-1.02,-0.9,0.78,0.64,0.22,0.47,0.47,0.33,0.5,0.62,0.47,0.32,0.48,0.34,0.04,4,0
2023-05-01,1,2,21.835302,0.423,0.412,0.13,-0.057,-0.084,-0.001,-0.135,-0.349,-0.095,-0.075,-0.231,-0.09,-0.057,0.47,0.24,-0.13,-0.62,-0.78,-0.86,-0.76,-0.99,-1.06,-0.96,-0.56,-0.77,-1.02,1.04,0.78,0.64,0.22,0.47,0.47,0.33,0.5,0.62,0.47,0.32,0.48,0.34,5,1
2023-06-01,1,8,32.36551,0.602,0.423,0.412,0.13,-0.057,-0.084,-0.001,-0.135,-0.349,-0.095,-0.075,-0.231,-0.09,0.95,0.47,0.24,-0.13,-0.62,-0.78,-0.86,-0.76,-0.99,-1.06,-0.96,-0.56,-0.77,1.41,1.04,0.78,0.64,0.22,0.47,0.47,0.33,0.5,0.62,0.47,0.32,0.48,6,1
2023-07-01,1,11,84.28549,0.497,0.602,0.423,0.412,0.13,-0.057,-0.084,-0.001,-0.135,-0.349,-0.095,-0.075,-0.231,1.2,0.95,0.47,0.24,-0.13,-0.62,-0.78,-0.86,-0.76,-0.99,-1.06,-0.96,-0.56,1.41,1.41,1.04,0.78,0.64,0.22,0.47,0.47,0.33,0.5,0.62,0.47,0.32,7,1
2023-08-01,1,7,83.859764,0.75,0.497,0.602,0.423,0.412,0.13,-0.057,-0.084,-0.001,-0.135,-0.349,-0.095,-0.075,1.56,1.2,0.95,0.47,0.24,-0.13,-0.62,-0.78,-0.86,-0.76,-0.99,-1.06,-0.96,1.36,1.41,1.41,1.04,0.78,0.64,0.22,0.47,0.47,0.33,0.5,0.62,0.47,8,1
2023-09-01,1,5,48.210533,0.73,0.75,0.497,0.602,0.423,0.412,0.13,-0.057,-0.084,-0.001,-0.135,-0.349,-0.095,1.65,1.56,1.2,0.95,0.47,0.24,-0.13,-0.62,-0.78,-0.86,-0.76,-0.99,-1.06,1.43,1.36,1.41,1.41,1.04,0.78,0.64,0.22,0.47,0.47,0.33,0.5,0.62,9,1
2023-10-01,1,5,45.84014,0.784,0.73,0.75,0.497,0.602,0.423,0.412,0.13,-0.057,-0.084,-0.001,-0.135,-0.349,1.59,1.65,1.56,1.2,0.95,0.47,0.24,-0.13,-0.62,-0.78,-0.86,-0.76,-0.99,1.32,1.43,1.36,1.41,1.41,1.04,0.78,0.64,0.22,0.47,0.47,0.33,0.5,10,1
2023-11-01,0,0,0.0,0.836,0.784,0.73,0.75,0.497,0.602,0.423,0.412,0.13,-0.057,-0.084,-0.001,-0.135,2.01,1.59,1.65,1.56,1.2,0.95,0.47,0.24,-0.13,-0.62,-0.78,-0.86,-0.76,1.09,1.32,1.43,1.36,1.41,1.41,1.04,0.78,0.64,0.22,0.47,0.47,0.33,11,0
2023-12-01,0,0,0.0,1.012,0.836,0.784,0.73,0.75,0.497,0.602,0.423,0.412,0.13,-0.057,-0.084,-0.001,1.81,2.01,1.59,1.65,1.56,1.2,0.95,0.47,0.24,-0.13,-0.62,-0.78,-0.86,1.17,1.09,1.32,1.43,1.36,1.41,1.41,1.04,0.78,0.64,0.22,0.47,0.47,12,0
