{
  "classification_results": {
    "RandomForest": {
      "test_accuracy": 0.9108910891089109,
      "test_precision": 0.9215686274509803,
      "test_recall": 0.9038461538461539,
      "test_f1": 0.9126213592233009,
      "best_params": {
        "max_depth": 10,
        "min_samples_split": 10,
        "n_estimators": 50
      }
    },
    "XGBoost": {
      "test_accuracy": 0.9108910891089109,
      "test_precision": 0.9215686274509803,
      "test_recall": 0.9038461538461539,
      "test_f1": 0.9126213592233009,
      "best_params": {
        "learning_rate": 0.01,
        "max_depth": 3,
        "n_estimators": 50
      }
    },
    "SVM": {
      "test_accuracy": 0.9108910891089109,
      "test_precision": 0.9215686274509803,
      "test_recall": 0.9038461538461539,
      "test_f1": 0.9126213592233009,
      "best_params": {
        "C": 0.1,
        "gamma": "scale",
        "kernel": "linear"
      }
    },
    "Neural_Network": {
      "test_accuracy": 0.900990099009901,
      "test_precision": 0.9038461538461539,
      "test_recall": 0.9038461538461539,
      "test_f1": 0.9038461538461539,
      "best_params": {
        "alpha": 0.01,
        "hidden_layer_sizes": [
          100
        ],
        "learning_rate": "constant"
      }
    }
  },
  "regression_results": {
    "RandomForest_Reg": {
      "test_mse": 182.5676311600567,
      "test_mae": 10.482852259444893,
      "test_r2": 0.7990998571147429,
      "best_params": {
        "max_depth": 10,
        "min_samples_split": 2,
        "n_estimators": 200
      }
    },
    "XGBoost_Reg": {
      "test_mse": 267.1272117396108,
      "test_mae": 13.886661630410414,
      "test_r2": 0.7060492341055827,
      "best_params": {
        "learning_rate": 0.01,
        "max_depth": 6,
        "n_estimators": 200
      }
    },
    "SVR": {
      "test_mse": 891.3347093084813,
      "test_mae": 23.993922297549133,
      "test_r2": 0.019161998647650114,
      "best_params": {
        "C": 1,
        "gamma": "scale",
        "kernel": "linear"
      }
    },
    "Neural_Network_Reg": {
      "test_mse": 1068.6941732836804,
      "test_mae": 25.860178156544446,
      "test_r2": -0.17600699942864084,
      "best_params": {
        "alpha": 0.001,
        "hidden_layer_sizes": [
          50
        ],
        "learning_rate": "constant"
      }
    }
  },
  "data_info": {
    "n_features": 41,
    "n_observations": 507,
    "train_size": 406,
    "test_size": 101,
    "train_period": "1981-10-01 00:00:00 - 2015-07-01 00:00:00",
    "test_period": "2015-08-01 00:00:00 - 2023-12-01 00:00:00"
  },
  "clustering_results": {
    "optimal_k": 2,
    "silhouette_score": 0.19115589310562045,
    "cluster_occurrence_rates": [
      0.5633802816901409,
      0.5170068027210885
    ]
  }
}